# Blender 5.1.1
# www.blender.org
mtllib SpiderOrange.mtl
o Spider
v 0.060867 -0.051823 0.155459
v 0.055174 -0.039168 0.156624
v 0.047440 -0.028886 0.151296
v 0.037670 -0.010876 0.139623
v 0.049882 -0.007673 0.130778
v 0.062993 -0.063461 0.148113
v 0.066383 -0.050377 0.151464
v 0.064728 -0.036662 0.149704
v 0.058472 -0.025992 0.143306
v 0.058857 -0.011005 0.118695
v 0.062189 -0.019980 0.106612
v 0.070436 -0.051882 0.146007
v 0.071749 -0.039269 0.140252
v 0.066580 -0.029002 0.132391
v 0.058986 -0.032192 0.097767
v 0.050106 -0.044370 0.094529
v 0.071941 -0.055935 0.140549
v 0.074356 -0.046290 0.130799
v 0.069590 -0.037110 0.121476
v 0.037928 -0.053250 0.097767
v 0.025715 -0.056453 0.106612
v 0.070495 -0.061451 0.136554
v 0.071850 -0.055844 0.123880
v 0.066696 -0.048142 0.113486
v 0.016741 -0.053121 0.118695
v 0.013408 -0.044147 0.130778
v 0.066484 -0.066952 0.135092
v 0.064903 -0.065371 0.121347
v 0.058674 -0.059142 0.110561
v 0.016612 -0.031934 0.139623
v 0.025492 -0.019756 0.142860
v 0.060983 -0.070963 0.136554
v 0.055376 -0.072318 0.123880
v 0.047673 -0.067164 0.113486
v 0.035250 -0.035718 0.156556
v 0.026370 -0.047896 0.153319
v 0.055467 -0.072410 0.140549
v 0.045822 -0.074824 0.130799
v 0.036641 -0.070058 0.121476
v 0.023167 -0.060109 0.144474
v 0.026499 -0.069083 0.132391
v 0.051414 -0.070904 0.146007
v 0.038801 -0.072217 0.140252
v 0.028534 -0.067048 0.132391
v 0.035473 -0.072416 0.120308
v 0.047686 -0.069212 0.111463
v 0.049908 -0.066851 0.151464
v 0.036194 -0.065196 0.149704
v 0.025524 -0.058941 0.143306
v 0.059864 -0.060332 0.108225
v 0.068744 -0.048154 0.111463
v 0.051355 -0.061335 0.155459
v 0.038700 -0.055642 0.156624
v 0.028418 -0.047909 0.151296
v 0.071947 -0.035942 0.120308
v 0.068615 -0.026967 0.132391
v 0.055366 -0.055834 0.156922
v 0.045647 -0.046115 0.159157
v 0.036440 -0.036908 0.154221
v 0.059640 -0.023635 0.144473
v 0.047428 -0.026838 0.153319
v 0.148633 -0.139414 0.219224
v 0.139130 -0.129915 0.237801
v 0.119129 -0.109915 0.189050
v 0.109626 -0.100417 0.207627
v 0.115803 -0.108929 0.173612
v 0.106948 -0.099363 0.192486
v 0.086414 -0.079545 0.143555
v 0.076979 -0.069399 0.161836
v 0.077821 -0.068615 0.143578
v 0.068319 -0.059117 0.162155
v 0.066949 -0.057744 0.132458
v 0.057446 -0.048246 0.151036
v 0.117921 -0.108707 0.174582
v 0.086636 -0.077427 0.142585
v 0.112554 -0.110361 0.165837
v 0.113463 -0.111270 0.173611
v 0.084074 -0.081886 0.143555
v 0.090257 -0.088068 0.142884
v 0.114895 -0.108020 0.165838
v 0.092597 -0.085727 0.142884
v 0.098667 -0.096477 0.151486
v 0.101008 -0.094136 0.151486
v 0.099721 -0.097529 0.139871
v 0.094044 -0.091853 0.135481
v 0.102061 -0.095188 0.139871
v 0.096384 -0.089512 0.135481
v 0.108419 -0.099208 0.193159
v 0.103892 -0.102420 0.192485
v 0.077133 -0.067928 0.161162
v 0.073923 -0.072456 0.161835
v 0.075003 -0.072351 0.166906
v 0.100927 -0.098269 0.193418
v 0.102797 -0.096398 0.193418
v 0.076874 -0.070480 0.166906
v 0.143952 -0.144096 0.219224
v 0.134450 -0.134597 0.237801
v 0.114448 -0.114597 0.189050
v 0.104946 -0.105099 0.207627
v 0.139272 -0.148777 0.219223
v 0.129769 -0.139279 0.237801
v 0.109768 -0.119279 0.189049
v 0.100265 -0.109781 0.207626
v 0.103738 -0.103890 0.193158
v 0.113241 -0.113389 0.174581
v 0.108782 -0.115952 0.173611
v 0.099212 -0.107101 0.192485
v 0.072452 -0.072610 0.161162
v 0.081955 -0.082109 0.142585
v 0.079393 -0.086568 0.143554
v 0.069242 -0.077138 0.161835
v 0.063638 -0.063798 0.162154
v 0.073141 -0.073297 0.143577
v 0.068460 -0.077979 0.143577
v 0.058958 -0.068480 0.162154
v 0.052766 -0.052928 0.151035
v 0.062268 -0.062426 0.132458
v 0.057588 -0.067108 0.132457
v 0.048085 -0.057610 0.151035
v 0.108560 -0.118070 0.174581
v 0.077275 -0.086790 0.142584
v 0.110214 -0.112702 0.165837
v 0.111122 -0.113611 0.173611
v 0.081733 -0.084227 0.143555
v 0.087917 -0.090409 0.142884
v 0.107874 -0.115043 0.165837
v 0.085576 -0.092750 0.142884
v 0.096327 -0.098818 0.151486
v 0.093987 -0.101159 0.151486
v 0.097381 -0.099870 0.139871
v 0.091703 -0.094194 0.135481
v 0.095040 -0.102211 0.139871
v 0.089363 -0.096535 0.135481
v 0.099058 -0.108572 0.193158
v 0.102268 -0.104045 0.192485
v 0.067772 -0.077292 0.161162
v 0.072299 -0.074081 0.161835
v 0.072193 -0.075162 0.166905
v 0.098117 -0.101080 0.193418
v 0.096246 -0.102951 0.193417
v 0.070323 -0.077033 0.166905
v 0.135466 -0.124030 0.239918
v 0.133248 -0.121812 0.233612
v 0.132906 -0.121468 0.226585
v 0.134491 -0.123052 0.219908
v 0.137762 -0.126322 0.214597
v 0.142222 -0.130781 0.211460
v 0.147191 -0.135748 0.210975
v 0.151913 -0.140469 0.213216
v 0.155669 -0.144225 0.217841
v 0.157887 -0.146443 0.224147
v 0.158230 -0.146786 0.231173
v 0.156645 -0.145202 0.237851
v 0.153373 -0.141932 0.243162
v 0.148914 -0.137474 0.246299
v 0.143944 -0.132506 0.246784
v 0.139222 -0.127785 0.244543
v 0.134607 -0.123309 0.233063
v 0.136568 -0.125270 0.238638
v 0.134304 -0.123005 0.226851
v 0.135705 -0.124406 0.220948
v 0.138597 -0.127297 0.216252
v 0.142540 -0.131238 0.213479
v 0.146933 -0.135630 0.213050
v 0.151108 -0.139804 0.215031
v 0.154429 -0.143124 0.219121
v 0.156390 -0.145085 0.224696
v 0.156693 -0.145388 0.230907
v 0.155291 -0.143988 0.236811
v 0.152399 -0.141097 0.241506
v 0.148456 -0.137155 0.244279
v 0.144063 -0.132763 0.244708
v 0.139889 -0.128590 0.242727
v 0.136252 -0.123264 0.232756
v 0.138069 -0.125081 0.237921
v 0.135971 -0.122983 0.227000
v 0.137270 -0.124280 0.221531
v 0.139949 -0.126959 0.217180
v 0.143602 -0.130610 0.214611
v 0.147673 -0.134680 0.214213
v 0.151541 -0.138547 0.216049
v 0.154617 -0.141623 0.219838
v 0.156434 -0.143440 0.225003
v 0.156715 -0.143721 0.230759
v 0.155416 -0.142423 0.236228
v 0.152737 -0.139745 0.240579
v 0.149084 -0.136093 0.243148
v 0.145013 -0.132024 0.243545
v 0.141145 -0.128157 0.241710
v 0.132868 -0.126629 0.239917
v 0.130650 -0.124411 0.233611
v 0.130307 -0.124068 0.226585
v 0.131892 -0.125652 0.219908
v 0.135164 -0.128922 0.214596
v 0.139623 -0.133380 0.211459
v 0.144592 -0.138348 0.210974
v 0.149314 -0.143069 0.213215
v 0.153070 -0.146824 0.217841
v 0.155289 -0.149042 0.224147
v 0.155631 -0.149385 0.231173
v 0.154046 -0.147801 0.237850
v 0.150775 -0.144531 0.243162
v 0.146315 -0.140073 0.246299
v 0.141346 -0.135105 0.246784
v 0.136624 -0.130384 0.244543
v 0.171171 -0.163500 0.194016
v 0.172331 -0.164661 0.202274
v 0.175638 -0.167968 0.209276
v 0.174277 -0.160393 0.194016
v 0.175440 -0.161555 0.185759
v 0.178749 -0.164862 0.178758
v 0.183701 -0.169812 0.174082
v 0.189541 -0.175651 0.172440
v 0.195381 -0.181489 0.174084
v 0.200331 -0.186439 0.178763
v 0.203638 -0.189745 0.185765
v 0.204799 -0.190906 0.194023
v 0.203636 -0.189744 0.202281
v 0.200327 -0.186437 0.209281
v 0.195375 -0.181487 0.213957
v 0.189535 -0.175648 0.215599
v 0.183695 -0.169810 0.213955
v 0.178745 -0.164861 0.209276
v 0.175438 -0.161554 0.202274
v 0.176991 -0.163272 0.186716
v 0.175963 -0.162245 0.194017
v 0.179917 -0.166196 0.180528
v 0.184295 -0.170572 0.176393
v 0.189458 -0.175734 0.174942
v 0.194621 -0.180895 0.176395
v 0.198997 -0.185271 0.180532
v 0.201921 -0.188194 0.186722
v 0.202947 -0.189221 0.194023
v 0.201918 -0.188193 0.201323
v 0.198993 -0.185269 0.207511
v 0.194615 -0.180893 0.211646
v 0.189452 -0.175731 0.213097
v 0.184289 -0.170570 0.211644
v 0.179913 -0.166194 0.207507
v 0.176989 -0.163271 0.201317
v 0.178917 -0.163177 0.187253
v 0.177964 -0.162225 0.194017
v 0.181628 -0.165887 0.181519
v 0.185684 -0.169941 0.177688
v 0.190468 -0.174724 0.176344
v 0.195251 -0.179506 0.177690
v 0.199306 -0.183560 0.181523
v 0.202015 -0.186269 0.187258
v 0.202965 -0.187219 0.194022
v 0.202013 -0.186268 0.200786
v 0.199302 -0.183558 0.206520
v 0.195246 -0.179504 0.210351
v 0.190462 -0.174721 0.211696
v 0.185679 -0.169939 0.210349
v 0.181624 -0.165885 0.206516
v 0.178915 -0.163176 0.200781
v 0.172334 -0.164662 0.185758
v 0.175643 -0.167970 0.178758
v 0.180595 -0.172920 0.174082
v 0.186435 -0.178758 0.172440
v 0.192275 -0.184597 0.174084
v 0.197225 -0.189546 0.178763
v 0.200532 -0.192853 0.185764
v 0.201692 -0.194013 0.194023
v 0.200529 -0.192852 0.202280
v 0.197220 -0.189544 0.209280
v 0.192269 -0.184594 0.213957
v 0.186428 -0.178755 0.215598
v 0.180588 -0.172917 0.213954
v 0.129244 -0.130254 0.239917
v 0.123021 -0.136479 0.239916
v 0.127025 -0.128036 0.233611
v 0.120802 -0.134261 0.233610
v 0.126683 -0.127693 0.226585
v 0.120460 -0.133918 0.226584
v 0.128268 -0.129277 0.219907
v 0.122045 -0.135502 0.219907
v 0.131539 -0.132547 0.214596
v 0.125316 -0.138772 0.214595
v 0.135999 -0.137005 0.211459
v 0.129776 -0.143230 0.211458
v 0.140968 -0.141973 0.210974
v 0.134745 -0.148198 0.210974
v 0.139467 -0.152919 0.213214
v 0.143223 -0.156674 0.217840
v 0.145441 -0.158892 0.224146
v 0.145784 -0.159235 0.231172
v 0.150422 -0.151427 0.237850
v 0.144199 -0.157651 0.237849
v 0.147150 -0.148157 0.243161
v 0.140928 -0.154381 0.243161
v 0.142691 -0.143698 0.246298
v 0.136468 -0.149923 0.246298
v 0.137722 -0.138731 0.246783
v 0.131499 -0.144955 0.246783
v 0.133000 -0.134010 0.244542
v 0.126777 -0.140234 0.244542
v 0.122300 -0.135619 0.233062
v 0.124261 -0.137580 0.238637
v 0.121997 -0.135316 0.226850
v 0.123398 -0.136716 0.220947
v 0.126291 -0.139607 0.216251
v 0.130233 -0.143548 0.213478
v 0.134627 -0.147940 0.213049
v 0.138801 -0.152114 0.215030
v 0.142122 -0.155434 0.219119
v 0.144083 -0.157395 0.224694
v 0.144386 -0.157698 0.230906
v 0.142984 -0.156298 0.236809
v 0.140092 -0.153407 0.241505
v 0.136149 -0.149465 0.244278
v 0.131756 -0.145074 0.244707
v 0.127582 -0.140900 0.242726
v 0.122256 -0.137264 0.232754
v 0.124072 -0.139081 0.237920
v 0.121975 -0.136983 0.226999
v 0.123273 -0.138280 0.221529
v 0.125953 -0.140959 0.217179
v 0.129606 -0.144611 0.214609
v 0.133676 -0.148680 0.214212
v 0.137544 -0.152547 0.216048
v 0.140621 -0.155623 0.219836
v 0.142438 -0.157440 0.225002
v 0.142718 -0.157721 0.230757
v 0.141420 -0.156424 0.236227
v 0.138740 -0.153745 0.240577
v 0.135087 -0.150093 0.243147
v 0.131017 -0.146024 0.243544
v 0.127149 -0.142157 0.241709
v 0.125619 -0.133880 0.239917
v 0.123401 -0.131662 0.233611
v 0.123058 -0.131318 0.226584
v 0.124643 -0.132902 0.219907
v 0.127915 -0.136172 0.214596
v 0.132375 -0.140631 0.211459
v 0.137344 -0.145598 0.210974
v 0.142066 -0.150319 0.213215
v 0.145822 -0.154075 0.217840
v 0.148040 -0.156293 0.224146
v 0.148383 -0.156636 0.231173
v 0.146798 -0.155052 0.237850
v 0.143526 -0.151782 0.243161
v 0.139066 -0.147324 0.246298
v 0.134097 -0.142356 0.246783
v 0.129375 -0.137635 0.244542
v 0.162505 -0.172168 0.194015
v 0.163666 -0.173329 0.202273
v 0.166973 -0.176636 0.209275
v 0.166838 -0.167834 0.194016
v 0.159399 -0.175275 0.194015
v 0.168001 -0.168996 0.185758
v 0.160562 -0.176437 0.185757
v 0.171310 -0.172304 0.178758
v 0.163871 -0.179745 0.178757
v 0.176262 -0.177254 0.174081
v 0.168823 -0.184695 0.174080
v 0.182102 -0.183092 0.172440
v 0.174663 -0.190533 0.172439
v 0.187942 -0.188930 0.174084
v 0.180503 -0.196372 0.174083
v 0.192892 -0.193880 0.178763
v 0.185453 -0.201321 0.178762
v 0.188760 -0.204628 0.185763
v 0.189921 -0.205789 0.194022
v 0.188758 -0.204627 0.202279
v 0.185448 -0.201319 0.209279
v 0.187936 -0.188928 0.213957
v 0.180497 -0.196369 0.213956
v 0.182095 -0.183089 0.215598
v 0.174656 -0.190531 0.215597
v 0.176256 -0.177251 0.213954
v 0.168817 -0.184692 0.213953
v 0.163866 -0.179743 0.209275
v 0.160559 -0.176436 0.202273
v 0.162279 -0.177988 0.186715
v 0.161251 -0.176961 0.194015
v 0.165205 -0.180912 0.180526
v 0.169582 -0.185288 0.176392
v 0.174746 -0.190450 0.174941
v 0.179909 -0.195612 0.176394
v 0.184285 -0.199987 0.180530
v 0.187209 -0.202911 0.186720
v 0.188234 -0.203937 0.194021
v 0.187206 -0.202910 0.201322
v 0.184281 -0.199985 0.207510
v 0.179903 -0.195609 0.211645
v 0.174740 -0.190448 0.213096
v 0.169577 -0.185286 0.211642
v 0.165201 -0.180911 0.207506
v 0.162277 -0.177987 0.201316
v 0.162185 -0.179914 0.187251
v 0.161232 -0.178962 0.194015
v 0.164896 -0.182623 0.181517
v 0.168952 -0.186678 0.177687
v 0.173736 -0.191460 0.176342
v 0.178519 -0.196242 0.177689
v 0.182574 -0.200297 0.181521
v 0.185283 -0.203005 0.187256
v 0.186233 -0.203956 0.194021
v 0.185281 -0.203004 0.200785
v 0.182570 -0.200295 0.206519
v 0.178514 -0.196240 0.210350
v 0.173730 -0.191458 0.211694
v 0.168947 -0.186676 0.210347
v 0.164892 -0.182622 0.206515
v 0.162183 -0.179913 0.200780
v 0.163668 -0.173330 0.185757
v 0.166977 -0.176638 0.178757
v 0.171929 -0.181587 0.174081
v 0.177769 -0.187426 0.172439
v 0.183609 -0.193264 0.174083
v 0.188560 -0.198214 0.178762
v 0.191867 -0.201520 0.185764
v 0.193027 -0.202681 0.194022
v 0.191864 -0.201519 0.202280
v 0.188555 -0.198212 0.209280
v 0.183603 -0.193262 0.213956
v 0.177763 -0.187423 0.215598
v 0.171923 -0.181585 0.213954
v 0.197360 -0.198347 0.194022
v 0.196199 -0.197187 0.185764
v 0.192888 -0.193878 0.209280
v 0.196197 -0.197185 0.202280
v 0.198191 -0.192075 0.164509
v 0.201890 -0.188375 0.164509
v 0.202677 -0.196129 0.169474
v 0.206160 -0.192644 0.169475
v 0.205777 -0.199084 0.174702
v 0.209188 -0.195671 0.174703
v 0.208133 -0.201225 0.180665
v 0.211437 -0.197920 0.180666
v 0.209623 -0.202500 0.187134
v 0.212819 -0.199303 0.187134
v 0.210198 -0.202852 0.193860
v 0.213283 -0.199767 0.193860
v 0.209958 -0.202146 0.200585
v 0.212809 -0.199294 0.200585
v 0.208738 -0.200583 0.207049
v 0.211417 -0.197903 0.207050
v 0.206481 -0.198327 0.213006
v 0.209160 -0.195647 0.213006
v 0.203531 -0.195206 0.218226
v 0.206124 -0.192612 0.218226
v 0.200006 -0.191337 0.222508
v 0.202427 -0.188916 0.222508
v 0.195906 -0.187005 0.225687
v 0.198210 -0.184701 0.225688
v 0.193509 -0.184505 0.227646
v 0.195761 -0.182253 0.227646
v 0.195381 -0.181867 0.171781
v 0.198298 -0.184784 0.173991
v 0.200854 -0.187340 0.176963
v 0.202951 -0.189436 0.180583
v 0.204508 -0.190993 0.184713
v 0.205465 -0.191951 0.189192
v 0.205786 -0.192272 0.193850
v 0.205458 -0.191945 0.198507
v 0.204494 -0.190981 0.202983
v 0.202931 -0.189419 0.207108
v 0.200829 -0.187318 0.210723
v 0.198269 -0.184758 0.213688
v 0.195348 -0.181839 0.215890
v 0.192180 -0.178672 0.217244
v 0.260940 -0.258445 0.081438
v 0.251524 -0.250443 0.003914
v 0.261680 -0.259976 0.052373
v 0.258440 -0.257197 0.026907
v 0.255932 -0.252254 0.114554
v 0.248178 -0.243401 0.140455
v 0.238060 -0.232135 0.164776
v 0.225851 -0.218821 0.186389
v 0.211316 -0.202389 0.227377
v 0.199286 -0.189870 0.235923
v 0.193544 -0.184467 0.230733
v 0.251033 -0.249798 0.028443
v 0.249570 -0.247925 0.051803
v 0.245214 -0.242885 0.076715
v 0.236604 -0.233267 0.103569
v 0.224708 -0.220165 0.129089
v 0.212870 -0.207281 0.147849
v 0.204556 -0.198320 0.158165
v 0.200736 -0.196681 0.189192
v 0.201057 -0.197002 0.193849
v 0.198222 -0.194166 0.180583
v 0.198202 -0.194149 0.207108
v 0.196100 -0.192048 0.210723
v 0.200730 -0.196675 0.198506
v 0.199779 -0.195723 0.184712
v 0.199766 -0.195712 0.202983
v 0.196563 -0.192509 0.190134
v 0.194585 -0.190533 0.204116
v 0.196813 -0.192759 0.193769
v 0.194601 -0.190546 0.183416
v 0.192945 -0.188893 0.206936
v 0.196558 -0.192504 0.197403
v 0.195816 -0.191761 0.186638
v 0.195805 -0.191752 0.200897
v 0.191066 -0.199202 0.164508
v 0.187367 -0.202902 0.164508
v 0.195121 -0.203687 0.169474
v 0.191637 -0.207172 0.169473
v 0.198077 -0.206786 0.174702
v 0.194665 -0.210199 0.174701
v 0.200217 -0.209142 0.180665
v 0.196913 -0.212447 0.180664
v 0.201492 -0.210633 0.187133
v 0.198296 -0.213830 0.187133
v 0.201844 -0.211208 0.193859
v 0.198759 -0.214294 0.193859
v 0.201137 -0.210969 0.200584
v 0.198286 -0.213822 0.200583
v 0.199573 -0.209751 0.207049
v 0.196894 -0.212430 0.207048
v 0.197316 -0.207494 0.213005
v 0.194637 -0.210174 0.213005
v 0.194194 -0.204546 0.218225
v 0.191601 -0.207140 0.218225
v 0.190324 -0.201023 0.222507
v 0.187903 -0.203444 0.222507
v 0.185990 -0.196924 0.225687
v 0.183686 -0.199228 0.225686
v 0.183489 -0.194528 0.227645
v 0.181238 -0.196780 0.227645
v 0.180857 -0.196395 0.171779
v 0.183774 -0.199312 0.173989
v 0.186330 -0.201867 0.176962
v 0.188427 -0.203964 0.180582
v 0.189984 -0.205521 0.184711
v 0.190942 -0.206478 0.189191
v 0.191263 -0.206800 0.193849
v 0.190935 -0.206472 0.198505
v 0.189971 -0.205509 0.202982
v 0.188408 -0.203947 0.207107
v 0.186305 -0.201845 0.210722
v 0.183745 -0.199286 0.213687
v 0.180825 -0.196366 0.215889
v 0.177657 -0.193199 0.217243
v 0.257461 -0.261925 0.081438
v 0.249463 -0.252504 0.003914
v 0.258995 -0.262661 0.052372
v 0.256218 -0.259420 0.026906
v 0.251266 -0.256922 0.114553
v 0.242409 -0.249172 0.140454
v 0.231137 -0.239060 0.164775
v 0.217818 -0.226857 0.186389
v 0.201378 -0.212330 0.227377
v 0.188855 -0.200304 0.235922
v 0.183450 -0.194563 0.230732
v 0.248816 -0.252015 0.028443
v 0.246941 -0.250555 0.051802
v 0.241897 -0.246203 0.076715
v 0.232274 -0.237598 0.103569
v 0.219167 -0.225708 0.129088
v 0.206278 -0.213875 0.147848
v 0.197314 -0.205564 0.158164
v 0.194629 -0.195638 0.164509
v 0.188497 -0.189515 0.230732
v 0.249925 -0.250907 0.028443
v 0.248255 -0.249240 0.051802
v 0.245293 -0.246287 0.140455
v 0.253599 -0.254588 0.114554
v 0.243556 -0.244544 0.076715
v 0.234599 -0.235597 0.164775
v 0.234439 -0.235432 0.103569
v 0.221835 -0.222839 0.186389
v 0.221938 -0.222937 0.129089
v 0.206347 -0.207359 0.227377
v 0.259201 -0.260185 0.081438
v 0.209574 -0.210578 0.147849
v 0.194071 -0.195087 0.235922
v 0.260338 -0.261319 0.052373
v 0.200935 -0.201942 0.158164
v 0.257329 -0.258309 0.026906
v 0.250494 -0.251473 0.003914
v 0.188499 -0.189517 0.227645
v 0.184918 -0.185936 0.217244
v 0.188119 -0.189131 0.171780
v 0.191036 -0.192048 0.173990
v 0.193592 -0.194603 0.176962
v 0.195689 -0.196700 0.180583
v 0.193567 -0.194582 0.210722
v 0.191007 -0.192022 0.213688
v 0.188086 -0.189103 0.215890
v 0.195671 -0.201748 0.189191
v 0.195992 -0.202069 0.193849
v 0.193156 -0.199234 0.180582
v 0.193137 -0.199216 0.207108
v 0.191034 -0.197115 0.210722
v 0.195664 -0.201742 0.198506
v 0.194713 -0.200791 0.184712
v 0.194700 -0.200779 0.202983
v 0.193283 -0.194295 0.186638
v 0.192068 -0.193080 0.183416
v 0.194030 -0.195042 0.190134
v 0.194280 -0.195293 0.193769
v 0.194025 -0.195038 0.197403
v 0.193272 -0.194286 0.200896
v 0.192052 -0.193067 0.204115
v 0.190412 -0.191427 0.206936
v 0.191497 -0.197576 0.190134
v 0.189520 -0.195600 0.204115
v 0.191748 -0.197827 0.193768
v 0.189535 -0.195614 0.183415
v 0.187879 -0.193960 0.206936
v 0.191492 -0.197571 0.197402
v 0.190750 -0.196829 0.186638
v 0.190739 -0.196819 0.200896
v -0.060787 0.050920 0.155346
v -0.055095 0.038265 0.156511
v -0.047361 0.027982 0.151183
v -0.038097 0.011379 0.140627
v -0.050310 0.008175 0.131782
v -0.062914 0.062558 0.148000
v -0.066303 0.049473 0.151351
v -0.064649 0.035759 0.149592
v -0.058393 0.025089 0.143193
v -0.059285 0.011508 0.119699
v -0.062617 0.020482 0.107616
v -0.070357 0.050978 0.145894
v -0.071670 0.038366 0.140139
v -0.066500 0.028099 0.132278
v -0.059414 0.032695 0.098771
v -0.050533 0.044873 0.095534
v -0.071862 0.055032 0.140436
v -0.074277 0.045387 0.130686
v -0.069511 0.036206 0.121363
v -0.038355 0.053753 0.098771
v -0.026143 0.056956 0.107616
v -0.070415 0.060548 0.136441
v -0.071771 0.054941 0.123767
v -0.066617 0.047238 0.113373
v -0.017168 0.053624 0.119699
v -0.013836 0.044649 0.131782
v -0.066404 0.066048 0.134979
v -0.064824 0.064468 0.121234
v -0.058595 0.058239 0.110448
v -0.017039 0.032437 0.140627
v -0.025919 0.020259 0.143865
v -0.060904 0.070059 0.136441
v -0.055297 0.071415 0.123767
v -0.047594 0.066261 0.113373
v -0.035171 0.034815 0.156443
v -0.026291 0.046993 0.153206
v -0.055388 0.071506 0.140436
v -0.045743 0.073921 0.130686
v -0.036562 0.069155 0.121363
v -0.023087 0.059205 0.144361
v -0.026420 0.068180 0.132278
v -0.051334 0.070001 0.145894
v -0.038721 0.071314 0.140139
v -0.028455 0.066145 0.132278
v -0.035394 0.071512 0.120195
v -0.047607 0.068309 0.111350
v -0.049829 0.065948 0.151351
v -0.036115 0.064293 0.149592
v -0.025445 0.058037 0.143193
v -0.059785 0.059429 0.108112
v -0.068665 0.047251 0.111350
v -0.051276 0.060431 0.155346
v -0.038621 0.054739 0.156511
v -0.028338 0.047005 0.151183
v -0.071868 0.035038 0.120195
v -0.068536 0.026064 0.132278
v -0.055287 0.054931 0.156809
v -0.045568 0.045212 0.159044
v -0.036360 0.036004 0.154108
v -0.059561 0.022731 0.144361
v -0.047349 0.025935 0.153206
v -0.148537 0.138529 0.219110
v -0.139039 0.129027 0.237687
v -0.119039 0.109025 0.188936
v -0.109540 0.099523 0.207513
v -0.115711 0.108040 0.173498
v -0.106861 0.098469 0.192372
v -0.086328 0.078651 0.143441
v -0.076897 0.068500 0.161722
v -0.077738 0.067718 0.143464
v -0.068240 0.058215 0.162041
v -0.066868 0.056846 0.132344
v -0.057370 0.047343 0.150921
v -0.117830 0.107818 0.174468
v -0.086550 0.076532 0.142471
v -0.112462 0.109472 0.165724
v -0.113370 0.110380 0.173498
v -0.083987 0.080991 0.143441
v -0.090168 0.087174 0.142771
v -0.114803 0.107132 0.165724
v -0.092509 0.084834 0.142771
v -0.098577 0.095585 0.151373
v -0.100918 0.093245 0.151372
v -0.099630 0.096639 0.139758
v -0.093953 0.090961 0.135368
v -0.101971 0.094298 0.139758
v -0.096294 0.088621 0.135367
v -0.108332 0.098315 0.193045
v -0.103804 0.101525 0.192372
v -0.077052 0.067030 0.161048
v -0.073841 0.071556 0.161722
v -0.074921 0.071451 0.166792
v -0.100840 0.097374 0.193304
v -0.102711 0.095504 0.193304
v -0.076792 0.069581 0.166792
v -0.143855 0.143210 0.219111
v -0.134357 0.133707 0.237688
v -0.114357 0.113706 0.188937
v -0.104858 0.104203 0.207514
v -0.139173 0.147891 0.219111
v -0.129675 0.138388 0.237688
v -0.109675 0.118387 0.188937
v -0.100177 0.108884 0.207514
v -0.103650 0.102996 0.193045
v -0.113148 0.112499 0.174468
v -0.108689 0.115061 0.173499
v -0.099122 0.106206 0.192372
v -0.072370 0.071710 0.161049
v -0.081868 0.081213 0.142472
v -0.079305 0.085672 0.143442
v -0.069159 0.076237 0.161722
v -0.063558 0.062896 0.162041
v -0.073056 0.072398 0.143464
v -0.068374 0.077079 0.143465
v -0.058876 0.067576 0.162042
v -0.052688 0.052023 0.150922
v -0.062186 0.061526 0.132345
v -0.057504 0.066207 0.132345
v -0.048006 0.056704 0.150922
v -0.108466 0.117179 0.174468
v -0.077186 0.085893 0.142472
v -0.110121 0.111812 0.165724
v -0.111030 0.112720 0.173498
v -0.081646 0.083331 0.143442
v -0.087827 0.089514 0.142771
v -0.107780 0.114152 0.165724
v -0.085486 0.091855 0.142771
v -0.096237 0.097925 0.151373
v -0.093896 0.100266 0.151373
v -0.097289 0.098979 0.139758
v -0.091612 0.093301 0.135368
v -0.094948 0.101319 0.139758
v -0.089271 0.095642 0.135368
v -0.098968 0.107676 0.193046
v -0.102179 0.103150 0.192372
v -0.067688 0.076391 0.161049
v -0.072216 0.073181 0.161722
v -0.072111 0.074261 0.166793
v -0.098029 0.100184 0.193305
v -0.096158 0.102055 0.193305
v -0.070240 0.076132 0.166793
v -0.135377 0.123140 0.239804
v -0.133159 0.120922 0.233498
v -0.132816 0.120579 0.226471
v -0.134400 0.122164 0.219794
v -0.137670 0.125436 0.214483
v -0.142128 0.129895 0.211346
v -0.147096 0.134864 0.210861
v -0.151816 0.139587 0.213102
v -0.155572 0.143343 0.217727
v -0.157790 0.145561 0.224033
v -0.158133 0.145903 0.231060
v -0.156549 0.144318 0.237737
v -0.153279 0.141047 0.243048
v -0.148821 0.136587 0.246185
v -0.143853 0.131618 0.246670
v -0.139132 0.126896 0.244429
v -0.134517 0.122419 0.232949
v -0.136478 0.124380 0.238524
v -0.134213 0.122116 0.226737
v -0.135614 0.123518 0.220834
v -0.138505 0.126410 0.216139
v -0.142446 0.130353 0.213365
v -0.146838 0.134746 0.212937
v -0.151012 0.138920 0.214918
v -0.154332 0.142241 0.219007
v -0.156293 0.144202 0.224582
v -0.156596 0.144505 0.230794
v -0.155196 0.143104 0.236697
v -0.152305 0.140211 0.241392
v -0.148363 0.136269 0.244166
v -0.143972 0.131876 0.244595
v -0.139798 0.127701 0.242613
v -0.136162 0.122375 0.232642
v -0.137979 0.124192 0.237807
v -0.135881 0.122094 0.226886
v -0.137178 0.123392 0.221417
v -0.139857 0.126072 0.217066
v -0.143509 0.129725 0.214497
v -0.147578 0.133796 0.214099
v -0.151445 0.137663 0.215935
v -0.154521 0.140740 0.219724
v -0.156338 0.142557 0.224889
v -0.156619 0.142838 0.230645
v -0.155321 0.141539 0.236114
v -0.152643 0.138860 0.240465
v -0.148991 0.135207 0.243034
v -0.144922 0.131136 0.243432
v -0.141055 0.127268 0.241596
v -0.132778 0.125738 0.239804
v -0.130559 0.123520 0.233498
v -0.130216 0.123178 0.226472
v -0.131800 0.124763 0.219794
v -0.135070 0.128034 0.214483
v -0.139529 0.132494 0.211346
v -0.144496 0.137463 0.210861
v -0.149217 0.142185 0.213102
v -0.152973 0.145941 0.217727
v -0.155191 0.148159 0.224033
v -0.155534 0.148502 0.231060
v -0.153950 0.146917 0.237737
v -0.150680 0.143645 0.243048
v -0.146222 0.139186 0.246185
v -0.141254 0.134217 0.246670
v -0.136533 0.129494 0.244430
v -0.171066 0.162625 0.193903
v -0.172227 0.163785 0.202161
v -0.175534 0.167092 0.209162
v -0.174173 0.159518 0.193902
v -0.175335 0.160681 0.185645
v -0.178643 0.163990 0.178644
v -0.183593 0.168942 0.173968
v -0.189431 0.174782 0.172326
v -0.195270 0.180622 0.173970
v -0.200219 0.185572 0.178649
v -0.203526 0.188879 0.185651
v -0.204687 0.190040 0.193909
v -0.203525 0.188877 0.202167
v -0.200217 0.185568 0.209167
v -0.195267 0.180616 0.213843
v -0.189429 0.174776 0.215485
v -0.183590 0.168936 0.213841
v -0.178641 0.163986 0.209162
v -0.175334 0.160678 0.202160
v -0.176886 0.162398 0.186602
v -0.175859 0.161370 0.193903
v -0.179810 0.165324 0.180414
v -0.184186 0.169702 0.176279
v -0.189348 0.174865 0.174828
v -0.194510 0.180028 0.176281
v -0.198885 0.184404 0.180418
v -0.201809 0.187328 0.186608
v -0.202835 0.188354 0.193909
v -0.201808 0.187326 0.201209
v -0.198883 0.184400 0.207397
v -0.194507 0.180022 0.211532
v -0.189346 0.174859 0.212983
v -0.184184 0.169696 0.211530
v -0.179809 0.165320 0.207393
v -0.176885 0.162396 0.201203
v -0.178812 0.162304 0.187139
v -0.177860 0.161352 0.193903
v -0.181521 0.165015 0.181405
v -0.185576 0.169071 0.177574
v -0.190358 0.173855 0.176230
v -0.195140 0.178638 0.177576
v -0.199195 0.182693 0.181409
v -0.201903 0.185402 0.187144
v -0.202854 0.186353 0.193908
v -0.201902 0.185400 0.200672
v -0.199193 0.182689 0.206406
v -0.195138 0.178633 0.210237
v -0.190356 0.173849 0.211581
v -0.185574 0.169066 0.210235
v -0.181519 0.165011 0.206402
v -0.178811 0.162302 0.200667
v -0.172228 0.163787 0.185645
v -0.175536 0.167097 0.178645
v -0.180485 0.172048 0.173968
v -0.186324 0.177889 0.172327
v -0.192162 0.183729 0.173971
v -0.197112 0.188679 0.178649
v -0.200418 0.191986 0.185651
v -0.201579 0.193146 0.193909
v -0.200417 0.191983 0.202167
v -0.197110 0.188674 0.209167
v -0.192160 0.183722 0.213844
v -0.186321 0.177882 0.215485
v -0.180483 0.172042 0.213841
v -0.129152 0.129363 0.239804
v -0.122928 0.135586 0.239805
v -0.126934 0.127145 0.233498
v -0.120709 0.133368 0.233499
v -0.126591 0.126802 0.226472
v -0.120366 0.133025 0.226472
v -0.128175 0.128387 0.219795
v -0.121950 0.134610 0.219795
v -0.131445 0.131658 0.214483
v -0.125220 0.137881 0.214484
v -0.135903 0.136118 0.211346
v -0.129679 0.142341 0.211347
v -0.140871 0.141087 0.210861
v -0.134646 0.147310 0.210862
v -0.139367 0.152032 0.213103
v -0.143123 0.155788 0.217728
v -0.145341 0.158006 0.224034
v -0.145684 0.158349 0.231061
v -0.150325 0.150541 0.237737
v -0.144100 0.156764 0.237738
v -0.147055 0.147270 0.243049
v -0.140830 0.153493 0.243049
v -0.142596 0.142810 0.246186
v -0.136372 0.149033 0.246186
v -0.137629 0.137841 0.246671
v -0.131404 0.144064 0.246671
v -0.132908 0.133119 0.244430
v -0.126683 0.139342 0.244430
v -0.122207 0.134726 0.232950
v -0.124168 0.136687 0.238525
v -0.121903 0.134423 0.226738
v -0.123304 0.135825 0.220835
v -0.126195 0.138717 0.216140
v -0.130136 0.142659 0.213366
v -0.134528 0.147053 0.212938
v -0.138702 0.151227 0.214919
v -0.142022 0.154548 0.219008
v -0.143983 0.156509 0.224583
v -0.144286 0.156812 0.230795
v -0.142886 0.155410 0.236698
v -0.139995 0.152518 0.241394
v -0.136053 0.148576 0.244167
v -0.131661 0.144182 0.244596
v -0.127488 0.140008 0.242615
v -0.122162 0.136371 0.232643
v -0.123979 0.138188 0.237808
v -0.121881 0.136090 0.226888
v -0.123178 0.137389 0.221418
v -0.125857 0.140069 0.217067
v -0.129508 0.143722 0.214498
v -0.133578 0.147792 0.214101
v -0.137445 0.151660 0.215936
v -0.140521 0.154736 0.219725
v -0.142338 0.156553 0.224890
v -0.142619 0.156834 0.230646
v -0.141321 0.155536 0.236115
v -0.138643 0.152856 0.240466
v -0.134991 0.149203 0.243036
v -0.130922 0.145133 0.243433
v -0.127055 0.141265 0.241597
v -0.125527 0.132987 0.239805
v -0.123309 0.130769 0.233499
v -0.122966 0.130426 0.226472
v -0.124550 0.132011 0.219795
v -0.127820 0.135283 0.214484
v -0.132278 0.139743 0.211347
v -0.137246 0.144712 0.210862
v -0.141966 0.149434 0.213103
v -0.145722 0.153190 0.217728
v -0.147940 0.155408 0.224034
v -0.148283 0.155751 0.231061
v -0.146699 0.154166 0.237738
v -0.143429 0.150894 0.243049
v -0.138971 0.146434 0.246186
v -0.134003 0.141465 0.246671
v -0.129282 0.136743 0.244430
v -0.162398 0.171290 0.193903
v -0.163559 0.172450 0.202162
v -0.166866 0.175757 0.209163
v -0.166732 0.166957 0.193903
v -0.159291 0.174396 0.193904
v -0.167894 0.168120 0.185645
v -0.160453 0.175559 0.185646
v -0.171202 0.171429 0.178645
v -0.163760 0.178869 0.178646
v -0.176152 0.176381 0.173968
v -0.168710 0.183820 0.173969
v -0.181990 0.182221 0.172327
v -0.174549 0.189661 0.172328
v -0.187828 0.188061 0.173971
v -0.180387 0.195500 0.173972
v -0.192778 0.193011 0.178650
v -0.185337 0.200451 0.178651
v -0.188643 0.203758 0.185652
v -0.189804 0.204918 0.193910
v -0.188642 0.203755 0.202168
v -0.185335 0.200446 0.209168
v -0.187826 0.188055 0.213844
v -0.180385 0.195494 0.213845
v -0.181987 0.182215 0.215485
v -0.174546 0.189654 0.215486
v -0.176149 0.176375 0.213841
v -0.168708 0.183814 0.213842
v -0.163759 0.178864 0.209163
v -0.160452 0.175557 0.202162
v -0.162170 0.177111 0.186604
v -0.161143 0.176083 0.193904
v -0.165094 0.180036 0.180415
v -0.169470 0.184414 0.176280
v -0.174632 0.189577 0.174829
v -0.179793 0.194740 0.176283
v -0.184169 0.199116 0.180419
v -0.187092 0.202040 0.186609
v -0.188119 0.203066 0.193910
v -0.187091 0.202038 0.201210
v -0.184167 0.199112 0.207399
v -0.179791 0.194734 0.211533
v -0.174629 0.189571 0.212984
v -0.169468 0.184408 0.211531
v -0.165092 0.180032 0.207395
v -0.162169 0.177108 0.201205
v -0.162075 0.179036 0.187140
v -0.161123 0.178084 0.193904
v -0.164785 0.181747 0.181406
v -0.168839 0.185803 0.177576
v -0.173622 0.190587 0.176231
v -0.178404 0.195370 0.177578
v -0.182458 0.199425 0.181410
v -0.185167 0.202134 0.187145
v -0.186117 0.203084 0.193910
v -0.185166 0.202132 0.200674
v -0.182456 0.199421 0.206408
v -0.178402 0.195365 0.210238
v -0.173619 0.190581 0.211583
v -0.168837 0.185798 0.210236
v -0.164783 0.181743 0.206404
v -0.162074 0.179034 0.200669
v -0.163560 0.172453 0.185646
v -0.166868 0.175762 0.178646
v -0.171818 0.180714 0.173969
v -0.177656 0.186554 0.172328
v -0.183495 0.192394 0.173971
v -0.188444 0.197344 0.178650
v -0.191751 0.200651 0.185652
v -0.192911 0.201812 0.193910
v -0.191750 0.200649 0.202168
v -0.188442 0.197339 0.209168
v -0.183492 0.192388 0.213844
v -0.177653 0.186547 0.215486
v -0.171815 0.180708 0.213842
v -0.197245 0.197479 0.193910
v -0.196085 0.196319 0.185651
v -0.192776 0.193007 0.209167
v -0.196083 0.196316 0.202167
v -0.198076 0.191209 0.164396
v -0.201776 0.187510 0.164396
v -0.202561 0.195264 0.169362
v -0.206046 0.191780 0.169361
v -0.205660 0.198220 0.174590
v -0.209073 0.194808 0.174589
v -0.208017 0.200361 0.180552
v -0.211322 0.197057 0.180552
v -0.209507 0.201636 0.187021
v -0.212704 0.198439 0.187021
v -0.210082 0.201988 0.193747
v -0.213168 0.198903 0.193747
v -0.209843 0.201281 0.200472
v -0.212696 0.198429 0.200471
v -0.208625 0.199716 0.206936
v -0.211305 0.197037 0.206936
v -0.206369 0.197459 0.212893
v -0.209048 0.194780 0.212893
v -0.203420 0.194337 0.218113
v -0.206014 0.191744 0.218112
v -0.199897 0.190467 0.222395
v -0.202318 0.188047 0.222394
v -0.195798 0.186133 0.225574
v -0.198102 0.183830 0.225574
v -0.193402 0.183633 0.227533
v -0.195655 0.181381 0.227532
v -0.195269 0.181001 0.171667
v -0.198186 0.183918 0.173877
v -0.200741 0.186474 0.176849
v -0.202838 0.188571 0.180470
v -0.204395 0.190128 0.184599
v -0.205352 0.191085 0.189079
v -0.205674 0.191406 0.193736
v -0.205346 0.191078 0.198393
v -0.204383 0.190114 0.202870
v -0.202821 0.188551 0.206995
v -0.200719 0.186449 0.210610
v -0.198160 0.183888 0.213575
v -0.195241 0.180968 0.215777
v -0.192074 0.177800 0.217131
v -0.260799 0.257605 0.081326
v -0.251378 0.249607 0.003801
v -0.261535 0.259139 0.052260
v -0.258294 0.256361 0.026794
v -0.255796 0.251409 0.114441
v -0.248046 0.242552 0.140342
v -0.237934 0.231280 0.164663
v -0.225731 0.217961 0.186276
v -0.211204 0.201522 0.227264
v -0.199178 0.188999 0.235810
v -0.193437 0.183594 0.230620
v -0.250889 0.248960 0.028331
v -0.249429 0.247084 0.051690
v -0.245077 0.242040 0.076603
v -0.236472 0.232418 0.103456
v -0.224582 0.219310 0.128976
v -0.212749 0.206421 0.147736
v -0.204438 0.197457 0.158052
v -0.200622 0.195814 0.189079
v -0.200943 0.196135 0.193737
v -0.198108 0.193300 0.180470
v -0.198091 0.193280 0.206995
v -0.195989 0.191178 0.210610
v -0.200616 0.195807 0.198394
v -0.199665 0.194857 0.184600
v -0.199653 0.194843 0.202870
v -0.196450 0.191640 0.190021
v -0.194474 0.189663 0.204003
v -0.196701 0.191891 0.193656
v -0.194488 0.189678 0.183303
v -0.192834 0.188022 0.206824
v -0.196445 0.191635 0.197290
v -0.195703 0.190893 0.186526
v -0.195693 0.190883 0.200784
v -0.190949 0.198335 0.164397
v -0.187249 0.202034 0.164397
v -0.195003 0.202820 0.169362
v -0.191518 0.206304 0.169363
v -0.197958 0.205920 0.174590
v -0.194546 0.209332 0.174591
v -0.200099 0.208276 0.180553
v -0.196794 0.211580 0.180554
v -0.201374 0.209766 0.187022
v -0.198177 0.212963 0.187022
v -0.201727 0.210341 0.193748
v -0.198641 0.213426 0.193748
v -0.201020 0.210101 0.200472
v -0.198168 0.212953 0.200473
v -0.199457 0.208882 0.206937
v -0.196777 0.211561 0.206938
v -0.197201 0.206624 0.212894
v -0.194521 0.209303 0.212894
v -0.194080 0.203675 0.218114
v -0.191486 0.206268 0.218114
v -0.190211 0.200150 0.222396
v -0.187790 0.202570 0.222396
v -0.185879 0.196049 0.225575
v -0.183575 0.198353 0.225576
v -0.183379 0.193653 0.227534
v -0.181127 0.195905 0.227534
v -0.180741 0.195524 0.171668
v -0.183658 0.198441 0.173878
v -0.186214 0.200997 0.176851
v -0.188310 0.203094 0.180471
v -0.189867 0.204651 0.184601
v -0.190825 0.205609 0.189080
v -0.191146 0.205930 0.193738
v -0.190819 0.205602 0.198394
v -0.189855 0.204638 0.202871
v -0.188293 0.203075 0.206996
v -0.186192 0.200972 0.210611
v -0.183632 0.198412 0.213576
v -0.180713 0.195492 0.215778
v -0.177546 0.192324 0.217132
v -0.257319 0.261083 0.081326
v -0.249317 0.251667 0.003801
v -0.258850 0.261823 0.052260
v -0.256071 0.258583 0.026794
v -0.251128 0.256075 0.114442
v -0.242275 0.248321 0.140343
v -0.231009 0.238204 0.164663
v -0.217695 0.225995 0.186277
v -0.201263 0.211459 0.227265
v -0.188744 0.199429 0.235811
v -0.183341 0.193687 0.230621
v -0.248672 0.251176 0.028331
v -0.246799 0.249713 0.051690
v -0.241759 0.245358 0.076603
v -0.232141 0.236747 0.103457
v -0.219039 0.224852 0.128977
v -0.206155 0.213013 0.147737
v -0.197194 0.204699 0.158052
v -0.194512 0.194772 0.164397
v -0.188389 0.188641 0.230620
v -0.249781 0.250068 0.028331
v -0.248114 0.248398 0.051690
v -0.245161 0.245437 0.140343
v -0.253462 0.253742 0.114441
v -0.243418 0.243699 0.076603
v -0.234472 0.234742 0.164663
v -0.234306 0.234582 0.103457
v -0.221713 0.221978 0.186277
v -0.221811 0.222081 0.128976
v -0.206233 0.206490 0.227265
v -0.259059 0.259344 0.081326
v -0.209452 0.209717 0.147737
v -0.193961 0.194214 0.235810
v -0.260193 0.260481 0.052260
v -0.200816 0.201078 0.158052
v -0.257182 0.257472 0.026794
v -0.250347 0.250637 0.003801
v -0.188391 0.188643 0.227533
v -0.184810 0.185062 0.217131
v -0.188005 0.188262 0.171668
v -0.190922 0.191179 0.173878
v -0.193477 0.193736 0.176850
v -0.195574 0.195832 0.180471
v -0.193456 0.193711 0.210610
v -0.190896 0.191150 0.213575
v -0.187977 0.188230 0.215777
v -0.195555 0.200880 0.189080
v -0.195876 0.201201 0.193737
v -0.193040 0.198365 0.180471
v -0.193023 0.198346 0.206996
v -0.190922 0.196244 0.210610
v -0.195549 0.200873 0.198394
v -0.194597 0.199922 0.184600
v -0.194586 0.199909 0.202871
v -0.193169 0.193426 0.186526
v -0.191954 0.192211 0.183303
v -0.193916 0.194173 0.190022
v -0.194167 0.194424 0.193656
v -0.193912 0.194168 0.197291
v -0.193160 0.193416 0.200784
v -0.191941 0.192196 0.204003
v -0.190301 0.190555 0.206824
v -0.191383 0.196706 0.190022
v -0.189407 0.194729 0.204004
v -0.191633 0.196957 0.193657
v -0.189420 0.194744 0.183304
v -0.187767 0.193088 0.206824
v -0.191378 0.196701 0.197291
v -0.190635 0.195959 0.186526
v -0.190626 0.195949 0.200784
v -0.051332 -0.061279 0.155346
v -0.038677 -0.055586 0.156511
v -0.028395 -0.047852 0.151183
v -0.009187 -0.037650 0.138559
v -0.005984 -0.049863 0.129714
v -0.062970 -0.063405 0.148000
v -0.049885 -0.066795 0.151351
v -0.036171 -0.065140 0.149592
v -0.025501 -0.058884 0.143193
v -0.009316 -0.058837 0.117631
v -0.018291 -0.062170 0.105548
v -0.051390 -0.070848 0.145894
v -0.038778 -0.072161 0.140139
v -0.028511 -0.066992 0.132278
v -0.030504 -0.058966 0.096703
v -0.042681 -0.050086 0.093465
v -0.055444 -0.072353 0.140436
v -0.045799 -0.074768 0.130687
v -0.036618 -0.070002 0.121363
v -0.051562 -0.037908 0.096703
v -0.054765 -0.025696 0.105548
v -0.060960 -0.070907 0.136441
v -0.055353 -0.072262 0.123767
v -0.047650 -0.067108 0.113373
v -0.051433 -0.016721 0.117631
v -0.042458 -0.013389 0.129714
v -0.066460 -0.066896 0.134979
v -0.064880 -0.065315 0.121234
v -0.058651 -0.059086 0.110448
v -0.030246 -0.016592 0.138559
v -0.018068 -0.025472 0.141797
v -0.070471 -0.061395 0.136441
v -0.071827 -0.055788 0.123767
v -0.066673 -0.048086 0.113373
v -0.035227 -0.035662 0.156444
v -0.047405 -0.026782 0.153206
v -0.071918 -0.055879 0.140436
v -0.074333 -0.046234 0.130686
v -0.069567 -0.037053 0.121363
v -0.059617 -0.023579 0.144361
v -0.068592 -0.026911 0.132278
v -0.070413 -0.051826 0.145894
v -0.071726 -0.039213 0.140139
v -0.066557 -0.028946 0.132278
v -0.071924 -0.035886 0.120195
v -0.068721 -0.048098 0.111350
v -0.066360 -0.050321 0.151351
v -0.064705 -0.036606 0.149592
v -0.058449 -0.025936 0.143193
v -0.059841 -0.060276 0.108112
v -0.047663 -0.069156 0.111350
v -0.060844 -0.051767 0.155346
v -0.055151 -0.039112 0.156511
v -0.047417 -0.028830 0.151183
v -0.035450 -0.072359 0.120195
v -0.026476 -0.069027 0.132278
v -0.055343 -0.055778 0.156809
v -0.045624 -0.046059 0.159044
v -0.036416 -0.036852 0.154108
v -0.023143 -0.060052 0.144361
v -0.026347 -0.047840 0.153206
v -0.139520 -0.149593 0.217836
v -0.130147 -0.140228 0.236547
v -0.109803 -0.119885 0.188080
v -0.100430 -0.110520 0.206790
v -0.108708 -0.116449 0.172673
v -0.099270 -0.107734 0.191676
v -0.079106 -0.086857 0.143033
v -0.069083 -0.077558 0.161450
v -0.068173 -0.078269 0.143193
v -0.058800 -0.068904 0.161903
v -0.057222 -0.067321 0.132227
v -0.047849 -0.057957 0.150938
v -0.108493 -0.118574 0.173629
v -0.076981 -0.087072 0.142076
v -0.110086 -0.113144 0.164913
v -0.111048 -0.114107 0.172673
v -0.081446 -0.084515 0.143033
v -0.087625 -0.090691 0.142275
v -0.107745 -0.115485 0.164912
v -0.085285 -0.093032 0.142275
v -0.096097 -0.099160 0.150758
v -0.093757 -0.101501 0.150757
v -0.097069 -0.100129 0.139129
v -0.091360 -0.094423 0.134819
v -0.094729 -0.102471 0.139128
v -0.089020 -0.096764 0.134819
v -0.099121 -0.109209 0.192340
v -0.102325 -0.104676 0.191676
v -0.067608 -0.077707 0.160786
v -0.072139 -0.074500 0.161451
v -0.072070 -0.075617 0.166514
v -0.098181 -0.101720 0.192659
v -0.096310 -0.103591 0.192659
v -0.070199 -0.077488 0.166514
v -0.144200 -0.144910 0.217837
v -0.134827 -0.135546 0.236547
v -0.114483 -0.115203 0.188081
v -0.105110 -0.105838 0.206791
v -0.148880 -0.140228 0.217838
v -0.139507 -0.130863 0.236548
v -0.119163 -0.110520 0.188082
v -0.109790 -0.101155 0.206792
v -0.103801 -0.104527 0.192340
v -0.113173 -0.113892 0.173630
v -0.115728 -0.109425 0.172674
v -0.107005 -0.099994 0.191677
v -0.072288 -0.073025 0.160787
v -0.081661 -0.082390 0.142077
v -0.086126 -0.079833 0.143034
v -0.076819 -0.069818 0.161452
v -0.063480 -0.064222 0.161904
v -0.072853 -0.073587 0.143194
v -0.077533 -0.068904 0.143194
v -0.068160 -0.059539 0.161905
v -0.052529 -0.053274 0.150939
v -0.061902 -0.062639 0.132228
v -0.066582 -0.057957 0.132229
v -0.057209 -0.048592 0.150939
v -0.117853 -0.109209 0.173631
v -0.086341 -0.077707 0.142078
v -0.112425 -0.110802 0.164913
v -0.113388 -0.111766 0.172674
v -0.083786 -0.082174 0.143033
v -0.089965 -0.088350 0.142276
v -0.114766 -0.108461 0.164913
v -0.092305 -0.086008 0.142276
v -0.098437 -0.096819 0.150758
v -0.100777 -0.094477 0.150759
v -0.099409 -0.097788 0.139129
v -0.093700 -0.092082 0.134819
v -0.101749 -0.095447 0.139130
v -0.096040 -0.089740 0.134820
v -0.108481 -0.099844 0.192341
v -0.103950 -0.103051 0.191677
v -0.076968 -0.068343 0.160788
v -0.073763 -0.072875 0.161451
v -0.074879 -0.072806 0.166515
v -0.100990 -0.098908 0.192660
v -0.102861 -0.097037 0.192660
v -0.076750 -0.070935 0.166515
v -0.124223 -0.136530 0.238653
v -0.121988 -0.134294 0.232359
v -0.121625 -0.133931 0.225335
v -0.123192 -0.135496 0.218649
v -0.126449 -0.138750 0.213319
v -0.130901 -0.143199 0.210157
v -0.135869 -0.148165 0.209644
v -0.140598 -0.152892 0.211859
v -0.144367 -0.156660 0.216463
v -0.146603 -0.158896 0.222757
v -0.146965 -0.159259 0.229781
v -0.145398 -0.157694 0.236467
v -0.142141 -0.154439 0.241797
v -0.137690 -0.149991 0.244959
v -0.132721 -0.145025 0.245471
v -0.127993 -0.140298 0.243257
v -0.123484 -0.135651 0.231803
v -0.125460 -0.137627 0.237366
v -0.123164 -0.135330 0.225592
v -0.124549 -0.136713 0.219681
v -0.127428 -0.139590 0.214970
v -0.131364 -0.143523 0.212174
v -0.135756 -0.147913 0.211721
v -0.139937 -0.152092 0.213679
v -0.143269 -0.155423 0.217749
v -0.145246 -0.157400 0.223313
v -0.145566 -0.157721 0.229523
v -0.144181 -0.156338 0.235434
v -0.141301 -0.153460 0.240146
v -0.137366 -0.149527 0.242941
v -0.132973 -0.145137 0.243395
v -0.128793 -0.140959 0.241437
v -0.123439 -0.137295 0.231491
v -0.125270 -0.139126 0.236646
v -0.123142 -0.136997 0.225737
v -0.124425 -0.138279 0.220260
v -0.127093 -0.140945 0.215894
v -0.130740 -0.144589 0.213304
v -0.134809 -0.148657 0.212884
v -0.138683 -0.152528 0.214698
v -0.141770 -0.155615 0.218470
v -0.143602 -0.157446 0.223625
v -0.143898 -0.157744 0.229379
v -0.142615 -0.156462 0.234855
v -0.139947 -0.153796 0.239221
v -0.136300 -0.150152 0.241811
v -0.132231 -0.146084 0.242231
v -0.128357 -0.142213 0.240417
v -0.126822 -0.133931 0.238653
v -0.124586 -0.131695 0.232360
v -0.124224 -0.131332 0.225335
v -0.125790 -0.132896 0.218649
v -0.129048 -0.136151 0.213319
v -0.133499 -0.140600 0.210158
v -0.138468 -0.145565 0.209645
v -0.143196 -0.150292 0.211859
v -0.146965 -0.154060 0.216464
v -0.149201 -0.156296 0.222757
v -0.149563 -0.156659 0.229782
v -0.147997 -0.155094 0.236468
v -0.144739 -0.151840 0.241797
v -0.140288 -0.147391 0.244959
v -0.135319 -0.142425 0.245472
v -0.130591 -0.137699 0.243258
v -0.163585 -0.172084 0.192541
v -0.164769 -0.173268 0.200793
v -0.168095 -0.176594 0.207776
v -0.160479 -0.175191 0.192541
v -0.161619 -0.176330 0.184277
v -0.164910 -0.179617 0.177258
v -0.169849 -0.184553 0.172554
v -0.175686 -0.190386 0.170880
v -0.181531 -0.196228 0.172491
v -0.186494 -0.201190 0.177142
v -0.189821 -0.204517 0.184125
v -0.191004 -0.205701 0.192377
v -0.189864 -0.204563 0.200641
v -0.186574 -0.201275 0.207659
v -0.181634 -0.196339 0.212364
v -0.175798 -0.190506 0.214038
v -0.169953 -0.184664 0.212426
v -0.164989 -0.179702 0.207775
v -0.161663 -0.176376 0.200793
v -0.163340 -0.177883 0.185225
v -0.162332 -0.176877 0.192531
v -0.166249 -0.180789 0.179020
v -0.170615 -0.185153 0.174861
v -0.175775 -0.190310 0.173381
v -0.180943 -0.195475 0.174806
v -0.185331 -0.199862 0.178918
v -0.188272 -0.202802 0.185091
v -0.189318 -0.203849 0.192386
v -0.188310 -0.202843 0.199692
v -0.185401 -0.199937 0.205897
v -0.181034 -0.195573 0.210056
v -0.175874 -0.190416 0.211536
v -0.170707 -0.185251 0.210112
v -0.166319 -0.180864 0.206000
v -0.163378 -0.177924 0.199826
v -0.163247 -0.179810 0.185757
v -0.162313 -0.178878 0.192526
v -0.165942 -0.182503 0.180007
v -0.169988 -0.186546 0.176154
v -0.174769 -0.191324 0.174783
v -0.179557 -0.196110 0.176103
v -0.183623 -0.200174 0.179912
v -0.186348 -0.202899 0.185632
v -0.187317 -0.203869 0.192391
v -0.186383 -0.202936 0.199161
v -0.183688 -0.200244 0.204910
v -0.179642 -0.196200 0.208763
v -0.174861 -0.191422 0.210134
v -0.170073 -0.186637 0.208815
v -0.166007 -0.182572 0.205005
v -0.163282 -0.179848 0.199285
v -0.164726 -0.173222 0.184277
v -0.168016 -0.176509 0.177259
v -0.172955 -0.181445 0.172554
v -0.178792 -0.187278 0.170880
v -0.184637 -0.193121 0.172492
v -0.189600 -0.198083 0.177143
v -0.192927 -0.201409 0.184126
v -0.194110 -0.202593 0.192377
v -0.192970 -0.201455 0.200641
v -0.189680 -0.198168 0.207660
v -0.184740 -0.193232 0.212364
v -0.178904 -0.187398 0.214038
v -0.173059 -0.181556 0.212427
v -0.130445 -0.130305 0.238654
v -0.136668 -0.124079 0.238655
v -0.128210 -0.128069 0.232360
v -0.134432 -0.121844 0.232361
v -0.127848 -0.127706 0.225336
v -0.134070 -0.121480 0.225337
v -0.129414 -0.129271 0.218650
v -0.135637 -0.123045 0.218651
v -0.132671 -0.132525 0.213320
v -0.138894 -0.126300 0.213321
v -0.137123 -0.136974 0.210158
v -0.143345 -0.130749 0.210159
v -0.142091 -0.141940 0.209645
v -0.148314 -0.135714 0.209647
v -0.153042 -0.140441 0.211861
v -0.156812 -0.144209 0.216465
v -0.159047 -0.146445 0.222759
v -0.159409 -0.146808 0.229783
v -0.151621 -0.151468 0.236468
v -0.157843 -0.145243 0.236469
v -0.148363 -0.148214 0.241798
v -0.154585 -0.141989 0.241799
v -0.143912 -0.143765 0.244960
v -0.150134 -0.137540 0.244961
v -0.138943 -0.138799 0.245473
v -0.145166 -0.132574 0.245474
v -0.134215 -0.134073 0.243258
v -0.140437 -0.127847 0.243259
v -0.135789 -0.123339 0.231805
v -0.137766 -0.125316 0.237369
v -0.135469 -0.123018 0.225595
v -0.136854 -0.124401 0.219684
v -0.139734 -0.127279 0.214972
v -0.143669 -0.131212 0.212177
v -0.148062 -0.135602 0.211723
v -0.152242 -0.139781 0.213681
v -0.155574 -0.143112 0.217752
v -0.157551 -0.145088 0.223315
v -0.157871 -0.145409 0.229526
v -0.156486 -0.144026 0.235436
v -0.153606 -0.141149 0.240148
v -0.149671 -0.137216 0.242944
v -0.145278 -0.132826 0.243397
v -0.141098 -0.128647 0.241439
v -0.137433 -0.123293 0.231493
v -0.139265 -0.125124 0.236648
v -0.137137 -0.122995 0.225739
v -0.138420 -0.124277 0.220262
v -0.141088 -0.126943 0.215897
v -0.144734 -0.130587 0.213307
v -0.148804 -0.134655 0.212887
v -0.152677 -0.138526 0.214701
v -0.155765 -0.141613 0.218472
v -0.157596 -0.143444 0.223627
v -0.157893 -0.143742 0.229381
v -0.156609 -0.142460 0.234858
v -0.153942 -0.139794 0.239224
v -0.150295 -0.136150 0.241814
v -0.146225 -0.132083 0.242234
v -0.142352 -0.128211 0.240420
v -0.134069 -0.126679 0.238654
v -0.131834 -0.124443 0.232361
v -0.131471 -0.124080 0.225336
v -0.133038 -0.125645 0.218650
v -0.136295 -0.128899 0.213321
v -0.140747 -0.133348 0.210159
v -0.145715 -0.138314 0.209646
v -0.150444 -0.143040 0.211860
v -0.154213 -0.146809 0.216465
v -0.156449 -0.149044 0.222758
v -0.156811 -0.149408 0.229783
v -0.155244 -0.147843 0.236469
v -0.151987 -0.144588 0.241798
v -0.147536 -0.140139 0.244960
v -0.142567 -0.135174 0.245473
v -0.137839 -0.130447 0.243259
v -0.172250 -0.163415 0.192543
v -0.173433 -0.164599 0.200795
v -0.176760 -0.167925 0.207778
v -0.167917 -0.167749 0.192542
v -0.175356 -0.160307 0.192543
v -0.169058 -0.168888 0.184278
v -0.176496 -0.161445 0.184279
v -0.172348 -0.172175 0.177260
v -0.179786 -0.164733 0.177261
v -0.177287 -0.177111 0.172555
v -0.184726 -0.169669 0.172556
v -0.183124 -0.182944 0.170881
v -0.190562 -0.175502 0.170882
v -0.188969 -0.188786 0.172492
v -0.196407 -0.181344 0.172494
v -0.193932 -0.193748 0.177143
v -0.201371 -0.186306 0.177145
v -0.204698 -0.189632 0.184128
v -0.205881 -0.190817 0.192379
v -0.204741 -0.189678 0.200643
v -0.201450 -0.186391 0.207662
v -0.189073 -0.188897 0.212365
v -0.196511 -0.181455 0.212366
v -0.183236 -0.183064 0.214039
v -0.190674 -0.175622 0.214040
v -0.177391 -0.177222 0.212428
v -0.184829 -0.169780 0.212429
v -0.179866 -0.164818 0.207778
v -0.176539 -0.161491 0.200795
v -0.178050 -0.163165 0.185228
v -0.177042 -0.162159 0.192534
v -0.180959 -0.166071 0.179023
v -0.185326 -0.170435 0.174864
v -0.190486 -0.175592 0.173384
v -0.195653 -0.180757 0.174808
v -0.200041 -0.185144 0.178920
v -0.202982 -0.188084 0.185094
v -0.204028 -0.189131 0.192389
v -0.203020 -0.188125 0.199695
v -0.200111 -0.185219 0.205900
v -0.195745 -0.180855 0.210059
v -0.190585 -0.175698 0.211539
v -0.185417 -0.170533 0.210114
v -0.181029 -0.166146 0.206002
v -0.178088 -0.163206 0.199829
v -0.179977 -0.163072 0.185759
v -0.179043 -0.162139 0.192529
v -0.182672 -0.165764 0.180010
v -0.186718 -0.169808 0.176157
v -0.191499 -0.174586 0.174786
v -0.196287 -0.179371 0.176106
v -0.200353 -0.183436 0.179915
v -0.203078 -0.186160 0.185635
v -0.204047 -0.187130 0.192394
v -0.203113 -0.186198 0.199164
v -0.200418 -0.183505 0.204913
v -0.196372 -0.179462 0.208766
v -0.191591 -0.174684 0.210137
v -0.186803 -0.169898 0.208818
v -0.182737 -0.165834 0.205008
v -0.180012 -0.163109 0.199288
v -0.173390 -0.164553 0.184279
v -0.176680 -0.167840 0.177260
v -0.181620 -0.172776 0.172556
v -0.187456 -0.178610 0.170882
v -0.193301 -0.184452 0.172493
v -0.198265 -0.189414 0.177144
v -0.201591 -0.192740 0.184127
v -0.202775 -0.193924 0.192379
v -0.201634 -0.192786 0.200643
v -0.198344 -0.189499 0.207661
v -0.193405 -0.184563 0.212366
v -0.187568 -0.178730 0.214040
v -0.181723 -0.172887 0.212429
v -0.198443 -0.198259 0.192378
v -0.197259 -0.197075 0.184126
v -0.194012 -0.193833 0.207661
v -0.197302 -0.197120 0.200642
v -0.192249 -0.199164 0.163015
v -0.188550 -0.202864 0.163014
v -0.196290 -0.203635 0.168004
v -0.192807 -0.207120 0.168003
v -0.199232 -0.206720 0.173248
v -0.195821 -0.210133 0.173248
v -0.201357 -0.209059 0.179223
v -0.198053 -0.212365 0.179223
v -0.202614 -0.210532 0.185700
v -0.199418 -0.213730 0.185699
v -0.202947 -0.211089 0.192428
v -0.199862 -0.214176 0.192427
v -0.202221 -0.210832 0.199150
v -0.199370 -0.213685 0.199149
v -0.200639 -0.209596 0.205607
v -0.197960 -0.212277 0.205607
v -0.198365 -0.207324 0.211551
v -0.195686 -0.210005 0.211551
v -0.195228 -0.204363 0.216754
v -0.192635 -0.206957 0.216754
v -0.191346 -0.200828 0.221016
v -0.188925 -0.203249 0.221015
v -0.187002 -0.196721 0.224172
v -0.184699 -0.199026 0.224172
v -0.184496 -0.194320 0.226117
v -0.182245 -0.196573 0.226117
v -0.182020 -0.196338 0.170250
v -0.184931 -0.199249 0.172476
v -0.187479 -0.201796 0.175462
v -0.189566 -0.203882 0.179094
v -0.191112 -0.205428 0.183232
v -0.192057 -0.206373 0.187717
v -0.192365 -0.206682 0.192376
v -0.192024 -0.206342 0.197031
v -0.191048 -0.205367 0.201502
v -0.189473 -0.203794 0.205619
v -0.187360 -0.201683 0.209222
v -0.184791 -0.199116 0.212173
v -0.181864 -0.196191 0.214359
v -0.178692 -0.193020 0.215696
v -0.258883 -0.262102 0.080300
v -0.251100 -0.252892 0.002728
v -0.260498 -0.262917 0.051241
v -0.257791 -0.259745 0.025758
v -0.252594 -0.257011 0.113384
v -0.243664 -0.249193 0.139239
v -0.232324 -0.239016 0.163501
v -0.218943 -0.226756 0.185044
v -0.202388 -0.212120 0.225947
v -0.189840 -0.200073 0.234425
v -0.184449 -0.194347 0.229204
v -0.250385 -0.252337 0.027254
v -0.248444 -0.250814 0.050604
v -0.243330 -0.246395 0.075491
v -0.233632 -0.237719 0.102294
v -0.220452 -0.225762 0.127745
v -0.207509 -0.213880 0.146437
v -0.198516 -0.205542 0.156705
v -0.196785 -0.201643 0.187717
v -0.197093 -0.201951 0.192377
v -0.194295 -0.199152 0.179095
v -0.194201 -0.199063 0.205620
v -0.192089 -0.196952 0.209223
v -0.196752 -0.201612 0.197032
v -0.195840 -0.200697 0.183233
v -0.195776 -0.200636 0.201503
v -0.192609 -0.197468 0.188637
v -0.190592 -0.195455 0.202607
v -0.192849 -0.197709 0.192273
v -0.190665 -0.195524 0.181908
v -0.188943 -0.193808 0.205419
v -0.192583 -0.197444 0.195906
v -0.191871 -0.196731 0.185137
v -0.191821 -0.196683 0.199395
v -0.199374 -0.192036 0.163016
v -0.203072 -0.188335 0.163017
v -0.203846 -0.196075 0.168005
v -0.207329 -0.192590 0.168006
v -0.206931 -0.199017 0.173250
v -0.210343 -0.195604 0.173250
v -0.209271 -0.201141 0.179225
v -0.212575 -0.197836 0.179225
v -0.210744 -0.202398 0.185701
v -0.213939 -0.199201 0.185702
v -0.211300 -0.202733 0.192429
v -0.214384 -0.199646 0.192430
v -0.211041 -0.202008 0.199151
v -0.213892 -0.199156 0.199152
v -0.209803 -0.200427 0.205609
v -0.212482 -0.197747 0.205609
v -0.207529 -0.198156 0.211553
v -0.210208 -0.195475 0.211553
v -0.204564 -0.195021 0.216756
v -0.207157 -0.192427 0.216756
v -0.201027 -0.191142 0.221017
v -0.203447 -0.188720 0.221018
v -0.196917 -0.186801 0.224174
v -0.199221 -0.184496 0.224174
v -0.194515 -0.184296 0.226119
v -0.196767 -0.182044 0.226119
v -0.196542 -0.181809 0.170252
v -0.199453 -0.184719 0.172478
v -0.202001 -0.187267 0.175465
v -0.204088 -0.189353 0.179097
v -0.205634 -0.190899 0.183234
v -0.206579 -0.191844 0.187719
v -0.206887 -0.192153 0.192378
v -0.206546 -0.191813 0.197033
v -0.205569 -0.190838 0.201505
v -0.203995 -0.189264 0.205621
v -0.201882 -0.187154 0.209224
v -0.199313 -0.184586 0.212176
v -0.196386 -0.181661 0.214361
v -0.193214 -0.178491 0.215698
v -0.262361 -0.258622 0.080300
v -0.253160 -0.250831 0.002728
v -0.263182 -0.260232 0.051241
v -0.260013 -0.257522 0.025759
v -0.257260 -0.252342 0.113385
v -0.249433 -0.243421 0.139240
v -0.239247 -0.232090 0.163502
v -0.226976 -0.218719 0.185046
v -0.212324 -0.202179 0.225949
v -0.200269 -0.189638 0.234427
v -0.194541 -0.184249 0.229206
v -0.252601 -0.250120 0.027254
v -0.251072 -0.248184 0.050605
v -0.246647 -0.243077 0.075492
v -0.237961 -0.233388 0.102295
v -0.225992 -0.220219 0.127746
v -0.214101 -0.207285 0.146438
v -0.205756 -0.198298 0.156706
v -0.195811 -0.195600 0.163016
v -0.189495 -0.189298 0.229205
v -0.251493 -0.251228 0.027254
v -0.249758 -0.249499 0.050604
v -0.246549 -0.246307 0.139240
v -0.254927 -0.254676 0.113384
v -0.244989 -0.244736 0.075491
v -0.235785 -0.235553 0.163501
v -0.235796 -0.235553 0.102295
v -0.222959 -0.222738 0.185045
v -0.223222 -0.222990 0.127746
v -0.207356 -0.207149 0.225948
v -0.260622 -0.260362 0.080300
v -0.210805 -0.210583 0.146438
v -0.195054 -0.194856 0.234426
v -0.261840 -0.261575 0.051241
v -0.202136 -0.201920 0.156706
v -0.258902 -0.258633 0.025758
v -0.252130 -0.251861 0.002728
v -0.189506 -0.189308 0.226118
v -0.185953 -0.185756 0.215697
v -0.189281 -0.189074 0.170251
v -0.192192 -0.191984 0.172477
v -0.194740 -0.194531 0.175463
v -0.196827 -0.196618 0.179095
v -0.194621 -0.194418 0.209223
v -0.192052 -0.191851 0.212174
v -0.189125 -0.188926 0.214360
v -0.201851 -0.196575 0.187718
v -0.202159 -0.196884 0.192378
v -0.199360 -0.194084 0.179096
v -0.199266 -0.193995 0.205620
v -0.197154 -0.191884 0.209224
v -0.201818 -0.196544 0.197033
v -0.200906 -0.195630 0.183233
v -0.200841 -0.195568 0.201504
v -0.194404 -0.194197 0.185137
v -0.193198 -0.192991 0.181908
v -0.195141 -0.194935 0.188637
v -0.195382 -0.195175 0.192273
v -0.195116 -0.194910 0.195906
v -0.194354 -0.194149 0.199395
v -0.193125 -0.192921 0.202608
v -0.191476 -0.191274 0.205420
v -0.197674 -0.192401 0.188638
v -0.195657 -0.190387 0.202608
v -0.197914 -0.192641 0.192274
v -0.195730 -0.190457 0.181909
v -0.194009 -0.188740 0.205420
v -0.197648 -0.192376 0.195906
v -0.196936 -0.191663 0.185138
v -0.196886 -0.191615 0.199396
v -0.056926 -0.057045 0.086749
v -0.020891 -0.077850 0.086749
v 0.020719 -0.077850 0.086749
v 0.056754 -0.057045 0.086749
v 0.077559 -0.021010 0.086749
v 0.077559 0.020600 0.086749
v 0.056754 0.056635 0.086749
v 0.020719 0.077440 0.086749
v -0.020891 0.077440 0.086749
v -0.056926 0.056635 0.086749
v -0.077731 0.020600 0.086749
v -0.077731 -0.021009 0.086749
v -0.061461 -0.061579 0.100475
v -0.022550 -0.084044 0.100475
v 0.022379 -0.084044 0.100475
v 0.061289 -0.061579 0.100475
v 0.083754 -0.022669 0.100475
v 0.083754 0.022260 0.100475
v 0.061289 0.061170 0.100475
v 0.022379 0.083635 0.100475
v -0.022550 0.083635 0.100475
v -0.061461 0.061170 0.100475
v -0.083925 0.022260 0.100475
v -0.083925 -0.022669 0.100475
v -0.031617 -0.031736 0.153498
v -0.011627 -0.043277 0.153498
v 0.011455 -0.043277 0.153498
v 0.031445 -0.031736 0.153498
v 0.042986 -0.011746 0.153498
v 0.042986 0.011337 0.153498
v 0.031445 0.031326 0.153498
v 0.011455 0.042868 0.153498
v -0.011627 0.042868 0.153498
v -0.031617 0.031326 0.153498
v -0.043158 0.011337 0.153498
v -0.043158 -0.011746 0.153498
v 0.051411 0.060375 0.155459
v 0.038756 0.054683 0.156624
v 0.028474 0.046949 0.151296
v 0.009541 0.036846 0.138890
v 0.006337 0.049058 0.130044
v 0.063049 0.062502 0.148113
v 0.049965 0.065891 0.151464
v 0.036250 0.064237 0.149704
v 0.025580 0.057981 0.143306
v 0.009670 0.058033 0.117962
v 0.018644 0.061365 0.105879
v 0.051470 0.069945 0.146007
v 0.038857 0.071258 0.140252
v 0.028590 0.066088 0.132391
v 0.030857 0.058162 0.097034
v 0.043035 0.049282 0.093796
v 0.055523 0.071450 0.140549
v 0.045878 0.073865 0.130799
v 0.036697 0.069099 0.121476
v 0.051915 0.037104 0.097034
v 0.055118 0.024891 0.105879
v 0.061039 0.070003 0.136554
v 0.055432 0.071359 0.123879
v 0.047730 0.066205 0.113486
v 0.051786 0.015917 0.117962
v 0.042811 0.012584 0.130044
v 0.066540 0.065992 0.135092
v 0.064959 0.064412 0.121347
v 0.058730 0.058183 0.110561
v 0.030599 0.015788 0.138890
v 0.018421 0.024668 0.142127
v 0.070551 0.060492 0.136554
v 0.071906 0.054885 0.123879
v 0.066752 0.047182 0.113486
v 0.035306 0.034759 0.156556
v 0.047484 0.025878 0.153319
v 0.071997 0.054976 0.140549
v 0.074412 0.045331 0.130799
v 0.069646 0.036150 0.121476
v 0.059696 0.022675 0.144473
v 0.068671 0.026007 0.132391
v 0.070492 0.050922 0.146007
v 0.071805 0.038309 0.140252
v 0.066636 0.028043 0.132391
v 0.072003 0.034982 0.120308
v 0.068800 0.047195 0.111463
v 0.066439 0.049417 0.151464
v 0.064784 0.035703 0.149704
v 0.058528 0.025033 0.143306
v 0.059920 0.059373 0.108225
v 0.047742 0.068253 0.111463
v 0.060923 0.050864 0.155459
v 0.055230 0.038209 0.156624
v 0.047496 0.027926 0.151296
v 0.035530 0.071456 0.120308
v 0.026555 0.068124 0.132391
v 0.055422 0.054875 0.156922
v 0.045703 0.045156 0.159157
v 0.036496 0.035948 0.154221
v 0.023223 0.059149 0.144473
v 0.026426 0.046937 0.153319
v 0.139566 0.148720 0.217953
v 0.130201 0.139347 0.236663
v 0.109858 0.119002 0.188196
v 0.100493 0.109629 0.206907
v 0.108763 0.115568 0.172789
v 0.099332 0.106845 0.191792
v 0.079170 0.085966 0.143148
v 0.069156 0.076659 0.161566
v 0.068242 0.077373 0.143309
v 0.058877 0.068000 0.162019
v 0.057294 0.066422 0.132344
v 0.047929 0.057049 0.151054
v 0.108547 0.117693 0.173746
v 0.077045 0.086181 0.142192
v 0.110140 0.112265 0.165028
v 0.111104 0.113228 0.172788
v 0.081512 0.083626 0.143148
v 0.087687 0.089805 0.142390
v 0.107799 0.114605 0.165028
v 0.085346 0.092145 0.142391
v 0.096156 0.098277 0.150873
v 0.093815 0.100617 0.150873
v 0.097126 0.099249 0.139244
v 0.091419 0.093540 0.134934
v 0.094785 0.101589 0.139244
v 0.089078 0.095880 0.134934
v 0.099182 0.108320 0.192456
v 0.102389 0.103789 0.191791
v 0.067680 0.076808 0.160903
v 0.072213 0.073603 0.161566
v 0.072144 0.074719 0.166629
v 0.098246 0.100830 0.192774
v 0.096375 0.102700 0.192774
v 0.070273 0.076589 0.166629
v 0.144248 0.144040 0.217952
v 0.134883 0.134667 0.236662
v 0.114540 0.114322 0.188195
v 0.105175 0.104949 0.206906
v 0.148930 0.139360 0.217951
v 0.139566 0.129987 0.236661
v 0.119223 0.109642 0.188195
v 0.109858 0.100269 0.206905
v 0.103864 0.103640 0.192455
v 0.113229 0.113013 0.173745
v 0.115786 0.108548 0.172788
v 0.107071 0.099109 0.191790
v 0.072363 0.072128 0.160902
v 0.081727 0.081501 0.142191
v 0.086194 0.078946 0.143147
v 0.076895 0.068923 0.161565
v 0.063559 0.063320 0.162018
v 0.072924 0.072693 0.143308
v 0.077607 0.068013 0.143307
v 0.068242 0.058640 0.162018
v 0.052612 0.052369 0.151053
v 0.061977 0.061742 0.132343
v 0.066659 0.057062 0.132342
v 0.057294 0.047689 0.151052
v 0.117912 0.108333 0.173744
v 0.086410 0.076821 0.142191
v 0.112481 0.109925 0.165027
v 0.113445 0.110888 0.172788
v 0.083853 0.081286 0.143148
v 0.090028 0.087465 0.142390
v 0.114823 0.107585 0.165027
v 0.092370 0.085125 0.142389
v 0.098497 0.095937 0.150872
v 0.100839 0.093597 0.150872
v 0.099467 0.096909 0.139243
v 0.093760 0.091200 0.134934
v 0.101808 0.094569 0.139243
v 0.096102 0.088860 0.134933
v 0.108547 0.098960 0.192454
v 0.104014 0.102165 0.191791
v 0.077045 0.067448 0.160901
v 0.073838 0.071979 0.161565
v 0.074955 0.071909 0.166629
v 0.101057 0.098020 0.192774
v 0.102928 0.096150 0.192773
v 0.076826 0.070039 0.166628
v 0.124278 0.135645 0.238768
v 0.122043 0.133410 0.232475
v 0.121679 0.133047 0.225450
v 0.123244 0.134614 0.218764
v 0.126499 0.137871 0.213435
v 0.130948 0.142323 0.210273
v 0.135913 0.147291 0.209760
v 0.140640 0.152020 0.211974
v 0.144408 0.155789 0.216579
v 0.146644 0.158025 0.222872
v 0.147007 0.158387 0.229897
v 0.145442 0.156820 0.236583
v 0.142188 0.153563 0.241912
v 0.137739 0.149112 0.245074
v 0.132773 0.144143 0.245587
v 0.128046 0.139415 0.243373
v 0.123538 0.134767 0.231918
v 0.125515 0.136744 0.237482
v 0.123217 0.134447 0.225708
v 0.124600 0.135832 0.219797
v 0.127478 0.138711 0.215085
v 0.131411 0.142647 0.212290
v 0.135801 0.147039 0.211837
v 0.139980 0.151220 0.213794
v 0.143311 0.154552 0.217865
v 0.145287 0.156529 0.223429
v 0.145608 0.156849 0.229639
v 0.144225 0.155464 0.235550
v 0.141348 0.152584 0.240262
v 0.137415 0.148649 0.243057
v 0.133025 0.144256 0.243510
v 0.128846 0.140076 0.241553
v 0.123492 0.136411 0.231606
v 0.125323 0.138242 0.236762
v 0.123194 0.136114 0.225852
v 0.124476 0.137398 0.220376
v 0.127142 0.140066 0.216010
v 0.130786 0.143712 0.213420
v 0.134854 0.147782 0.213000
v 0.138725 0.151655 0.214814
v 0.141812 0.154743 0.218586
v 0.143643 0.156574 0.223741
v 0.143941 0.156871 0.229495
v 0.142659 0.155587 0.234971
v 0.139993 0.152919 0.239337
v 0.136349 0.149273 0.241927
v 0.132282 0.145203 0.242347
v 0.128410 0.141330 0.240533
v 0.126878 0.133047 0.238768
v 0.124642 0.130811 0.232474
v 0.124279 0.130449 0.225450
v 0.125844 0.132016 0.218764
v 0.129098 0.135273 0.213434
v 0.133547 0.139725 0.210272
v 0.138513 0.144693 0.209759
v 0.143240 0.149422 0.211974
v 0.147008 0.153191 0.216578
v 0.149243 0.155427 0.222872
v 0.149606 0.155789 0.229896
v 0.148042 0.154222 0.236582
v 0.144787 0.150965 0.241912
v 0.140338 0.146513 0.245074
v 0.135373 0.141545 0.245587
v 0.130646 0.136816 0.243372
v 0.163614 0.171227 0.192656
v 0.164798 0.172411 0.200908
v 0.168124 0.175737 0.207891
v 0.160506 0.174333 0.192657
v 0.161644 0.175474 0.184393
v 0.164932 0.178764 0.177374
v 0.169868 0.183703 0.172670
v 0.175701 0.189540 0.170996
v 0.181543 0.195385 0.172607
v 0.186505 0.200348 0.177258
v 0.189831 0.203675 0.184241
v 0.191016 0.204859 0.192493
v 0.189877 0.203718 0.200757
v 0.186590 0.200428 0.207775
v 0.181654 0.195489 0.212480
v 0.175821 0.189652 0.214154
v 0.169979 0.183807 0.212542
v 0.165017 0.178843 0.207891
v 0.161690 0.175517 0.200908
v 0.163364 0.177028 0.185341
v 0.162358 0.176020 0.192647
v 0.166270 0.179937 0.179136
v 0.170634 0.184303 0.174977
v 0.175791 0.189463 0.173497
v 0.180956 0.194631 0.174922
v 0.185343 0.199019 0.179034
v 0.188283 0.201960 0.185207
v 0.189330 0.203006 0.192502
v 0.188324 0.201998 0.199808
v 0.185418 0.199089 0.206013
v 0.181054 0.194722 0.210172
v 0.175897 0.189563 0.211652
v 0.170732 0.184395 0.210228
v 0.166345 0.180007 0.206116
v 0.163405 0.177066 0.199942
v 0.163271 0.178955 0.185873
v 0.162338 0.178021 0.192642
v 0.165963 0.181650 0.180124
v 0.170007 0.185696 0.176270
v 0.174785 0.190477 0.174899
v 0.179570 0.195264 0.176219
v 0.183635 0.199330 0.180029
v 0.186359 0.202055 0.185748
v 0.187329 0.203025 0.192508
v 0.186397 0.202091 0.199277
v 0.183704 0.199395 0.205026
v 0.179661 0.195349 0.208879
v 0.174883 0.190569 0.210251
v 0.170097 0.185781 0.208931
v 0.166033 0.181715 0.205121
v 0.163308 0.178990 0.199401
v 0.164752 0.172368 0.184392
v 0.168039 0.175658 0.177374
v 0.172975 0.180597 0.172669
v 0.178809 0.186434 0.170995
v 0.184651 0.192279 0.172606
v 0.189613 0.197242 0.177257
v 0.192939 0.200569 0.184240
v 0.194123 0.201752 0.192492
v 0.192985 0.200612 0.200756
v 0.189698 0.197322 0.207775
v 0.184762 0.192383 0.212479
v 0.178929 0.186546 0.214153
v 0.173086 0.180701 0.212542
v 0.130504 0.129423 0.238767
v 0.136729 0.123201 0.238766
v 0.128268 0.127187 0.232474
v 0.134493 0.120965 0.232472
v 0.127905 0.126825 0.225449
v 0.134130 0.120603 0.225448
v 0.129470 0.128392 0.218763
v 0.135695 0.122170 0.218762
v 0.132724 0.131649 0.213433
v 0.138949 0.125427 0.213432
v 0.137173 0.136101 0.210272
v 0.143398 0.129879 0.210270
v 0.142139 0.141069 0.209759
v 0.148364 0.134847 0.209758
v 0.153091 0.139576 0.211972
v 0.156859 0.143345 0.216577
v 0.159094 0.145581 0.222870
v 0.159458 0.145943 0.229894
v 0.151667 0.150598 0.236582
v 0.157893 0.144376 0.236580
v 0.148413 0.147341 0.241911
v 0.154638 0.141119 0.241910
v 0.143964 0.142890 0.245073
v 0.150190 0.136667 0.245072
v 0.138998 0.137921 0.245586
v 0.145224 0.131699 0.245585
v 0.134272 0.133192 0.243372
v 0.140497 0.126970 0.243370
v 0.135850 0.122462 0.231916
v 0.137826 0.124438 0.237480
v 0.135529 0.122141 0.225706
v 0.136912 0.123527 0.219795
v 0.139789 0.126406 0.215083
v 0.143722 0.130342 0.212288
v 0.148112 0.134734 0.211834
v 0.152291 0.138915 0.213792
v 0.155622 0.142247 0.217863
v 0.157599 0.144223 0.223427
v 0.157920 0.144544 0.229637
v 0.156537 0.143158 0.235548
v 0.153659 0.140279 0.240259
v 0.149726 0.136343 0.243055
v 0.145336 0.131951 0.243508
v 0.141158 0.127770 0.241551
v 0.137494 0.122416 0.231604
v 0.139325 0.124248 0.236759
v 0.137196 0.122120 0.225850
v 0.138478 0.123403 0.220373
v 0.141144 0.126071 0.216008
v 0.144788 0.129717 0.213418
v 0.148856 0.133787 0.212998
v 0.152727 0.137661 0.214812
v 0.155814 0.140748 0.218583
v 0.157645 0.142579 0.223738
v 0.157943 0.142876 0.229492
v 0.156661 0.141593 0.234969
v 0.153995 0.138925 0.239334
v 0.150351 0.135278 0.241924
v 0.146283 0.131209 0.242344
v 0.142412 0.127335 0.240531
v 0.134129 0.125799 0.238766
v 0.131894 0.123563 0.232473
v 0.131531 0.123201 0.225448
v 0.133095 0.124768 0.218762
v 0.136350 0.128025 0.213433
v 0.140799 0.132477 0.210271
v 0.145764 0.137445 0.209758
v 0.150491 0.142174 0.211973
v 0.154259 0.145943 0.216577
v 0.156495 0.148179 0.222870
v 0.156858 0.148541 0.229895
v 0.155293 0.146974 0.236581
v 0.152039 0.143717 0.241911
v 0.147590 0.139266 0.245072
v 0.142624 0.134297 0.245585
v 0.137898 0.129568 0.243371
v 0.172283 0.162563 0.192655
v 0.173467 0.163746 0.200906
v 0.176793 0.167073 0.207889
v 0.167948 0.166895 0.192656
v 0.175390 0.159457 0.192654
v 0.169087 0.168036 0.184391
v 0.176529 0.160597 0.184390
v 0.172374 0.171326 0.177373
v 0.179816 0.163888 0.177372
v 0.177310 0.176265 0.172668
v 0.184752 0.168827 0.172667
v 0.183143 0.182102 0.170994
v 0.190585 0.174663 0.170993
v 0.188985 0.187947 0.172606
v 0.196427 0.180508 0.172604
v 0.193947 0.192910 0.177257
v 0.201389 0.185472 0.177255
v 0.204716 0.188799 0.184238
v 0.205900 0.189982 0.192490
v 0.204762 0.188842 0.200754
v 0.201474 0.185551 0.207773
v 0.189096 0.188050 0.212478
v 0.196538 0.180612 0.212477
v 0.183263 0.182214 0.214152
v 0.190705 0.174776 0.214151
v 0.177421 0.176369 0.212541
v 0.184863 0.168931 0.212540
v 0.179901 0.163967 0.207889
v 0.176575 0.160640 0.200906
v 0.178082 0.162317 0.185339
v 0.177076 0.161309 0.192645
v 0.180988 0.165226 0.179134
v 0.185352 0.169593 0.174975
v 0.190509 0.174753 0.173495
v 0.195674 0.179920 0.174919
v 0.200061 0.184309 0.179031
v 0.203001 0.187250 0.185204
v 0.204048 0.188296 0.192499
v 0.203042 0.187288 0.199806
v 0.200136 0.184379 0.206010
v 0.195772 0.180012 0.210169
v 0.190615 0.174852 0.211649
v 0.185450 0.169685 0.210225
v 0.181063 0.165297 0.206113
v 0.178123 0.162355 0.199940
v 0.180009 0.162225 0.185870
v 0.179077 0.161291 0.192639
v 0.182702 0.164920 0.180121
v 0.186745 0.168966 0.176267
v 0.191523 0.173747 0.174896
v 0.196309 0.178534 0.176216
v 0.200373 0.182600 0.180026
v 0.203098 0.185325 0.185746
v 0.204068 0.186295 0.192505
v 0.203135 0.185361 0.199274
v 0.200443 0.182665 0.205023
v 0.196399 0.178620 0.208876
v 0.191621 0.173839 0.210248
v 0.186836 0.169051 0.208928
v 0.182771 0.164985 0.205118
v 0.180047 0.162260 0.199398
v 0.173421 0.163703 0.184391
v 0.176708 0.166994 0.177372
v 0.181644 0.171933 0.172668
v 0.187477 0.177769 0.170994
v 0.193320 0.183614 0.172605
v 0.198282 0.188578 0.177256
v 0.201608 0.191905 0.184239
v 0.202792 0.193088 0.192490
v 0.201654 0.191948 0.200755
v 0.198367 0.188657 0.207773
v 0.193431 0.183718 0.212478
v 0.187597 0.177882 0.214152
v 0.181755 0.172037 0.212540
v 0.198458 0.197420 0.192491
v 0.197274 0.196237 0.184240
v 0.194032 0.192990 0.207774
v 0.197319 0.196280 0.200755
v 0.192258 0.198327 0.163128
v 0.188557 0.202025 0.163129
v 0.196298 0.202799 0.168117
v 0.192813 0.206282 0.168117
v 0.199239 0.205884 0.173362
v 0.195826 0.209296 0.173362
v 0.201363 0.208224 0.179337
v 0.198058 0.211528 0.179337
v 0.202621 0.209697 0.185813
v 0.199423 0.212893 0.185814
v 0.202955 0.210253 0.192541
v 0.199869 0.213337 0.192542
v 0.202231 0.209994 0.199263
v 0.199378 0.212845 0.199264
v 0.200650 0.208756 0.205721
v 0.197970 0.211435 0.205721
v 0.198378 0.206482 0.211665
v 0.195698 0.209161 0.211665
v 0.195244 0.203518 0.216868
v 0.192650 0.206110 0.216868
v 0.191364 0.199980 0.221129
v 0.188942 0.202400 0.221130
v 0.187023 0.195870 0.224286
v 0.184719 0.198174 0.224286
v 0.184519 0.193468 0.226231
v 0.182266 0.195720 0.226231
v 0.182031 0.195495 0.170364
v 0.184942 0.198406 0.172590
v 0.187489 0.200954 0.175577
v 0.189575 0.203041 0.179208
v 0.191121 0.204587 0.183346
v 0.192066 0.205532 0.187831
v 0.192375 0.205840 0.192490
v 0.192035 0.205499 0.197145
v 0.191060 0.204523 0.201617
v 0.189487 0.202948 0.205733
v 0.187376 0.200835 0.209336
v 0.184809 0.198266 0.212287
v 0.181884 0.195339 0.214473
v 0.178714 0.192167 0.215810
v 0.258845 0.261314 0.080412
v 0.251053 0.252113 0.002840
v 0.260454 0.262135 0.051353
v 0.257745 0.258966 0.025870
v 0.252565 0.256213 0.113497
v 0.243643 0.248386 0.139352
v 0.232312 0.238200 0.163614
v 0.218942 0.225929 0.185157
v 0.202401 0.211277 0.226060
v 0.189861 0.199222 0.234538
v 0.184472 0.193494 0.229318
v 0.250342 0.251554 0.027366
v 0.248406 0.250025 0.050717
v 0.243299 0.245600 0.075603
v 0.233610 0.236914 0.102407
v 0.220441 0.224945 0.127858
v 0.207508 0.213054 0.146550
v 0.198520 0.204709 0.156818
v 0.196797 0.200804 0.187830
v 0.197106 0.201112 0.192490
v 0.194306 0.198313 0.179208
v 0.194217 0.198219 0.205732
v 0.192107 0.196107 0.209335
v 0.196766 0.200771 0.197144
v 0.195852 0.199859 0.183345
v 0.195791 0.199794 0.201616
v 0.192623 0.196627 0.188750
v 0.190610 0.194610 0.202720
v 0.192864 0.196867 0.192386
v 0.190679 0.194683 0.182021
v 0.188963 0.192962 0.205532
v 0.192599 0.196601 0.196018
v 0.191885 0.195890 0.185250
v 0.191838 0.195839 0.199508
v 0.199386 0.191202 0.163127
v 0.203087 0.187503 0.163126
v 0.203857 0.195244 0.168116
v 0.207342 0.191760 0.168115
v 0.206942 0.198185 0.173360
v 0.210355 0.194774 0.173360
v 0.209282 0.200310 0.179335
v 0.212587 0.197006 0.179335
v 0.210755 0.201567 0.185812
v 0.213952 0.198371 0.185811
v 0.211312 0.201900 0.192540
v 0.214398 0.198815 0.192539
v 0.211055 0.201174 0.199262
v 0.213907 0.198323 0.199261
v 0.209819 0.199592 0.205719
v 0.212499 0.196913 0.205718
v 0.207547 0.197318 0.211663
v 0.210227 0.194639 0.211663
v 0.204585 0.194181 0.216866
v 0.207179 0.191588 0.216866
v 0.201050 0.190299 0.221128
v 0.203472 0.187878 0.221127
v 0.196943 0.185955 0.224284
v 0.199248 0.183652 0.224284
v 0.194543 0.183449 0.226229
v 0.196795 0.181198 0.226229
v 0.196561 0.180973 0.170362
v 0.199471 0.183884 0.172588
v 0.202018 0.186432 0.175574
v 0.204105 0.188519 0.179206
v 0.205650 0.190065 0.183344
v 0.206596 0.191010 0.187828
v 0.206905 0.191318 0.192488
v 0.206565 0.190977 0.197143
v 0.205589 0.190001 0.201614
v 0.204016 0.188426 0.205731
v 0.201905 0.186313 0.209334
v 0.199338 0.183744 0.212285
v 0.196413 0.180817 0.214471
v 0.193243 0.177645 0.215807
v 0.262325 0.257836 0.080412
v 0.253114 0.250053 0.002840
v 0.263140 0.259451 0.051352
v 0.259967 0.256744 0.025870
v 0.257233 0.251547 0.113496
v 0.249415 0.242617 0.139351
v 0.239239 0.231277 0.163613
v 0.226978 0.217896 0.185156
v 0.212343 0.201341 0.226059
v 0.200295 0.188793 0.234537
v 0.194569 0.183402 0.229316
v 0.252560 0.249338 0.027366
v 0.251036 0.247397 0.050716
v 0.246618 0.242283 0.075603
v 0.237941 0.232585 0.102406
v 0.225984 0.219405 0.127857
v 0.214102 0.206462 0.146549
v 0.205765 0.197469 0.156817
v 0.195822 0.194764 0.163127
v 0.189520 0.188448 0.229317
v 0.251451 0.250446 0.027366
v 0.249721 0.248711 0.050716
v 0.246529 0.245502 0.139352
v 0.254899 0.253880 0.113496
v 0.244958 0.243942 0.075603
v 0.235775 0.234738 0.163613
v 0.235776 0.234749 0.102407
v 0.222960 0.221912 0.185157
v 0.223213 0.222175 0.127857
v 0.207372 0.206309 0.226060
v 0.260585 0.259575 0.080412
v 0.210805 0.209758 0.146550
v 0.195078 0.194007 0.234538
v 0.261797 0.260793 0.051353
v 0.202142 0.201089 0.156818
v 0.258856 0.257855 0.025870
v 0.252083 0.251083 0.002840
v 0.189531 0.188459 0.226230
v 0.185978 0.184906 0.215809
v 0.189296 0.188234 0.170363
v 0.192206 0.191145 0.172589
v 0.194754 0.193693 0.175575
v 0.196840 0.195780 0.179207
v 0.194641 0.193574 0.209335
v 0.192073 0.191005 0.212286
v 0.189148 0.188078 0.214472
v 0.201865 0.195738 0.187829
v 0.202174 0.196046 0.192489
v 0.199374 0.193248 0.179207
v 0.199285 0.193154 0.205732
v 0.197174 0.191042 0.209335
v 0.201834 0.195706 0.197144
v 0.200920 0.194793 0.183345
v 0.200859 0.194729 0.201615
v 0.194419 0.193357 0.185249
v 0.193213 0.192151 0.182020
v 0.195157 0.194094 0.188749
v 0.195398 0.194335 0.192385
v 0.195133 0.194069 0.196018
v 0.194371 0.193307 0.199507
v 0.193144 0.192078 0.202720
v 0.191496 0.190429 0.205531
v 0.197691 0.191562 0.188749
v 0.195678 0.189545 0.202719
v 0.197932 0.191802 0.192385
v 0.195747 0.189618 0.182020
v 0.194030 0.187897 0.205531
v 0.197666 0.191536 0.196017
v 0.196953 0.190824 0.185249
v 0.196905 0.190774 0.199507
vn 0.2668 -0.2668 0.9261
vn 0.5738 -0.5738 0.5844
vn 0.4839 -0.1085 0.8683
vn -0.0852 0.0852 0.9927
vn 0.2730 0.3464 0.8975
vn 0.2622 -0.2622 0.9287
vn 0.4817 -0.1021 0.8704
vn 0.7017 -0.0514 0.7107
vn 0.6322 0.4407 0.6373
vn 0.7019 -0.0443 0.7109
vn 0.8616 -0.1108 0.4953
vn 0.8962 0.3427 0.2819
vn 0.8637 -0.1044 0.4930
vn 0.9210 -0.2708 0.2799
vn 0.9942 0.0787 -0.0735
vn 0.9238 -0.2662 0.2752
vn 0.3693 0.1227 0.9212
vn 0.6832 0.1710 0.7100
vn 0.5030 0.7190 0.4796
vn 0.0662 0.6728 0.7369
vn 0.9000 -0.2806 -0.3337
vn 0.8661 -0.4864 0.1157
vn 0.8639 -0.4885 0.1222
vn 0.0038 -0.9995 0.0305
vn -0.2437 -0.9077 0.3415
vn -0.8014 -0.5873 -0.1134
vn -0.4747 -0.7220 -0.5033
vn -0.2232 -0.3617 0.9052
vn 0.0357 -0.0694 0.9970
vn -0.3995 0.4440 0.8021
vn -0.7595 0.0887 0.6445
vn 0.9025 0.0759 0.4240
vn 0.9824 -0.1347 0.1293
vn 0.9070 0.3071 -0.2883
vn 0.8043 0.5844 0.1080
vn 0.6388 -0.6388 -0.4289
vn 0.7059 -0.7059 0.0573
vn 0.7056 -0.7056 0.0645
vn -0.3274 -0.6719 0.6643
vn -0.9063 -0.2906 0.3070
vn 0.9027 -0.4164 -0.1084
vn 0.6720 -0.7055 -0.2252
vn 0.4506 -0.4065 -0.7948
vn 0.7838 -0.0518 -0.6188
vn 0.2806 -0.9000 -0.3337
vn 0.4864 -0.8661 0.1157
vn 0.4885 -0.8639 0.1222
vn 0.3421 -0.9227 -0.1775
vn -0.0133 -0.6558 -0.7548
vn -0.0787 -0.9942 -0.0735
vn 0.2662 -0.9238 0.2752
vn 0.2708 -0.9210 0.2799
vn -0.3427 -0.8962 0.2819
vn 0.1044 -0.8637 0.4930
vn 0.1108 -0.8616 0.4953
vn 0.0514 -0.7017 0.7107
vn -0.4407 -0.6322 0.6373
vn 0.0443 -0.7019 0.7109
vn 0.1021 -0.4817 0.8704
vn 0.1085 -0.4839 0.8683
vn -0.3464 -0.2730 0.8975
vn 0.5981 0.7812 0.1790
vn -0.7023 0.7021 0.1173
vn 0.7070 0.7072 0.0001
vn 0.5730 -0.5729 0.5860
vn 0.4145 -0.4143 -0.8103
vn -0.4145 0.4143 0.8103
vn 0.7023 -0.7021 -0.1173
vn 0.0561 -0.0562 0.9968
vn -0.7070 -0.7072 -0.0001
vn -0.0561 0.0562 -0.9968
vn 0.6977 -0.6975 -0.1630
vn -0.0540 0.0541 -0.9971
vn 0.4173 -0.4171 -0.8074
vn 0.3393 -0.3392 -0.8774
vn 0.7015 -0.7013 0.1272
vn -0.5730 0.5729 -0.5860
vn 0.1288 -0.1289 0.9833
vn -0.7811 -0.5983 0.1788
vn -0.7008 0.7005 0.1348
vn 0.3394 -0.3392 -0.8774
vn -0.7008 0.7006 0.1348
vn -0.5596 0.5594 0.6115
vn -0.6825 0.6823 0.2622
vn -0.7015 0.7013 -0.1271
vn -0.6137 0.6135 -0.4970
vn -0.4324 0.4324 -0.7912
vn -0.1854 0.1854 -0.9650
vn 0.0899 -0.0898 -0.9919
vn 0.0433 -0.0432 -0.9981
vn 0.3515 -0.3513 -0.8678
vn 0.5596 -0.5594 -0.6115
vn 0.6825 -0.6823 -0.2622
vn 0.7015 -0.7013 0.1271
vn 0.6137 -0.6135 0.4970
vn 0.5891 -0.5889 0.5533
vn 0.4324 -0.4324 0.7912
vn 0.1854 -0.1854 0.9650
vn -0.0899 0.0898 0.9919
vn 0.7227 0.6899 -0.0406
vn 0.7104 0.7022 -0.0465
vn -0.3515 0.3513 0.8678
vn 0.8038 0.1867 0.5648
vn 0.9332 0.0574 0.3548
vn 0.7350 0.6776 0.0234
vn 0.7391 0.6735 0.0060
vn 0.6800 0.7327 0.0288
vn 0.6897 0.7229 0.0408
vn 0.7383 0.6744 -0.0122
vn 0.7325 0.6802 -0.0286
vn 0.6975 0.7151 -0.0452
vn 0.6859 0.7267 -0.0371
vn 0.7020 0.7106 0.0466
vn 0.7149 0.6977 0.0453
vn 0.6774 0.7352 -0.0233
vn 0.6733 0.7393 -0.0059
vn 0.7265 0.6861 0.0372
vn 0.6742 0.7384 0.0124
vn 0.3629 0.6276 -0.6888
vn 0.1865 0.8039 -0.5647
vn 0.6275 0.3630 0.6889
vn 0.5594 0.4312 -0.7079
vn 0.4310 0.5594 0.7080
vn 0.7461 0.2445 -0.6193
vn 0.2443 0.7461 0.6194
vn 0.8946 0.0961 -0.4364
vn 0.0080 0.9823 0.1872
vn 0.0958 0.8946 0.4365
vn 0.9823 0.0083 -0.1871
vn -0.0055 0.9959 -0.0907
vn 0.9959 -0.0052 0.0908
vn 0.0572 0.9332 -0.3547
vn 0.5333 -0.5332 0.6567
vn 0.6884 0.7251 0.0159
vn 0.6844 0.7291 -0.0027
vn 0.6888 0.7248 0.0129
vn 0.6885 0.7251 0.0159
vn -0.2974 0.2974 -0.9072
vn 0.6984 0.7149 0.0343
vn 0.6946 0.7189 0.0271
vn 0.6889 0.7247 0.0165
vn 0.6817 0.7316 -0.0117
vn 0.6874 0.7261 0.0154
vn -0.0487 0.0487 -0.9976
vn 0.3871 -0.3871 0.8368
vn -0.7056 0.7055 -0.0663
vn -0.7072 0.7070 -0.0002
vn -0.6533 0.6532 -0.3828
vn -0.5000 0.4999 -0.7072
vn -0.2705 0.2705 -0.9239
vn 0.0002 -0.0001 -1.0000
vn 0.2708 -0.2706 -0.9238
vn 0.5002 -0.5000 -0.7070
vn 0.6534 -0.6532 -0.3825
vn 0.7072 -0.7070 0.0002
vn 0.6533 -0.6532 0.3828
vn 0.5000 -0.4999 0.7072
vn 0.2705 -0.2705 0.9239
vn -0.0002 0.0001 1.0000
vn -0.2708 0.2706 0.9238
vn -0.2270 0.2268 0.9471
vn -0.5002 0.5000 0.7070
vn 0.7369 0.6758 -0.0179
vn 0.7297 0.6830 -0.0331
vn -0.6534 0.6532 0.3825
vn 0.4951 0.4954 0.7138
vn 0.6882 0.3022 0.6595
vn 0.7189 0.6937 0.0434
vn 0.7297 0.6830 0.0332
vn 0.6730 0.7396 0.0001
vn 0.6756 0.7371 0.0180
vn 0.7369 0.6758 0.0180
vn 0.7394 0.6733 0.0001
vn 0.7189 0.6937 -0.0433
vn 0.7062 0.7064 -0.0469
vn 0.6828 0.7299 0.0332
vn 0.6935 0.7191 0.0434
vn 0.6935 0.7191 -0.0433
vn 0.6828 0.7299 -0.0331
vn 0.7062 0.7064 0.0470
vn 0.6756 0.7371 -0.0179
vn 0.6885 0.3022 -0.6593
vn 0.4953 0.4953 -0.7137
vn 0.3019 0.6885 0.6594
vn 0.8522 0.1385 -0.5046
vn 0.1382 0.8522 0.5047
vn 0.9616 0.0291 -0.2730
vn 0.0288 0.9616 0.2731
vn 1.0000 -0.0093 0.0002
vn 0.0289 0.9615 -0.2732
vn -0.0096 1.0000 -0.0001
vn 0.9615 0.0291 0.2733
vn 0.1383 0.8521 -0.5047
vn 0.8520 0.1385 0.5048
vn 0.3021 0.6884 -0.6594
vn -0.1381 0.1380 0.9808
vn -0.6936 0.6934 -0.1952
vn -0.6897 -0.7229 -0.0408
vn -0.7020 -0.7106 -0.0466
vn -0.1865 -0.8039 0.5647
vn -0.0572 -0.9332 0.3547
vn -0.6774 -0.7352 0.0233
vn -0.6733 -0.7393 0.0059
vn -0.7325 -0.6802 0.0286
vn -0.7227 -0.6899 0.0407
vn -0.6742 -0.7384 -0.0124
vn -0.6800 -0.7327 -0.0288
vn -0.7149 -0.6977 -0.0454
vn -0.7265 -0.6861 -0.0372
vn -0.7105 -0.7022 0.0465
vn -0.6975 -0.7151 0.0452
vn -0.7350 -0.6776 -0.0234
vn -0.7391 -0.6735 -0.0060
vn -0.6859 -0.7267 0.0371
vn -0.7382 -0.6744 0.0122
vn -0.6275 -0.3630 -0.6889
vn -0.8038 -0.1867 -0.5648
vn -0.3629 -0.6276 0.6888
vn -0.4310 -0.5594 -0.7080
vn -0.5594 -0.4312 0.7079
vn -0.2443 -0.7461 -0.6194
vn -0.7461 -0.2445 0.6193
vn -0.0957 -0.8946 -0.4365
vn -0.9823 -0.0083 0.1871
vn -0.8946 -0.0961 0.4364
vn -0.0080 -0.9823 -0.1872
vn -0.9959 0.0052 -0.0908
vn 0.0055 -0.9959 0.0907
vn -0.9332 -0.0574 -0.3548
vn -0.7250 -0.6886 0.0158
vn -0.7249 -0.6887 0.0158
vn -0.7246 -0.6890 0.0128
vn -0.7289 -0.6846 -0.0028
vn -0.7147 -0.6986 0.0342
vn -0.7245 -0.6891 0.0164
vn -0.7187 -0.6948 0.0270
vn -0.7314 -0.6819 -0.0119
vn -0.7259 -0.6876 0.0153
vn -0.6756 -0.7371 -0.0180
vn -0.6828 -0.7299 -0.0332
vn -0.4953 -0.4953 0.7137
vn -0.3021 -0.6884 0.6594
vn -0.6935 -0.7191 0.0433
vn -0.6828 -0.7299 0.0331
vn -0.7394 -0.6733 -0.0001
vn -0.7369 -0.6758 0.0179
vn -0.6756 -0.7371 0.0179
vn -0.6730 -0.7396 -0.0001
vn -0.6935 -0.7191 -0.0434
vn -0.7062 -0.7064 -0.0470
vn -0.7297 -0.6830 0.0331
vn -0.7189 -0.6937 0.0433
vn -0.7189 -0.6937 -0.0434
vn -0.7297 -0.6830 -0.0332
vn -0.7062 -0.7064 0.0469
vn -0.7369 -0.6758 -0.0180
vn -0.3019 -0.6885 -0.6594
vn -0.4951 -0.4954 -0.7138
vn -0.6885 -0.3022 0.6593
vn -0.1382 -0.8522 -0.5047
vn -0.8522 -0.1385 0.5046
vn -0.0288 -0.9616 -0.2731
vn -0.9616 -0.0291 0.2730
vn 0.0096 -1.0000 0.0001
vn -0.9615 -0.0291 -0.2733
vn -1.0000 0.0093 -0.0002
vn -0.0289 -0.9615 0.2732
vn -0.8520 -0.1385 -0.5048
vn -0.1383 -0.8521 0.5047
vn -0.6882 -0.3022 -0.6595
vn 0.4492 -0.4490 -0.7724
vn 0.5006 -0.5004 -0.7064
vn 0.4998 -0.4995 -0.7076
vn 0.5884 -0.5882 -0.5548
vn 0.5880 -0.5878 -0.5557
vn 0.6537 -0.6534 -0.3818
vn 0.6533 -0.6531 -0.3831
vn 0.6938 -0.6936 -0.1941
vn 0.6936 -0.6934 -0.1955
vn 0.7072 -0.7070 0.0010
vn 0.7072 -0.7070 -0.0013
vn 0.6935 -0.6933 0.1961
vn 0.6938 -0.6937 0.1935
vn 0.6531 -0.6529 0.3836
vn 0.6534 -0.6532 0.3826
vn 0.5876 -0.5875 0.5564
vn 0.5878 -0.5877 0.5559
vn 0.4995 -0.4995 0.7078
vn 0.5004 -0.5003 0.7066
vn 0.3923 -0.3923 0.8320
vn 0.3934 -0.3934 0.8310
vn 0.3405 -0.3404 0.8765
vn 0.3403 -0.3403 0.8765
vn 0.3481 -0.3481 0.8704
vn 0.7059 0.7080 -0.0223
vn 0.7064 0.7072 -0.0291
vn 0.7093 0.7043 -0.0285
vn 0.7091 0.7046 -0.0260
vn -0.4243 0.4242 -0.8000
vn -0.4290 0.4289 -0.7950
vn -0.4333 0.4333 -0.7903
vn -0.4335 0.4334 -0.7901
vn 0.7063 0.7079 -0.0045
vn 0.7059 0.7083 -0.0090
vn 0.7059 0.7083 -0.0089
vn 0.7058 0.7082 -0.0164
vn 0.7058 0.7082 -0.0163
vn 0.7068 0.7070 -0.0228
vn 0.7068 0.7071 -0.0227
vn 0.7087 0.7050 -0.0276
vn 0.7086 0.7050 -0.0275
vn 0.7109 0.7027 -0.0302
vn 0.7106 0.7030 -0.0300
vn 0.7125 0.7011 -0.0306
vn 0.7122 0.7013 -0.0306
vn 0.7068 0.7067 -0.0338
vn 0.7069 0.7063 -0.0362
vn 0.7068 0.7065 -0.0348
vn 0.7070 0.7062 -0.0372
vn 0.6795 -0.6792 -0.2775
vn 0.7062 -0.7060 -0.0541
vn 0.7061 -0.7059 -0.0552
vn 0.6793 -0.6791 -0.2781
vn -0.7056 0.7054 -0.0668
vn -0.1283 0.1284 -0.9834
vn -0.1284 0.1285 -0.9834
vn -0.7056 0.7054 -0.0666
vn -0.3890 0.3888 0.8352
vn -0.4871 0.4870 -0.7249
vn -0.4877 0.4876 -0.7242
vn 0.6997 -0.6995 0.1457
vn 0.6998 -0.6996 0.1445
vn 0.3123 -0.3123 0.8972
vn -0.5502 0.5501 -0.6282
vn -0.5508 0.5507 -0.6272
vn 0.6686 -0.6685 0.3257
vn 0.6690 -0.6688 0.3242
vn 0.5871 -0.5870 0.5575
vn 0.6237 -0.6236 0.4712
vn 0.6238 -0.6236 0.4712
vn 0.5864 -0.5863 0.5590
vn -0.6109 0.6108 -0.5038
vn -0.6114 0.6112 -0.5026
vn 0.5726 -0.5725 0.5869
vn 0.5731 -0.5730 0.5859
vn -0.6630 0.6629 -0.3479
vn -0.6633 0.6632 -0.3467
vn 0.6233 -0.6231 0.4725
vn 0.6237 -0.6235 0.4715
vn -0.6956 0.6954 -0.1804
vn -0.6957 0.6955 -0.1796
vn -0.6359 0.6356 0.4378
vn -0.6359 0.6357 0.4378
vn -0.7072 0.7070 -0.0010
vn -0.4384 0.4383 -0.7847
vn -0.4576 0.4574 0.7625
vn -0.5884 0.5882 0.5548
vn -0.5006 0.5004 0.7064
vn -0.5471 0.5469 0.6336
vn -0.5752 0.5750 0.5818
vn -0.3423 0.3423 -0.8750
vn -0.3923 0.3923 -0.8320
vn -0.4995 0.4995 -0.7078
vn -0.4829 0.4828 -0.7306
vn -0.4481 0.4480 -0.7736
vn -0.2700 0.2700 -0.9243
vn -0.3935 0.3933 0.8309
vn -0.3340 0.3339 0.8815
vn -0.2046 0.2046 -0.9572
vn -0.5876 0.5875 -0.5564
vn -0.6531 0.6529 -0.3836
vn -0.6938 0.6936 0.1941
vn -0.6537 0.6534 0.3818
vn -0.6935 0.6933 -0.1960
vn -0.6938 0.6935 0.1941
vn -0.5462 0.5461 -0.6352
vn -0.6240 0.6238 0.4705
vn 0.6938 -0.6935 -0.1941
vn -0.7078 -0.7061 -0.0225
vn -0.7044 -0.7093 -0.0261
vn -0.7041 -0.7095 -0.0287
vn -0.7070 -0.7066 -0.0293
vn -0.7077 -0.7065 -0.0046
vn -0.7081 -0.7061 -0.0090
vn -0.7081 -0.7061 -0.0092
vn -0.7080 -0.7060 -0.0164
vn -0.7080 -0.7060 -0.0165
vn -0.7069 -0.7070 -0.0228
vn -0.7068 -0.7070 -0.0229
vn -0.7048 -0.7088 -0.0276
vn -0.7048 -0.7089 -0.0277
vn -0.7028 -0.7108 -0.0301
vn -0.7025 -0.7111 -0.0304
vn -0.7011 -0.7124 -0.0308
vn -0.7009 -0.7126 -0.0307
vn -0.7063 -0.7070 -0.0349
vn -0.7061 -0.7071 -0.0363
vn -0.7065 -0.7069 -0.0339
vn -0.7060 -0.7072 -0.0373
vn 0.6794 -0.6792 -0.2775
vn -0.6109 0.6108 -0.5037
vn -0.6359 0.6356 0.4377
vn -0.3340 0.3338 0.8815
vn -0.2668 0.2668 0.9261
vn -0.5738 0.5738 0.5844
vn -0.4839 0.1085 0.8683
vn 0.0852 -0.0852 0.9927
vn -0.2730 -0.3464 0.8975
vn -0.2622 0.2622 0.9287
vn -0.4817 0.1021 0.8704
vn -0.7017 0.0514 0.7107
vn -0.6322 -0.4407 0.6373
vn -0.7019 0.0443 0.7109
vn -0.8616 0.1108 0.4953
vn -0.8962 -0.3427 0.2819
vn -0.8637 0.1044 0.4930
vn -0.9210 0.2708 0.2799
vn -0.9942 -0.0787 -0.0735
vn -0.9238 0.2662 0.2752
vn -0.3700 -0.1247 0.9206
vn -0.6834 -0.1759 0.7085
vn -0.4966 -0.7263 0.4752
vn -0.0618 -0.6748 0.7354
vn -0.9000 0.2806 -0.3337
vn -0.8661 0.4864 0.1157
vn -0.8639 0.4885 0.1222
vn -0.0083 0.9994 0.0332
vn 0.2378 0.9083 0.3442
vn 0.7957 0.5965 -0.1051
vn 0.4709 0.7288 -0.4970
vn 0.2181 0.3631 0.9059
vn -0.0385 0.0698 0.9968
vn 0.3995 -0.4408 0.8038
vn 0.7554 -0.0817 0.6501
vn -0.9034 -0.0820 0.4208
vn -0.9837 0.1296 0.1248
vn -0.9011 -0.3155 -0.2976
vn -0.7981 -0.5941 0.1006
vn -0.6388 0.6388 -0.4289
vn -0.7059 0.7059 0.0573
vn -0.7056 0.7056 0.0645
vn 0.3211 0.6731 0.6662
vn 0.9004 0.2997 0.3154
vn -0.9036 0.4135 -0.1123
vn -0.6730 0.7041 -0.2266
vn -0.4465 0.4055 -0.7976
vn -0.7780 0.0470 -0.6265
vn -0.2806 0.9000 -0.3337
vn -0.4864 0.8661 0.1157
vn -0.4885 0.8639 0.1222
vn -0.3445 0.9221 -0.1763
vn 0.0134 0.6587 -0.7523
vn 0.0787 0.9942 -0.0735
vn -0.2662 0.9238 0.2752
vn -0.2708 0.9210 0.2799
vn 0.3427 0.8962 0.2819
vn -0.1044 0.8637 0.4930
vn -0.1108 0.8616 0.4953
vn -0.0514 0.7017 0.7107
vn 0.4407 0.6322 0.6373
vn -0.0443 0.7019 0.7109
vn -0.1021 0.4817 0.8704
vn -0.1085 0.4839 0.8683
vn 0.3464 0.2730 0.8975
vn -0.5983 -0.7811 0.1788
vn 0.7021 -0.7023 0.1173
vn -0.7072 -0.7070 -0.0001
vn -0.5729 0.5730 0.5860
vn -0.4143 0.4145 -0.8103
vn 0.4143 -0.4145 0.8103
vn -0.7021 0.7023 -0.1173
vn -0.0562 0.0561 0.9968
vn 0.7072 0.7070 0.0001
vn 0.0562 -0.0561 -0.9968
vn -0.6975 0.6978 -0.1630
vn 0.0541 -0.0540 -0.9971
vn -0.4171 0.4173 -0.8074
vn -0.3392 0.3394 -0.8774
vn -0.7013 0.7015 0.1272
vn 0.5729 -0.5730 -0.5860
vn -0.1289 0.1288 0.9833
vn 0.7812 0.5981 0.1790
vn 0.7005 -0.7008 0.1348
vn 0.5594 -0.5596 0.6115
vn 0.6823 -0.6825 0.2622
vn 0.7013 -0.7015 -0.1271
vn 0.6135 -0.6137 -0.4970
vn 0.4324 -0.4324 -0.7912
vn 0.1854 -0.1854 -0.9650
vn -0.0898 0.0899 -0.9919
vn -0.0432 0.0433 -0.9981
vn -0.3513 0.3515 -0.8678
vn -0.5594 0.5596 -0.6115
vn -0.6823 0.6825 -0.2622
vn -0.7013 0.7015 0.1271
vn -0.6135 0.6137 0.4970
vn -0.5889 0.5891 0.5533
vn -0.4324 0.4324 0.7912
vn -0.1854 0.1854 0.9650
vn 0.0898 -0.0899 0.9919
vn -0.7229 -0.6897 -0.0408
vn -0.7106 -0.7020 -0.0466
vn 0.3513 -0.3515 0.8678
vn -0.8039 -0.1865 0.5647
vn -0.9332 -0.0572 0.3547
vn -0.7352 -0.6774 0.0233
vn -0.7393 -0.6733 0.0059
vn -0.6802 -0.7325 0.0286
vn -0.6899 -0.7227 0.0406
vn -0.7384 -0.6742 -0.0124
vn -0.7327 -0.6800 -0.0288
vn -0.6977 -0.7149 -0.0453
vn -0.6861 -0.7265 -0.0372
vn -0.7022 -0.7104 0.0465
vn -0.7151 -0.6975 0.0452
vn -0.6776 -0.7350 -0.0234
vn -0.6735 -0.7391 -0.0060
vn -0.7267 -0.6859 0.0371
vn -0.6744 -0.7382 0.0122
vn -0.3630 -0.6275 -0.6888
vn -0.1867 -0.8038 -0.5648
vn -0.6277 -0.3629 0.6887
vn -0.5594 -0.4310 -0.7080
vn -0.4312 -0.5594 0.7079
vn -0.7461 -0.2443 -0.6194
vn -0.2445 -0.7461 0.6193
vn -0.8946 -0.0958 -0.4365
vn -0.0083 -0.9823 0.1871
vn -0.0960 -0.8946 0.4364
vn -0.9823 -0.0081 -0.1872
vn 0.0052 -0.9959 -0.0908
vn -0.9959 0.0055 0.0907
vn -0.0574 -0.9332 -0.3548
vn -0.5332 0.5333 0.6567
vn -0.6886 -0.7250 0.0158
vn -0.6846 -0.7289 -0.0028
vn -0.6890 -0.7246 0.0128
vn -0.6887 -0.7249 0.0158
vn 0.2974 -0.2974 -0.9072
vn -0.6986 -0.7147 0.0342
vn -0.6948 -0.7187 0.0270
vn -0.6891 -0.7245 0.0164
vn -0.6819 -0.7314 -0.0119
vn -0.6876 -0.7259 0.0153
vn 0.0487 -0.0487 -0.9976
vn -0.3871 0.3871 0.8368
vn 0.7055 -0.7056 -0.0663
vn 0.7070 -0.7072 -0.0002
vn 0.6532 -0.6533 -0.3828
vn 0.4999 -0.5000 -0.7072
vn 0.2705 -0.2705 -0.9239
vn -0.0001 0.0002 -1.0000
vn -0.2706 0.2708 -0.9238
vn -0.5000 0.5002 -0.7070
vn -0.6532 0.6534 -0.3825
vn -0.7070 0.7072 0.0002
vn -0.6532 0.6533 0.3828
vn -0.4999 0.5000 0.7072
vn -0.2705 0.2705 0.9239
vn 0.0001 -0.0002 1.0000
vn 0.2706 -0.2708 0.9238
vn 0.2268 -0.2270 0.9471
vn 0.5000 -0.5002 0.7070
vn -0.7371 -0.6756 -0.0180
vn -0.7299 -0.6828 -0.0332
vn 0.6532 -0.6534 0.3825
vn -0.6884 -0.3021 0.6594
vn -0.7191 -0.6935 0.0433
vn -0.7299 -0.6828 0.0331
vn -0.6733 -0.7394 -0.0001
vn -0.6758 -0.7369 0.0179
vn -0.7371 -0.6756 0.0179
vn -0.7396 -0.6730 -0.0001
vn -0.7191 -0.6935 -0.0434
vn -0.7064 -0.7062 -0.0470
vn -0.6830 -0.7297 0.0331
vn -0.6937 -0.7189 0.0433
vn -0.6937 -0.7189 -0.0434
vn -0.6830 -0.7297 -0.0332
vn -0.7064 -0.7062 0.0469
vn -0.6758 -0.7369 -0.0180
vn -0.6885 -0.3019 -0.6594
vn -0.4954 -0.4951 -0.7138
vn -0.3022 -0.6885 0.6593
vn -0.8522 -0.1382 -0.5047
vn -0.1385 -0.8522 0.5046
vn -0.9616 -0.0288 -0.2731
vn -0.0291 -0.9616 0.2730
vn -1.0000 0.0096 0.0001
vn -0.0291 -0.9615 -0.2733
vn 0.0093 -1.0000 -0.0002
vn -0.9615 -0.0289 0.2732
vn -0.1385 -0.8520 -0.5048
vn -0.8521 -0.1383 0.5047
vn -0.3022 -0.6882 -0.6595
vn 0.1380 -0.1381 0.9808
vn 0.6934 -0.6936 -0.1952
vn 0.6899 0.7227 -0.0406
vn 0.7022 0.7104 -0.0465
vn 0.1867 0.8038 0.5648
vn 0.0574 0.9332 0.3548
vn 0.6776 0.7350 0.0234
vn 0.6735 0.7391 0.0060
vn 0.7327 0.6800 0.0288
vn 0.7229 0.6897 0.0408
vn 0.6744 0.7383 -0.0122
vn 0.6802 0.7325 -0.0286
vn 0.7151 0.6975 -0.0452
vn 0.7267 0.6859 -0.0371
vn 0.7106 0.7020 0.0466
vn 0.6977 0.7149 0.0453
vn 0.7352 0.6774 -0.0233
vn 0.7393 0.6733 -0.0059
vn 0.6861 0.7265 0.0372
vn 0.7384 0.6742 0.0124
vn 0.6276 0.3629 -0.6887
vn 0.6277 0.3629 -0.6887
vn 0.8039 0.1865 -0.5647
vn 0.3630 0.6275 0.6889
vn 0.4312 0.5594 -0.7079
vn 0.5594 0.4310 0.7080
vn 0.2445 0.7461 -0.6193
vn 0.7461 0.2443 0.6194
vn 0.0960 0.8946 -0.4364
vn 0.9823 0.0080 0.1872
vn 0.8946 0.0958 0.4365
vn 0.0083 0.9823 -0.1871
vn 0.9959 -0.0055 -0.0907
vn -0.0052 0.9959 0.0908
vn 0.9332 0.0572 -0.3547
vn 0.7251 0.6884 0.0159
vn 0.7251 0.6885 0.0159
vn 0.7248 0.6888 0.0129
vn 0.7291 0.6844 -0.0026
vn 0.7149 0.6984 0.0343
vn 0.7247 0.6889 0.0165
vn 0.7189 0.6946 0.0271
vn 0.7316 0.6817 -0.0117
vn 0.7261 0.6874 0.0154
vn 0.6758 0.7369 -0.0179
vn 0.6830 0.7297 -0.0331
vn 0.4954 0.4951 0.7138
vn 0.3022 0.6883 0.6595
vn 0.6937 0.7189 0.0434
vn 0.6830 0.7297 0.0332
vn 0.7396 0.6730 0.0001
vn 0.7371 0.6756 0.0180
vn 0.6758 0.7369 0.0180
vn 0.6733 0.7394 0.0001
vn 0.6937 0.7189 -0.0433
vn 0.7064 0.7062 -0.0469
vn 0.7299 0.6828 0.0332
vn 0.7191 0.6935 0.0434
vn 0.7191 0.6935 -0.0433
vn 0.7299 0.6828 -0.0331
vn 0.7064 0.7062 0.0470
vn 0.7371 0.6756 -0.0179
vn 0.3022 0.6885 -0.6593
vn 0.6885 0.3019 0.6594
vn 0.1385 0.8522 -0.5046
vn 0.8522 0.1382 0.5047
vn 0.0291 0.9616 -0.2730
vn 0.9616 0.0288 0.2731
vn -0.0093 1.0000 0.0002
vn 0.9615 0.0289 -0.2732
vn 1.0000 -0.0096 -0.0001
vn 0.0291 0.9615 0.2733
vn 0.8521 0.1383 -0.5047
vn 0.1385 0.8520 0.5048
vn 0.6884 0.3021 -0.6594
vn -0.4490 0.4492 -0.7724
vn -0.5004 0.5006 -0.7064
vn -0.4995 0.4998 -0.7076
vn -0.5882 0.5884 -0.5548
vn -0.5878 0.5880 -0.5557
vn -0.6534 0.6537 -0.3818
vn -0.6531 0.6533 -0.3831
vn -0.6936 0.6938 -0.1941
vn -0.6934 0.6936 -0.1955
vn -0.7070 0.7072 0.0010
vn -0.7070 0.7072 -0.0013
vn -0.6933 0.6935 0.1961
vn -0.6937 0.6938 0.1935
vn -0.6529 0.6531 0.3836
vn -0.6532 0.6534 0.3826
vn -0.5875 0.5876 0.5564
vn -0.5877 0.5878 0.5559
vn -0.4995 0.4995 0.7078
vn -0.5003 0.5004 0.7066
vn -0.3923 0.3923 0.8320
vn -0.3934 0.3934 0.8310
vn -0.3404 0.3405 0.8765
vn -0.3403 0.3404 0.8765
vn -0.3481 0.3481 0.8704
vn -0.7061 -0.7078 -0.0225
vn -0.7066 -0.7070 -0.0293
vn -0.7095 -0.7041 -0.0287
vn -0.7093 -0.7044 -0.0261
vn 0.4242 -0.4243 -0.8000
vn 0.4289 -0.4290 -0.7950
vn 0.4333 -0.4333 -0.7903
vn 0.4334 -0.4335 -0.7901
vn -0.7065 -0.7077 -0.0046
vn -0.7061 -0.7081 -0.0092
vn -0.7061 -0.7081 -0.0090
vn -0.7060 -0.7080 -0.0165
vn -0.7060 -0.7081 -0.0164
vn -0.7070 -0.7068 -0.0229
vn -0.7070 -0.7069 -0.0228
vn -0.7089 -0.7048 -0.0277
vn -0.7088 -0.7048 -0.0276
vn -0.7111 -0.7025 -0.0304
vn -0.7108 -0.7028 -0.0301
vn -0.7126 -0.7009 -0.0307
vn -0.7124 -0.7011 -0.0308
vn -0.7069 -0.7065 -0.0339
vn -0.7071 -0.7061 -0.0363
vn -0.7070 -0.7063 -0.0349
vn -0.7072 -0.7060 -0.0373
vn -0.6792 0.6795 -0.2775
vn -0.7060 0.7062 -0.0541
vn -0.7059 0.7061 -0.0552
vn -0.6791 0.6793 -0.2781
vn 0.7054 -0.7056 -0.0668
vn 0.1284 -0.1283 -0.9834
vn 0.1285 -0.1284 -0.9834
vn 0.7054 -0.7056 -0.0666
vn 0.3888 -0.3890 0.8352
vn 0.4870 -0.4871 -0.7249
vn 0.4876 -0.4877 -0.7242
vn -0.6995 0.6997 0.1457
vn -0.6996 0.6998 0.1444
vn -0.3123 0.3123 0.8972
vn 0.5501 -0.5502 -0.6282
vn 0.5507 -0.5508 -0.6272
vn -0.6685 0.6686 0.3257
vn -0.6688 0.6690 0.3242
vn -0.5870 0.5871 0.5575
vn -0.6236 0.6238 0.4712
vn -0.5863 0.5864 0.5590
vn 0.6108 -0.6109 -0.5037
vn 0.6112 -0.6114 -0.5026
vn -0.5725 0.5726 0.5869
vn -0.5730 0.5731 0.5859
vn 0.6629 -0.6630 -0.3479
vn 0.6632 -0.6633 -0.3467
vn -0.6231 0.6233 0.4725
vn -0.6235 0.6237 0.4715
vn 0.6954 -0.6956 -0.1804
vn 0.6955 -0.6957 -0.1796
vn 0.6356 -0.6359 0.4378
vn 0.6357 -0.6359 0.4378
vn 0.7070 -0.7072 -0.0010
vn 0.4383 -0.4384 -0.7847
vn 0.4574 -0.4576 0.7625
vn 0.5882 -0.5884 0.5548
vn 0.5004 -0.5006 0.7064
vn 0.5469 -0.5471 0.6336
vn 0.5750 -0.5752 0.5818
vn 0.3423 -0.3423 -0.8750
vn 0.3923 -0.3923 -0.8320
vn 0.4995 -0.4995 -0.7078
vn 0.4828 -0.4829 -0.7306
vn 0.4480 -0.4481 -0.7736
vn 0.2700 -0.2700 -0.9243
vn 0.3933 -0.3935 0.8309
vn 0.3339 -0.3340 0.8815
vn 0.2046 -0.2046 -0.9572
vn 0.5875 -0.5876 -0.5564
vn 0.6529 -0.6531 -0.3836
vn 0.6935 -0.6938 0.1941
vn 0.6534 -0.6537 0.3818
vn 0.6933 -0.6935 -0.1961
vn 0.6936 -0.6938 0.1941
vn 0.5461 -0.5462 -0.6352
vn 0.6238 -0.6240 0.4705
vn -0.6935 0.6938 -0.1941
vn -0.6933 0.6935 0.1960
vn 0.7080 0.7059 -0.0223
vn 0.7046 0.7091 -0.0260
vn 0.7043 0.7093 -0.0285
vn 0.7072 0.7064 -0.0291
vn 0.7079 0.7063 -0.0045
vn 0.7083 0.7059 -0.0089
vn 0.7083 0.7059 -0.0090
vn 0.7082 0.7058 -0.0163
vn 0.7082 0.7058 -0.0164
vn 0.7071 0.7068 -0.0227
vn 0.7070 0.7068 -0.0228
vn 0.7050 0.7086 -0.0275
vn 0.7050 0.7087 -0.0276
vn 0.7030 0.7106 -0.0300
vn 0.7027 0.7109 -0.0302
vn 0.7013 0.7122 -0.0306
vn 0.7011 0.7125 -0.0306
vn 0.7065 0.7068 -0.0348
vn 0.7063 0.7069 -0.0362
vn 0.7066 0.7068 -0.0338
vn 0.7062 0.7070 -0.0372
vn -0.2668 -0.2668 0.9261
vn -0.5738 -0.5738 0.5844
vn -0.1085 -0.4839 0.8683
vn 0.0852 0.0852 0.9927
vn 0.3464 -0.2730 0.8975
vn -0.2622 -0.2622 0.9287
vn -0.1021 -0.4817 0.8704
vn -0.0514 -0.7017 0.7107
vn 0.4407 -0.6322 0.6373
vn -0.0443 -0.7019 0.7109
vn -0.1108 -0.8616 0.4953
vn 0.3427 -0.8962 0.2819
vn -0.1044 -0.8637 0.4930
vn -0.2708 -0.9210 0.2799
vn 0.0787 -0.9942 -0.0735
vn -0.2662 -0.9238 0.2752
vn 0.1211 -0.3687 0.9216
vn 0.1674 -0.6830 0.7110
vn 0.7136 -0.5077 0.4828
vn 0.6712 -0.0695 0.7380
vn -0.2806 -0.9000 -0.3337
vn -0.4864 -0.8661 0.1157
vn -0.4885 -0.8639 0.1222
vn -0.9996 -0.0005 0.0285
vn -0.9073 0.2481 0.3394
vn -0.5804 0.8055 -0.1196
vn -0.7170 0.4774 -0.5079
vn -0.3608 0.2270 0.9046
vn -0.0691 -0.0336 0.9970
vn 0.4463 0.3994 0.8008
vn 0.0937 0.7624 0.6402
vn 0.0714 -0.9018 0.4263
vn -0.1384 -0.9815 0.1327
vn 0.3008 -0.9112 -0.2815
vn 0.5771 -0.8087 0.1135
vn -0.6388 -0.6388 -0.4289
vn -0.7059 -0.7059 0.0573
vn -0.7056 -0.7056 0.0645
vn -0.6711 0.3320 0.6629
vn -0.2839 0.9104 0.3009
vn -0.4186 -0.9020 -0.1055
vn -0.7065 -0.6713 -0.2242
vn -0.4073 -0.4536 -0.7927
vn -0.0554 -0.7880 -0.6131
vn -0.9000 -0.2806 -0.3337
vn -0.8661 -0.4864 0.1157
vn -0.8639 -0.4885 0.1222
vn -0.9232 -0.3403 -0.1785
vn -0.6537 0.0131 -0.7567
vn -0.9942 0.0787 -0.0735
vn -0.9238 -0.2662 0.2752
vn -0.9210 -0.2708 0.2799
vn -0.8962 0.3427 0.2819
vn -0.8637 -0.1044 0.4930
vn -0.8616 -0.1108 0.4953
vn -0.7017 -0.0514 0.7107
vn -0.6322 0.4407 0.6373
vn -0.7019 -0.0443 0.7109
vn -0.4817 -0.1021 0.8704
vn -0.4839 -0.1085 0.8683
vn -0.2730 0.3464 0.8975
vn 0.7797 -0.5997 0.1801
vn 0.7016 0.7012 0.1272
vn 0.7069 -0.7073 -0.0001
vn -0.5772 -0.5770 0.5779
vn -0.4088 -0.4085 -0.8161
vn 0.4088 0.4085 0.8161
vn -0.7016 -0.7012 -0.1272
vn -0.0631 -0.0632 0.9960
vn -0.7069 0.7073 0.0001
vn 0.0631 0.0632 -0.9960
vn -0.6967 -0.6963 -0.1729
vn 0.0610 0.0612 -0.9963
vn -0.4117 -0.4113 -0.8132
vn -0.3332 -0.3329 -0.8821
vn -0.7024 -0.7021 0.1173
vn 0.5772 0.5770 -0.5779
vn -0.1358 -0.1359 0.9814
vn -0.5992 0.7800 0.1803
vn 0.6999 0.6995 0.1447
vn 0.5580 0.5576 0.6146
vn 0.6818 0.6814 0.2660
vn 0.7019 0.7016 -0.1232
vn 0.6151 0.6149 -0.4936
vn 0.4347 0.4346 -0.7888
vn 0.1880 0.1881 -0.9640
vn -0.0872 -0.0870 -0.9924
vn -0.0406 -0.0404 -0.9984
vn -0.3492 -0.3488 -0.8697
vn -0.5580 -0.5576 -0.6146
vn -0.6818 -0.6814 -0.2660
vn -0.7019 -0.7016 0.1232
vn -0.6151 -0.6149 0.4936
vn -0.5906 -0.5904 0.5500
vn -0.4346 -0.4346 0.7888
vn -0.4347 -0.4346 0.7888
vn -0.1880 -0.1881 0.9640
vn 0.0872 0.0870 0.9924
vn 0.6898 -0.7229 -0.0409
vn 0.7021 -0.7106 -0.0467
vn 0.3492 0.3488 0.8697
vn 0.1849 -0.8056 0.5629
vn 0.0561 -0.9342 0.3522
vn 0.6773 -0.7354 0.0230
vn 0.6732 -0.7394 0.0057
vn 0.7323 -0.6803 0.0287
vn 0.7225 -0.6901 0.0407
vn 0.6742 -0.7385 -0.0126
vn 0.6800 -0.7327 -0.0290
vn 0.7150 -0.6977 -0.0454
vn 0.7265 -0.6861 -0.0371
vn 0.7102 -0.7024 0.0464
vn 0.6973 -0.7153 0.0451
vn 0.7350 -0.6777 -0.0233
vn 0.7391 -0.6736 -0.0059
vn 0.6858 -0.7269 0.0369
vn 0.7381 -0.6745 0.0124
vn 0.6293 -0.3611 -0.6881
vn 0.8054 -0.1852 -0.5631
vn 0.3609 -0.6296 0.6880
vn 0.4329 -0.5575 -0.7084
vn 0.5574 -0.4333 0.7082
vn 0.2459 -0.7444 -0.6209
vn 0.7443 -0.2464 0.6207
vn 0.0969 -0.8934 -0.4388
vn 0.9818 -0.0090 0.1898
vn 0.8934 -0.0974 0.4386
vn 0.0085 -0.9818 -0.1899
vn 0.9961 0.0054 -0.0880
vn -0.0059 -0.9961 0.0878
vn 0.9342 -0.0565 -0.3524
vn -0.5352 -0.5350 0.6537
vn 0.7248 -0.6887 0.0159
vn 0.7289 -0.6846 -0.0027
vn 0.7245 -0.6891 0.0128
vn 0.7248 -0.6888 0.0158
vn 0.2999 0.3000 -0.9056
vn 0.7145 -0.6988 0.0342
vn 0.7186 -0.6950 0.0270
vn 0.7244 -0.6892 0.0164
vn 0.7313 -0.6819 -0.0118
vn 0.7258 -0.6877 0.0153
vn 0.0514 0.0516 -0.9973
vn -0.3895 -0.3894 0.8347
vn 0.7059 0.7056 -0.0624
vn 0.7073 0.7069 0.0038
vn 0.6544 0.6542 -0.3792
vn 0.5020 0.5018 -0.7044
vn 0.2731 0.2731 -0.9224
vn 0.0026 0.0028 -1.0000
vn -0.2683 -0.2680 -0.9253
vn -0.4983 -0.4979 -0.7098
vn -0.6524 -0.6520 -0.3862
vn -0.7073 -0.7069 -0.0038
vn -0.6544 -0.6542 0.3792
vn -0.5020 -0.5018 0.7044
vn -0.2731 -0.2731 0.9224
vn -0.0026 -0.0028 1.0000
vn 0.2683 0.2680 0.9253
vn 0.2244 0.2241 0.9484
vn 0.4983 0.4979 0.7098
vn 0.6755 -0.7371 -0.0182
vn 0.6828 -0.7299 -0.0334
vn 0.6524 0.6520 0.3862
vn 0.4933 -0.4974 0.7137
vn 0.3002 -0.6903 0.6583
vn 0.6933 -0.7193 0.0432
vn 0.6826 -0.7301 0.0329
vn 0.7393 -0.6733 0.0001
vn 0.7368 -0.6759 0.0180
vn 0.6754 -0.7372 0.0177
vn 0.6730 -0.7397 -0.0003
vn 0.6936 -0.7191 -0.0435
vn 0.7063 -0.7064 -0.0470
vn 0.7295 -0.6832 0.0332
vn 0.7187 -0.6939 0.0433
vn 0.7190 -0.6937 -0.0434
vn 0.7297 -0.6830 -0.0332
vn 0.7060 -0.7066 0.0468
vn 0.7368 -0.6758 -0.0179
vn 0.3036 -0.6866 -0.6606
vn 0.4970 -0.4934 -0.7139
vn 0.4970 -0.4934 -0.7138
vn 0.6866 -0.3041 0.6604
vn 0.1395 -0.8508 -0.5067
vn 0.8508 -0.1400 0.5065
vn 0.0294 -0.9608 -0.2757
vn 0.9608 -0.0300 0.2756
vn -0.0097 -0.9999 -0.0028
vn 0.9622 -0.0285 -0.2707
vn 1.0000 0.0092 0.0026
vn 0.0280 -0.9623 0.2705
vn 0.8534 -0.1372 -0.5029
vn 0.1368 -0.8536 0.5027
vn 0.6900 -0.3004 -0.6585
vn 0.6900 -0.3005 -0.6585
vn 0.1354 0.1352 0.9815
vn 0.6942 0.6939 -0.1914
vn 0.4346 0.4346 -0.7888
vn -0.7225 0.6901 -0.0407
vn -0.7102 0.7024 -0.0464
vn -0.8054 0.1852 0.5631
vn -0.9342 0.0565 0.3524
vn -0.7350 0.6777 0.0233
vn -0.7391 0.6736 0.0059
vn -0.6800 0.7327 0.0290
vn -0.6898 0.7229 0.0409
vn -0.7381 0.6745 -0.0124
vn -0.7323 0.6803 -0.0287
vn -0.6973 0.7153 -0.0451
vn -0.6858 0.7269 -0.0369
vn -0.7021 0.7106 0.0467
vn -0.7150 0.6977 0.0454
vn -0.6773 0.7354 -0.0230
vn -0.6732 0.7394 -0.0057
vn -0.7265 0.6861 0.0371
vn -0.6742 0.7385 0.0126
vn -0.3609 0.6296 -0.6880
vn -0.1849 0.8056 -0.5629
vn -0.6293 0.3611 0.6881
vn -0.5574 0.4333 -0.7082
vn -0.4329 0.5575 0.7084
vn -0.7443 0.2464 -0.6207
vn -0.2459 0.7444 0.6209
vn -0.8934 0.0974 -0.4386
vn -0.0085 0.9818 0.1899
vn -0.0969 0.8934 0.4388
vn -0.9818 0.0090 -0.1898
vn 0.0059 0.9961 -0.0878
vn -0.9961 -0.0054 0.0880
vn -0.0561 0.9342 -0.3522
vn -0.6884 0.7252 0.0161
vn -0.6884 0.7251 0.0161
vn -0.6888 0.7249 0.0131
vn -0.6843 0.7292 -0.0025
vn -0.6984 0.7149 0.0344
vn -0.6888 0.7247 0.0167
vn -0.6946 0.7189 0.0272
vn -0.6816 0.7317 -0.0115
vn -0.6873 0.7262 0.0156
vn -0.6525 -0.6520 -0.3862
vn -0.7368 0.6759 -0.0180
vn -0.7295 0.6831 -0.0332
vn -0.4970 0.4934 0.7138
vn -0.6900 0.3004 0.6585
vn -0.7190 0.6937 0.0434
vn -0.7297 0.6830 0.0332
vn -0.6730 0.7397 0.0003
vn -0.6755 0.7371 0.0182
vn -0.7369 0.6758 0.0179
vn -0.7393 0.6733 -0.0001
vn -0.7187 0.6939 -0.0433
vn -0.7060 0.7066 -0.0468
vn -0.6828 0.7299 0.0334
vn -0.6936 0.7191 0.0435
vn -0.6933 0.7193 -0.0432
vn -0.6826 0.7301 -0.0329
vn -0.7063 0.7064 0.0470
vn -0.6754 0.7372 -0.0177
vn -0.6866 0.3041 -0.6604
vn -0.4933 0.4974 -0.7137
vn -0.3036 0.6866 0.6606
vn -0.8508 0.1400 -0.5065
vn -0.1395 0.8508 0.5067
vn -0.9608 0.0300 -0.2756
vn -0.0294 0.9608 0.2757
vn -1.0000 -0.0092 -0.0026
vn -0.0280 0.9623 -0.2705
vn 0.0097 0.9999 0.0028
vn -0.9622 0.0285 0.2707
vn -0.1368 0.8536 -0.5027
vn -0.8534 0.1372 0.5029
vn -0.3002 0.6903 -0.6583
vn -0.4514 -0.4511 -0.7699
vn -0.5026 -0.5022 -0.7037
vn -0.5018 -0.5014 -0.7049
vn -0.5900 -0.5896 -0.5515
vn -0.5896 -0.5892 -0.5525
vn -0.6548 -0.6544 -0.3782
vn -0.6544 -0.6540 -0.3795
vn -0.6944 -0.6940 -0.1903
vn -0.6942 -0.6938 -0.1917
vn -0.7073 -0.7069 0.0049
vn -0.7073 -0.7069 0.0026
vn -0.6930 -0.6927 0.1999
vn -0.6934 -0.6931 0.1973
vn -0.6521 -0.6518 0.3872
vn -0.6524 -0.6521 0.3861
vn -0.5861 -0.5859 0.5596
vn -0.5863 -0.5861 0.5591
vn -0.4976 -0.4975 0.7105
vn -0.4985 -0.4984 0.7093
vn -0.3900 -0.3900 0.8342
vn -0.3911 -0.3911 0.8331
vn -0.3381 -0.3380 0.8783
vn -0.3379 -0.3379 0.8784
vn -0.3458 -0.3457 0.8723
vn 0.7076 -0.7062 -0.0225
vn 0.7068 -0.7068 -0.0293
vn 0.7040 -0.7096 -0.0287
vn 0.7043 -0.7095 -0.0262
vn 0.4221 0.4220 -0.8023
vn 0.4268 0.4267 -0.7973
vn 0.4312 0.4311 -0.7926
vn 0.4313 0.4312 -0.7925
vn 0.7076 -0.7066 -0.0047
vn 0.7080 -0.7062 -0.0092
vn 0.7080 -0.7062 -0.0091
vn 0.7079 -0.7061 -0.0165
vn 0.7079 -0.7061 -0.0164
vn 0.7067 -0.7071 -0.0230
vn 0.7067 -0.7071 -0.0229
vn 0.7046 -0.7091 -0.0278
vn 0.7047 -0.7090 -0.0277
vn 0.7023 -0.7112 -0.0304
vn 0.7026 -0.7109 -0.0302
vn 0.7007 -0.7128 -0.0307
vn 0.7009 -0.7126 -0.0308
vn 0.7063 -0.7071 -0.0339
vn 0.7060 -0.7073 -0.0364
vn 0.7061 -0.7072 -0.0350
vn 0.7058 -0.7074 -0.0374
vn -0.6803 -0.6799 -0.2737
vn -0.7064 -0.7060 -0.0502
vn -0.7064 -0.7060 -0.0513
vn -0.6802 -0.6798 -0.2743
vn 0.7055 0.7052 -0.0707
vn 0.1256 0.1257 -0.9841
vn 0.1257 0.1258 -0.9841
vn 0.7055 0.7052 -0.0705
vn 0.3914 0.3910 0.8330
vn 0.4851 0.4850 -0.7276
vn 0.4857 0.4856 -0.7268
vn -0.6993 -0.6990 0.1495
vn -0.6995 -0.6991 0.1483
vn -0.3098 -0.3098 0.8989
vn 0.5485 0.5483 -0.6312
vn 0.5491 0.5489 -0.6302
vn -0.6678 -0.6675 0.3294
vn -0.6682 -0.6679 0.3279
vn -0.5856 -0.5854 0.5607
vn -0.6225 -0.6223 0.4746
vn -0.5849 -0.5847 0.5622
vn 0.6096 0.6093 -0.5071
vn 0.6100 0.6098 -0.5060
vn -0.5710 -0.5708 0.5900
vn -0.5715 -0.5713 0.5890
vn 0.6621 0.6618 -0.3515
vn 0.6624 0.6622 -0.3503
vn -0.6220 -0.6218 0.4759
vn -0.6224 -0.6222 0.4749
vn 0.6952 0.6948 -0.1842
vn 0.6953 0.6949 -0.1835
vn 0.6372 0.6368 0.4343
vn 0.7073 0.7069 -0.0049
vn 0.4362 0.4361 -0.7871
vn 0.4598 0.4594 0.7600
vn 0.5900 0.5896 0.5515
vn 0.5026 0.5022 0.7037
vn 0.5490 0.5486 0.6306
vn 0.5769 0.5765 0.5786
vn 0.3399 0.3399 -0.8769
vn 0.3900 0.3900 -0.8342
vn 0.4976 0.4975 -0.7105
vn 0.4809 0.4808 -0.7332
vn 0.4460 0.4459 -0.7761
vn 0.2674 0.2674 -0.9257
vn 0.3959 0.3955 0.8288
vn 0.3365 0.3362 0.8796
vn 0.2019 0.2020 -0.9583
vn 0.5861 0.5859 -0.5596
vn 0.6521 0.6518 -0.3872
vn 0.6944 0.6940 0.1903
vn 0.6548 0.6544 0.3782
vn 0.6930 0.6927 -0.1999
vn 0.5445 0.5443 -0.6381
vn 0.6254 0.6250 0.4671
vn -0.3380 -0.3380 0.8783
vn -0.3457 -0.3457 0.8723
vn -0.7059 0.7080 -0.0223
vn -0.7091 0.7046 -0.0259
vn -0.7093 0.7043 -0.0285
vn -0.7064 0.7072 -0.0291
vn -0.7062 0.7080 -0.0044
vn -0.7058 0.7083 -0.0088
vn -0.7058 0.7083 -0.0090
vn -0.7057 0.7083 -0.0162
vn -0.7057 0.7083 -0.0163
vn -0.7068 0.7071 -0.0226
vn -0.7068 0.7071 -0.0227
vn -0.7086 0.7050 -0.0274
vn -0.7087 0.7050 -0.0275
vn -0.7106 0.7030 -0.0299
vn -0.7109 0.7027 -0.0301
vn -0.7122 0.7013 -0.0305
vn -0.7125 0.7011 -0.0305
vn -0.7069 0.7065 -0.0347
vn -0.7070 0.7063 -0.0361
vn -0.7068 0.7066 -0.0337
vn -0.7070 0.7062 -0.0371
vn 0.5485 0.5484 -0.6312
vn 0.6372 0.6367 0.4343
vn 0.2345 -0.8751 -0.4233
vn 0.6406 -0.6406 -0.4233
vn -0.6406 0.6406 -0.4233
vn -0.8751 0.2345 -0.4233
vn 0.6406 0.6406 -0.4233
vn 0.2345 0.8751 -0.4233
vn 0.8751 -0.2345 -0.4233
vn -0.8751 -0.2345 -0.4233
vn -0.6406 -0.6406 -0.4233
vn -0.2345 -0.8751 -0.4233
vn -0.2345 0.8751 -0.4233
vn 0.8751 0.2345 -0.4233
vn 0.2025 0.7557 0.6228
vn -0.2025 0.7557 0.6228
vn 0.7557 -0.2025 0.6228
vn 0.7557 0.2025 0.6228
vn -0.7557 -0.2025 0.6228
vn -0.5532 -0.5532 0.6228
vn -0.2025 -0.7557 0.6228
vn 0.2025 -0.7557 0.6228
vn -0.5532 0.5532 0.6228
vn 0.5532 0.5532 0.6228
vn 0.5532 -0.5532 0.6228
vn -0.7557 0.2025 0.6228
vn -0.0000 -0.0000 1.0000
vn -0.0000 -0.0000 -1.0000
vn 0.2668 0.2668 0.9261
vn 0.5738 0.5738 0.5844
vn 0.1085 0.4839 0.8683
vn -0.0852 -0.0852 0.9927
vn -0.3464 0.2730 0.8975
vn 0.2622 0.2622 0.9287
vn 0.1021 0.4817 0.8704
vn 0.0514 0.7017 0.7107
vn -0.4407 0.6322 0.6373
vn 0.0443 0.7019 0.7109
vn 0.1108 0.8616 0.4953
vn -0.3427 0.8962 0.2819
vn 0.1044 0.8637 0.4930
vn 0.2708 0.9210 0.2799
vn -0.0787 0.9942 -0.0735
vn 0.2662 0.9238 0.2752
vn -0.1215 0.3688 0.9215
vn -0.1682 0.6830 0.7108
vn -0.7148 0.5066 0.4821
vn -0.6715 0.0688 0.7378
vn 0.2806 0.9000 -0.3337
vn 0.4864 0.8661 0.1157
vn 0.4885 0.8639 0.1222
vn 0.9996 0.0012 0.0290
vn 0.9074 -0.2472 0.3399
vn 0.5819 -0.8046 -0.1182
vn 0.7181 -0.4768 -0.5069
vn 0.3610 -0.2261 0.9047
vn 0.0692 0.0340 0.9970
vn -0.4458 -0.3994 0.8011
vn -0.0926 -0.7618 0.6412
vn -0.0724 0.9019 0.4258
vn 0.1376 0.9817 0.1319
vn -0.3022 0.9103 -0.2830
vn -0.5787 0.8078 0.1123
vn 0.6388 0.6388 -0.4289
vn 0.7059 0.7059 0.0573
vn 0.7056 0.7056 0.0645
vn 0.6713 -0.3310 0.6632
vn 0.2853 -0.9095 0.3022
vn 0.4181 0.9022 -0.1061
vn 0.7063 0.6714 -0.2244
vn 0.4071 0.4530 -0.7932
vn 0.0546 0.7871 -0.6144
vn 0.9000 0.2806 -0.3337
vn 0.8661 0.4864 0.1157
vn 0.8639 0.4885 0.1222
vn 0.9231 0.3407 -0.1783
vn 0.6541 -0.0132 -0.7563
vn 0.9942 -0.0787 -0.0735
vn 0.9238 0.2662 0.2752
vn 0.9210 0.2708 0.2799
vn 0.8962 -0.3427 0.2819
vn 0.8637 0.1044 0.4930
vn 0.8616 0.1108 0.4953
vn 0.7017 0.0514 0.7107
vn 0.6322 -0.4407 0.6373
vn 0.7019 0.0443 0.7109
vn 0.4817 0.1021 0.8704
vn 0.4839 0.1085 0.8683
vn 0.2730 -0.3464 0.8975
vn -0.7800 0.5992 0.1803
vn -0.7012 -0.7016 0.1272
vn -0.7073 0.7069 0.0001
vn 0.5770 0.5772 0.5779
vn 0.4085 0.4088 -0.8161
vn -0.4085 -0.4088 0.8161
vn 0.7012 0.7016 -0.1272
vn 0.0632 0.0631 0.9960
vn 0.7073 -0.7069 -0.0001
vn -0.0632 -0.0631 -0.9960
vn 0.6963 0.6967 -0.1729
vn -0.0612 -0.0610 -0.9963
vn 0.4113 0.4117 -0.8132
vn 0.3329 0.3332 -0.8821
vn 0.7021 0.7024 0.1173
vn -0.5770 -0.5772 -0.5779
vn 0.1359 0.1358 0.9814
vn 0.5997 -0.7797 0.1801
vn -0.6995 -0.6999 0.1447
vn -0.5576 -0.5580 0.6146
vn -0.6814 -0.6818 0.2660
vn -0.7016 -0.7019 -0.1232
vn -0.6149 -0.6151 -0.4936
vn -0.4346 -0.4347 -0.7888
vn -0.1881 -0.1880 -0.9640
vn 0.0870 0.0872 -0.9924
vn 0.0404 0.0406 -0.9984
vn 0.3488 0.3492 -0.8697
vn 0.5576 0.5580 -0.6146
vn 0.6814 0.6818 -0.2660
vn 0.7016 0.7019 0.1232
vn 0.6149 0.6151 0.4936
vn 0.5904 0.5906 0.5500
vn 0.4346 0.4347 0.7888
vn 0.1881 0.1880 0.9640
vn -0.0870 -0.0872 0.9924
vn -0.6901 0.7225 -0.0407
vn -0.7024 0.7102 -0.0464
vn -0.3488 -0.3492 0.8697
vn -0.1852 0.8054 0.5631
vn -0.0565 0.9342 0.3524
vn -0.6777 0.7350 0.0233
vn -0.6736 0.7391 0.0059
vn -0.7327 0.6800 0.0290
vn -0.7229 0.6898 0.0409
vn -0.6745 0.7381 -0.0124
vn -0.6803 0.7323 -0.0287
vn -0.7153 0.6973 -0.0451
vn -0.7269 0.6857 -0.0369
vn -0.7106 0.7021 0.0467
vn -0.6977 0.7150 0.0453
vn -0.7354 0.6773 -0.0230
vn -0.7394 0.6732 -0.0057
vn -0.6861 0.7265 0.0371
vn -0.7385 0.6742 0.0126
vn -0.6296 0.3609 -0.6880
vn -0.8056 0.1849 -0.5629
vn -0.3611 0.6293 0.6881
vn -0.4333 0.5574 -0.7082
vn -0.5575 0.4329 0.7084
vn -0.2464 0.7443 -0.6207
vn -0.7444 0.2459 0.6209
vn -0.0974 0.8934 -0.4386
vn -0.9818 0.0084 0.1899
vn -0.8934 0.0969 0.4388
vn -0.0090 0.9818 -0.1898
vn -0.9961 -0.0059 -0.0878
vn 0.0054 0.9961 0.0880
vn -0.9342 0.0561 -0.3522
vn 0.5350 0.5352 0.6537
vn -0.7252 0.6884 0.0161
vn -0.7292 0.6843 -0.0025
vn -0.7249 0.6888 0.0131
vn -0.7251 0.6884 0.0161
vn -0.3000 -0.2999 -0.9056
vn -0.7149 0.6984 0.0344
vn -0.7189 0.6946 0.0272
vn -0.7247 0.6888 0.0167
vn -0.7317 0.6816 -0.0115
vn -0.7262 0.6873 0.0156
vn -0.0516 -0.0514 -0.9973
vn 0.3894 0.3895 0.8347
vn -0.7056 -0.7059 -0.0624
vn -0.7069 -0.7073 0.0038
vn -0.6542 -0.6544 -0.3792
vn -0.5018 -0.5020 -0.7044
vn -0.2731 -0.2731 -0.9224
vn -0.0028 -0.0026 -1.0000
vn 0.2680 0.2683 -0.9253
vn 0.4979 0.4983 -0.7098
vn 0.6520 0.6524 -0.3862
vn 0.7069 0.7073 -0.0038
vn 0.6542 0.6544 0.3792
vn 0.5018 0.5020 0.7044
vn 0.2731 0.2731 0.9224
vn 0.0028 0.0026 1.0000
vn -0.2680 -0.2683 0.9253
vn -0.2241 -0.2244 0.9484
vn -0.4979 -0.4983 0.7098
vn -0.6759 0.7368 -0.0180
vn -0.6832 0.7295 -0.0332
vn -0.6520 -0.6525 0.3862
vn -0.4934 0.4970 0.7138
vn -0.3005 0.6900 0.6585
vn -0.6937 0.7190 0.0434
vn -0.6830 0.7297 0.0332
vn -0.7397 0.6730 0.0003
vn -0.7371 0.6755 0.0182
vn -0.6758 0.7368 0.0179
vn -0.6733 0.7393 -0.0001
vn -0.6939 0.7187 -0.0433
vn -0.7066 0.7060 -0.0468
vn -0.7299 0.6828 0.0334
vn -0.7191 0.6936 0.0435
vn -0.7193 0.6933 -0.0432
vn -0.7301 0.6826 -0.0329
vn -0.7064 0.7063 0.0471
vn -0.7372 0.6754 -0.0177
vn -0.3041 0.6866 -0.6604
vn -0.4974 0.4933 -0.7137
vn -0.6866 0.3036 0.6606
vn -0.1400 0.8508 -0.5065
vn -0.8508 0.1395 0.5067
vn -0.0300 0.9608 -0.2756
vn -0.9608 0.0294 0.2757
vn 0.0092 1.0000 -0.0026
vn -0.9623 0.0280 -0.2705
vn -0.9999 -0.0097 0.0028
vn -0.0285 0.9622 0.2707
vn -0.8536 0.1368 -0.5027
vn -0.1372 0.8534 0.5029
vn -0.6903 0.3002 -0.6583
vn -0.1352 -0.1354 0.9815
vn -0.6939 -0.6942 -0.1914
vn 0.7229 -0.6898 -0.0409
vn 0.7106 -0.7021 -0.0467
vn 0.8056 -0.1849 0.5629
vn 0.9342 -0.0561 0.3522
vn 0.7354 -0.6773 0.0230
vn 0.7394 -0.6732 0.0057
vn 0.6804 -0.7323 0.0287
vn 0.6901 -0.7225 0.0407
vn 0.7385 -0.6742 -0.0126
vn 0.7327 -0.6800 -0.0290
vn 0.6977 -0.7150 -0.0454
vn 0.6861 -0.7265 -0.0371
vn 0.7024 -0.7102 0.0464
vn 0.7153 -0.6973 0.0451
vn 0.6777 -0.7350 -0.0233
vn 0.6736 -0.7391 -0.0059
vn 0.7269 -0.6858 0.0369
vn 0.6745 -0.7381 0.0124
vn 0.3611 -0.6293 -0.6881
vn 0.1852 -0.8054 -0.5631
vn 0.6296 -0.3609 0.6880
vn 0.5575 -0.4329 -0.7084
vn 0.4333 -0.5574 0.7082
vn 0.7444 -0.2459 -0.6209
vn 0.2464 -0.7443 0.6207
vn 0.8934 -0.0969 -0.4388
vn 0.0090 -0.9818 0.1898
vn 0.0974 -0.8934 0.4386
vn 0.9818 -0.0085 -0.1899
vn -0.0054 -0.9961 -0.0880
vn 0.9961 0.0059 0.0878
vn 0.0565 -0.9342 -0.3524
vn 0.6887 -0.7248 0.0159
vn 0.6888 -0.7248 0.0158
vn 0.6891 -0.7245 0.0128
vn 0.6846 -0.7289 -0.0027
vn 0.6988 -0.7145 0.0342
vn 0.6892 -0.7244 0.0164
vn 0.6950 -0.7185 0.0270
vn 0.6819 -0.7313 -0.0118
vn 0.6877 -0.7258 0.0153
vn 0.7371 -0.6755 -0.0182
vn 0.7299 -0.6828 -0.0334
vn -0.6520 -0.6524 0.3862
vn 0.4974 -0.4933 0.7137
vn 0.6903 -0.3002 0.6583
vn 0.7193 -0.6933 0.0432
vn 0.7301 -0.6826 0.0329
vn 0.6733 -0.7393 0.0001
vn 0.6759 -0.7368 0.0180
vn 0.7372 -0.6754 0.0177
vn 0.7397 -0.6730 -0.0003
vn 0.7191 -0.6936 -0.0435
vn 0.7064 -0.7063 -0.0470
vn 0.6832 -0.7295 0.0332
vn 0.6939 -0.7187 0.0433
vn 0.6937 -0.7190 -0.0434
vn 0.6830 -0.7297 -0.0332
vn 0.7066 -0.7060 0.0468
vn 0.6758 -0.7368 -0.0179
vn 0.6866 -0.3036 -0.6606
vn 0.4934 -0.4970 -0.7138
vn 0.3041 -0.6866 0.6604
vn 0.8508 -0.1395 -0.5067
vn 0.1400 -0.8508 0.5065
vn 0.9608 -0.0294 -0.2757
vn 0.0300 -0.9608 0.2756
vn 0.9999 0.0097 -0.0028
vn 0.0285 -0.9622 -0.2707
vn -0.0092 -1.0000 0.0026
vn 0.9623 -0.0280 0.2705
vn 0.1372 -0.8534 -0.5029
vn 0.8536 -0.1368 0.5027
vn 0.3005 -0.6900 -0.6585
vn 0.4510 0.4514 -0.7699
vn 0.5022 0.5026 -0.7037
vn 0.5014 0.5018 -0.7049
vn 0.5896 0.5900 -0.5515
vn 0.5892 0.5896 -0.5525
vn 0.6544 0.6548 -0.3782
vn 0.6540 0.6544 -0.3795
vn 0.6940 0.6944 -0.1903
vn 0.6938 0.6942 -0.1917
vn 0.7069 0.7073 0.0049
vn 0.7069 0.7073 0.0026
vn 0.6927 0.6930 0.1999
vn 0.6931 0.6934 0.1973
vn 0.6518 0.6521 0.3872
vn 0.6521 0.6524 0.3861
vn 0.5859 0.5861 0.5596
vn 0.5861 0.5863 0.5591
vn 0.4975 0.4976 0.7105
vn 0.4984 0.4985 0.7093
vn 0.3900 0.3900 0.8342
vn 0.3911 0.3911 0.8331
vn 0.3380 0.3381 0.8783
vn 0.3379 0.3379 0.8784
vn 0.3457 0.3457 0.8723
vn -0.7080 0.7059 -0.0223
vn -0.7072 0.7064 -0.0291
vn -0.7043 0.7093 -0.0285
vn -0.7046 0.7091 -0.0259
vn -0.4220 -0.4221 -0.8023
vn -0.4267 -0.4268 -0.7973
vn -0.4311 -0.4312 -0.7926
vn -0.4312 -0.4313 -0.7925
vn -0.7080 0.7062 -0.0044
vn -0.7083 0.7058 -0.0090
vn -0.7083 0.7058 -0.0088
vn -0.7083 0.7057 -0.0163
vn -0.7083 0.7057 -0.0162
vn -0.7071 0.7068 -0.0227
vn -0.7071 0.7068 -0.0226
vn -0.7050 0.7087 -0.0275
vn -0.7050 0.7086 -0.0274
vn -0.7027 0.7109 -0.0301
vn -0.7030 0.7106 -0.0299
vn -0.7011 0.7125 -0.0305
vn -0.7013 0.7122 -0.0305
vn -0.7066 0.7068 -0.0337
vn -0.7063 0.7070 -0.0361
vn -0.7065 0.7069 -0.0347
vn -0.7062 0.7070 -0.0371
vn 0.6799 0.6803 -0.2737
vn 0.7060 0.7064 -0.0502
vn 0.7060 0.7064 -0.0513
vn 0.6798 0.6802 -0.2743
vn -0.7052 -0.7055 -0.0707
vn -0.1257 -0.1256 -0.9841
vn -0.1258 -0.1257 -0.9841
vn -0.7052 -0.7055 -0.0705
vn -0.3910 -0.3914 0.8330
vn -0.4850 -0.4851 -0.7276
vn -0.4856 -0.4857 -0.7268
vn 0.6990 0.6993 0.1495
vn 0.6991 0.6995 0.1483
vn 0.3098 0.3098 0.8989
vn -0.5484 -0.5485 -0.6312
vn -0.5489 -0.5491 -0.6302
vn 0.6675 0.6678 0.3294
vn 0.6679 0.6682 0.3279
vn 0.5854 0.5856 0.5607
vn 0.6223 0.6225 0.4746
vn 0.5847 0.5849 0.5622
vn -0.6093 -0.6096 -0.5071
vn -0.6098 -0.6100 -0.5060
vn 0.5708 0.5710 0.5900
vn 0.5713 0.5715 0.5890
vn -0.6618 -0.6621 -0.3515
vn -0.6622 -0.6624 -0.3503
vn 0.6218 0.6220 0.4759
vn 0.6222 0.6224 0.4749
vn -0.6948 -0.6952 -0.1842
vn -0.6949 -0.6953 -0.1835
vn -0.6368 -0.6372 0.4343
vn -0.6367 -0.6372 0.4343
vn -0.7069 -0.7073 -0.0049
vn -0.4361 -0.4362 -0.7871
vn -0.4594 -0.4598 0.7600
vn -0.5896 -0.5900 0.5515
vn -0.5022 -0.5026 0.7037
vn -0.5486 -0.5490 0.6306
vn -0.5765 -0.5769 0.5786
vn -0.3399 -0.3399 -0.8769
vn -0.3900 -0.3900 -0.8342
vn -0.4975 -0.4976 -0.7105
vn -0.4808 -0.4809 -0.7332
vn -0.4459 -0.4460 -0.7761
vn -0.2674 -0.2674 -0.9257
vn -0.3955 -0.3959 0.8288
vn -0.3362 -0.3365 0.8796
vn -0.2020 -0.2019 -0.9583
vn -0.5859 -0.5861 -0.5596
vn -0.6518 -0.6521 -0.3872
vn -0.6940 -0.6944 0.1903
vn -0.6544 -0.6548 0.3782
vn -0.6927 -0.6930 -0.1999
vn -0.5443 -0.5445 -0.6381
vn -0.6250 -0.6254 0.4671
vn 0.4511 0.4514 -0.7699
vn 0.3380 0.3380 0.8783
vn 0.7062 -0.7076 -0.0225
vn 0.7095 -0.7043 -0.0262
vn 0.7096 -0.7040 -0.0287
vn 0.7066 -0.7076 -0.0047
vn 0.7062 -0.7080 -0.0091
vn 0.7062 -0.7080 -0.0092
vn 0.7061 -0.7079 -0.0164
vn 0.7061 -0.7079 -0.0165
vn 0.7071 -0.7067 -0.0229
vn 0.7071 -0.7067 -0.0230
vn 0.7090 -0.7047 -0.0277
vn 0.7091 -0.7046 -0.0278
vn 0.7109 -0.7026 -0.0302
vn 0.7112 -0.7023 -0.0304
vn 0.7126 -0.7009 -0.0308
vn 0.7128 -0.7007 -0.0307
vn 0.7072 -0.7061 -0.0350
vn 0.7073 -0.7060 -0.0364
vn 0.7071 -0.7063 -0.0339
vn 0.7074 -0.7058 -0.0374
vn -0.5483 -0.5485 -0.6312
vn -0.6368 -0.6371 0.4343
vt 0.734477 0.533217
vt 0.743583 0.527870
vt 0.738708 0.538361
vt 0.722873 0.540031
vt 0.730201 0.548940
vt 0.711880 0.546486
vt 0.720341 0.556774
vt 0.743583 0.541082
vt 0.738645 0.553653
vt 0.730092 0.562216
vt 0.846581 0.352199
vt 0.856309 0.356926
vt 0.856292 0.363518
vt 0.846550 0.363616
vt 0.833374 0.350467
vt 0.833339 0.363651
vt 0.392209 0.545724
vt 0.386467 0.556108
vt 0.387315 0.542840
vt 0.856309 0.370073
vt 0.846581 0.374970
vt 0.833374 0.376762
vt 0.381664 0.543397
vt 0.629532 0.685327
vt 0.629426 0.696091
vt 0.607087 0.696607
vt 0.607193 0.685843
vt 0.846664 0.383220
vt 0.833470 0.386287
vt 0.376770 0.547245
vt 0.785469 0.522320
vt 0.785443 0.536825
vt 0.763175 0.536407
vt 0.763200 0.521903
vt 0.629532 0.845787
vt 0.627248 0.860341
vt 0.609432 0.864629
vt 0.611716 0.850075
vt 0.374194 0.533238
vt 0.365718 0.539904
vt 0.629387 0.710685
vt 0.629426 0.725199
vt 0.607087 0.725715
vt 0.607048 0.711201
vt 0.356271 0.536052
vt 0.360824 0.550486
vt 0.350620 0.548270
vt 0.373945 0.553355
vt 0.785469 0.551428
vt 0.785539 0.562216
vt 0.763270 0.561798
vt 0.763200 0.551010
vt 0.525121 0.830699
vt 0.522837 0.816144
vt 0.540653 0.820432
vt 0.542937 0.834986
vt 0.629532 0.874896
vt 0.611716 0.879184
vt 0.360824 0.562147
vt 0.350620 0.561736
vt 0.373945 0.560087
vt 0.785539 0.511801
vt 0.763270 0.511383
vt 0.837670 0.796417
vt 0.850858 0.799489
vt 0.850803 0.807719
vt 0.837607 0.805920
vt 0.376770 0.565640
vt 0.629532 0.735744
vt 0.607193 0.736259
vt 0.525121 0.801589
vt 0.542937 0.805877
vt 0.365718 0.571764
vt 0.850783 0.819066
vt 0.837584 0.819022
vt 0.381664 0.568524
vt 0.392800 0.544114
vt 0.387149 0.533009
vt 0.388801 0.530878
vt 0.395056 0.543171
vt 0.356271 0.572841
vt 0.366059 0.578609
vt 0.365454 0.581357
vt 0.354619 0.574972
vt 0.860504 0.812635
vt 0.860492 0.819186
vt 0.366059 0.528355
vt 0.354619 0.534247
vt 0.365454 0.525726
vt 0.387315 0.567967
vt 0.348363 0.562679
vt 0.377361 0.527241
vt 0.377965 0.524493
vt 0.860504 0.825782
vt 0.850803 0.830490
vt 0.377361 0.577495
vt 0.387149 0.569798
vt 0.388801 0.571603
vt 0.377966 0.580124
vt 0.837607 0.832214
vt 0.348363 0.547772
vt 0.718597 0.519659
vt 0.732008 0.521455
vt 0.732025 0.527029
vt 0.718626 0.529314
vt 0.392800 0.557580
vt 0.395056 0.558078
vt 0.706942 0.522963
vt 0.706976 0.534111
vt 0.406274 0.815474
vt 0.406274 0.866593
vt 0.402637 0.863135
vt 0.402637 0.818916
vt 0.775852 0.148683
vt 0.769367 0.148684
vt 0.769367 0.134519
vt 0.775852 0.134517
vt 0.607451 0.371677
vt 0.629900 0.372305
vt 0.628482 0.422611
vt 0.606033 0.421983
vt 0.952318 0.329175
vt 0.952318 0.347510
vt 0.945833 0.347520
vt 0.945833 0.329185
vt 0.371251 0.868642
vt 0.377736 0.868642
vt 0.377736 0.909405
vt 0.371251 0.909405
vt 0.900856 0.552146
vt 0.894371 0.552146
vt 0.894371 0.511383
vt 0.900856 0.511383
vt 0.597224 0.361747
vt 0.619673 0.362375
vt 0.094928 0.952660
vt 0.088443 0.952658
vt 0.088443 0.938540
vt 0.094928 0.938541
vt 0.623047 0.783013
vt 0.616562 0.783013
vt 0.616562 0.770830
vt 0.623047 0.770830
vt 0.598728 0.308403
vt 0.621176 0.309031
vt 0.838411 0.581765
vt 0.838411 0.631896
vt 0.832860 0.625355
vt 0.832860 0.611009
vt 0.832978 0.587235
vt 0.710543 0.812791
vt 0.717028 0.812791
vt 0.717028 0.827812
vt 0.710543 0.827812
vt 0.606929 0.299326
vt 0.629377 0.299954
vt 0.710543 0.800608
vt 0.717028 0.800608
vt 0.616562 0.755808
vt 0.623047 0.755808
vt 0.607451 0.280788
vt 0.629900 0.281416
vt 0.712164 0.758693
vt 0.712164 0.799297
vt 0.710543 0.757383
vt 0.715407 0.758693
vt 0.717028 0.757383
vt 0.715407 0.799297
vt 0.497529 0.804304
vt 0.497529 0.818651
vt 0.487456 0.813178
vt 0.488580 0.804305
vt 0.533210 0.971582
vt 0.529967 0.971581
vt 0.529967 0.964000
vt 0.533210 0.964001
vt 0.712164 0.790751
vt 0.715407 0.790751
vt 0.503081 0.797763
vt 0.503081 0.847893
vt 0.497648 0.842423
vt 0.710543 0.944206
vt 0.713786 0.944206
vt 0.713786 0.963393
vt 0.710543 0.963393
vt 0.663943 0.965344
vt 0.660701 0.965344
vt 0.660701 0.957499
vt 0.663943 0.957499
vt 0.647481 0.249868
vt 0.650724 0.249867
vt 0.650724 0.261238
vt 0.647481 0.261239
vt 0.823911 0.625355
vt 0.822787 0.616481
vt 0.976464 0.965752
vt 0.973221 0.965746
vt 0.973221 0.958588
vt 0.976464 0.958593
vt 0.617687 0.825328
vt 0.621922 0.825328
vt 0.623047 0.826238
vt 0.616562 0.826238
vt 0.621922 0.783922
vt 0.617687 0.783922
vt 0.621100 0.820410
vt 0.618509 0.820410
vt 0.618509 0.784594
vt 0.621100 0.784594
vt 0.465259 0.797767
vt 0.465259 0.848887
vt 0.461620 0.845442
vt 0.461620 0.801222
vt 0.983728 0.832064
vt 0.979494 0.832064
vt 0.980317 0.827099
vt 0.982908 0.827099
vt 0.406275 0.795925
vt 0.402637 0.792479
vt 0.402637 0.748260
vt 0.406275 0.744804
vt 0.782337 0.134516
vt 0.782337 0.148681
vt 0.502918 0.331724
vt 0.501501 0.281417
vt 0.523948 0.280788
vt 0.525366 0.331096
vt 0.939348 0.329196
vt 0.939348 0.347530
vt 0.364766 0.909405
vt 0.364766 0.868642
vt 0.887886 0.552146
vt 0.887886 0.511383
vt 0.515139 0.341026
vt 0.492692 0.341655
vt 0.081958 0.952656
vt 0.081958 0.938538
vt 0.629532 0.770830
vt 0.629532 0.783013
vt 0.516643 0.394372
vt 0.494195 0.395000
vt 0.442029 0.847897
vt 0.436596 0.842427
vt 0.436478 0.818654
vt 0.436478 0.804307
vt 0.442029 0.797767
vt 0.723513 0.812791
vt 0.723513 0.827812
vt 0.524844 0.403449
vt 0.502396 0.404077
vt 0.723513 0.800608
vt 0.629532 0.755808
vt 0.525366 0.421987
vt 0.502918 0.422615
vt 0.721892 0.758693
vt 0.723513 0.757383
vt 0.721892 0.799297
vt 0.718650 0.758693
vt 0.718650 0.799297
vt 0.224602 0.820636
vt 0.215653 0.820636
vt 0.214529 0.811762
vt 0.224602 0.806289
vt 0.013038 0.964937
vt 0.013038 0.972518
vt 0.009796 0.972517
vt 0.009796 0.964936
vt 0.718650 0.790751
vt 0.721892 0.790751
vt 0.230153 0.827177
vt 0.224720 0.782516
vt 0.230153 0.777046
vt 0.962738 0.080357
vt 0.962738 0.099543
vt 0.959495 0.099543
vt 0.959495 0.080357
vt 0.756912 0.966353
vt 0.756912 0.958508
vt 0.760154 0.958508
vt 0.760154 0.966353
vt 0.627890 0.249867
vt 0.627890 0.261238
vt 0.624647 0.261239
vt 0.624647 0.249868
vt 0.426404 0.813181
vt 0.427528 0.804308
vt 0.426404 0.974545
vt 0.426404 0.967386
vt 0.429647 0.967392
vt 0.429647 0.974550
vt 0.628407 0.825328
vt 0.629532 0.826238
vt 0.624172 0.825328
vt 0.624172 0.783922
vt 0.628407 0.783922
vt 0.624994 0.820410
vt 0.624994 0.784594
vt 0.627585 0.784594
vt 0.627585 0.820410
vt 0.259830 0.850768
vt 0.256193 0.847310
vt 0.256193 0.803091
vt 0.259830 0.799649
vt 0.979494 0.807550
vt 0.980317 0.802584
vt 0.982908 0.802584
vt 0.983728 0.807550
vt 0.576180 0.906336
vt 0.579780 0.906336
vt 0.579773 0.912542
vt 0.576173 0.912542
vt 0.579772 0.919416
vt 0.576172 0.919416
vt 0.579778 0.925911
vt 0.576177 0.925911
vt 0.579788 0.931039
vt 0.576187 0.931039
vt 0.803344 0.721524
vt 0.799744 0.721524
vt 0.799744 0.715360
vt 0.803344 0.715360
vt 0.799744 0.708492
vt 0.803344 0.708492
vt 0.799744 0.701965
vt 0.803344 0.701965
vt 0.799744 0.696773
vt 0.803344 0.696773
vt 0.864084 0.489360
vt 0.860483 0.489360
vt 0.860476 0.483241
vt 0.864076 0.483241
vt 0.860475 0.476380
vt 0.864075 0.476380
vt 0.860480 0.469823
vt 0.864080 0.469823
vt 0.860489 0.464567
vt 0.864090 0.464567
vt 0.880913 0.925892
vt 0.877313 0.925892
vt 0.877313 0.919729
vt 0.880913 0.919729
vt 0.877313 0.912861
vt 0.880913 0.912861
vt 0.782791 0.748575
vt 0.785431 0.754935
vt 0.783422 0.755334
vt 0.781088 0.749712
vt 0.877313 0.906334
vt 0.880913 0.906334
vt 0.877313 0.901141
vt 0.880913 0.901141
vt 0.885935 0.906334
vt 0.885935 0.901141
vt 0.781088 0.767044
vt 0.776775 0.771347
vt 0.776121 0.770393
vt 0.780116 0.766406
vt 0.758267 0.743707
vt 0.764641 0.741073
vt 0.765042 0.743079
vt 0.759407 0.745408
vt 0.758267 0.773048
vt 0.753389 0.768180
vt 0.755095 0.767044
vt 0.759407 0.771348
vt 0.771539 0.741073
vt 0.777913 0.743707
vt 0.776775 0.745408
vt 0.771141 0.743079
vt 0.785431 0.761820
vt 0.782791 0.768180
vt 0.783422 0.761421
vt 0.750749 0.761820
vt 0.750749 0.754936
vt 0.752761 0.755335
vt 0.752761 0.761421
vt 0.777913 0.773048
vt 0.771539 0.775683
vt 0.771141 0.773677
vt 0.753389 0.748575
vt 0.755095 0.749712
vt 0.764641 0.775683
vt 0.765042 0.773677
vt 0.770900 0.744202
vt 0.776121 0.746360
vt 0.780116 0.750347
vt 0.782279 0.755557
vt 0.782279 0.761196
vt 0.770900 0.772551
vt 0.765249 0.772551
vt 0.760029 0.770394
vt 0.756033 0.766406
vt 0.753870 0.761196
vt 0.753870 0.755557
vt 0.756033 0.750347
vt 0.760029 0.746360
vt 0.765249 0.744202
vt 0.985708 0.160446
vt 0.985708 0.154375
vt 0.986878 0.154675
vt 0.986878 0.160301
vt 0.985358 0.199610
vt 0.985358 0.193538
vt 0.986528 0.193839
vt 0.986528 0.199464
vt 0.327004 0.649758
vt 0.327004 0.655835
vt 0.325831 0.655550
vt 0.325831 0.649919
vt 0.144163 0.990225
vt 0.144163 0.984160
vt 0.145330 0.984477
vt 0.145330 0.990096
vt 0.885935 0.912861
vt 0.885935 0.919729
vt 0.885935 0.925892
vt 0.869101 0.469823
vt 0.869111 0.464567
vt 0.290673 0.772597
vt 0.284300 0.775232
vt 0.284453 0.737725
vt 0.291611 0.741814
vt 0.808366 0.708492
vt 0.802362 0.672740
vt 0.808366 0.672740
vt 0.308824 0.780100
vt 0.303946 0.775232
vt 0.307749 0.740700
vt 0.279422 0.780100
vt 0.297572 0.772597
vt 0.299791 0.742859
vt 0.808366 0.715360
vt 0.808366 0.721524
vt 0.571156 0.925911
vt 0.571166 0.931039
vt 0.571151 0.919416
vt 0.571151 0.912542
vt 0.571158 0.906336
vt 0.725872 0.737834
vt 0.720850 0.737834
vt 0.720850 0.702133
vt 0.726854 0.702133
vt 0.578839 0.871960
vt 0.583143 0.871961
vt 0.583146 0.880009
vt 0.578842 0.880009
vt 0.583157 0.886787
vt 0.578853 0.886786
vt 0.026106 0.866406
vt 0.030410 0.866406
vt 0.030410 0.873249
vt 0.026106 0.873249
vt 0.030410 0.881320
vt 0.026106 0.881320
vt 0.030410 0.889392
vt 0.026106 0.889392
vt 0.030410 0.896235
vt 0.026106 0.896235
vt 0.125065 0.886491
vt 0.120761 0.886491
vt 0.120751 0.879713
vt 0.125055 0.879713
vt 0.120747 0.871665
vt 0.125051 0.871665
vt 0.120751 0.863571
vt 0.125055 0.863571
vt 0.120761 0.856664
vt 0.125065 0.856665
vt 0.726854 0.679146
vt 0.731158 0.679146
vt 0.731158 0.685989
vt 0.726854 0.685989
vt 0.731158 0.694061
vt 0.726854 0.694061
vt 0.731158 0.702133
vt 0.731158 0.708976
vt 0.726854 0.708976
vt 0.034649 0.681645
vt 0.042269 0.684795
vt 0.040909 0.686828
vt 0.034173 0.684044
vt 0.578853 0.856960
vt 0.583157 0.856960
vt 0.583146 0.863867
vt 0.578842 0.863867
vt 0.803328 0.141652
vt 0.803328 0.148788
vt 0.801929 0.148264
vt 0.801929 0.141652
vt 0.009796 0.698218
vt 0.012952 0.690614
vt 0.014991 0.691972
vt 0.012201 0.698695
vt 0.034649 0.723020
vt 0.026402 0.723020
vt 0.026882 0.720622
vt 0.034173 0.720622
vt 0.018783 0.684795
vt 0.026402 0.681645
vt 0.026882 0.684044
vt 0.020146 0.686828
vt 0.048100 0.690614
vt 0.051256 0.698218
vt 0.048855 0.698695
vt 0.046064 0.691973
vt 0.018783 0.719870
vt 0.012952 0.714051
vt 0.014991 0.712692
vt 0.020146 0.717837
vt 0.051256 0.706448
vt 0.048100 0.714051
vt 0.046064 0.712693
vt 0.048855 0.705971
vt 0.009796 0.706447
vt 0.012201 0.705970
vt 0.042269 0.719871
vt 0.040909 0.717838
vt 0.020889 0.687968
vt 0.027130 0.685388
vt 0.033885 0.685388
vt 0.040126 0.687968
vt 0.044903 0.692735
vt 0.047488 0.698963
vt 0.047488 0.705705
vt 0.044903 0.711933
vt 0.040126 0.716699
vt 0.033885 0.719279
vt 0.027130 0.719279
vt 0.020889 0.716699
vt 0.016112 0.711932
vt 0.013527 0.705704
vt 0.013527 0.698963
vt 0.016112 0.692735
vt 0.965832 0.662384
vt 0.965832 0.669520
vt 0.964433 0.669520
vt 0.964433 0.662908
vt 0.803328 0.134516
vt 0.801929 0.135040
vt 0.584916 0.957744
vt 0.584919 0.964859
vt 0.583522 0.964317
vt 0.583519 0.957724
vt 0.325834 0.292002
vt 0.325831 0.284886
vt 0.327233 0.284867
vt 0.327236 0.291460
vt 0.325834 0.277731
vt 0.327236 0.278237
vt 0.584919 0.950588
vt 0.583522 0.951095
vt 0.965832 0.676656
vt 0.964433 0.676132
vt 0.720850 0.694061
vt 0.720850 0.685989
vt 0.131054 0.871665
vt 0.131058 0.879714
vt 0.020103 0.889392
vt 0.020103 0.896235
vt 0.020103 0.881320
vt 0.020103 0.873249
vt 0.020103 0.866406
vt 0.572839 0.880009
vt 0.572850 0.886786
vt 0.572836 0.871960
vt 0.131068 0.886491
vt 0.720850 0.679146
vt 0.131068 0.856665
vt 0.131058 0.863572
vt 0.566136 0.906336
vt 0.566130 0.912542
vt 0.562529 0.912542
vt 0.562536 0.906336
vt 0.566129 0.919416
vt 0.562529 0.919416
vt 0.566134 0.925911
vt 0.562534 0.925911
vt 0.566144 0.931039
vt 0.562544 0.931039
vt 0.813387 0.721524
vt 0.813387 0.715360
vt 0.816988 0.715360
vt 0.816988 0.721523
vt 0.813387 0.708492
vt 0.816988 0.708492
vt 0.813387 0.701965
vt 0.816988 0.701965
vt 0.813387 0.696773
vt 0.816988 0.696773
vt 0.874127 0.489360
vt 0.874120 0.483241
vt 0.877720 0.483241
vt 0.877727 0.489360
vt 0.874118 0.476380
vt 0.877719 0.476380
vt 0.874123 0.469823
vt 0.877723 0.469823
vt 0.874133 0.464567
vt 0.877733 0.464567
vt 0.890956 0.925892
vt 0.890956 0.919729
vt 0.894557 0.919729
vt 0.894557 0.925892
vt 0.890956 0.912861
vt 0.894557 0.912861
vt 0.426404 0.757470
vt 0.428413 0.757869
vt 0.428413 0.763955
vt 0.426404 0.764354
vt 0.890956 0.906334
vt 0.894557 0.906334
vt 0.890956 0.901141
vt 0.894557 0.901141
vt 0.435060 0.773882
vt 0.435714 0.772926
vt 0.440935 0.775084
vt 0.440694 0.776211
vt 0.447195 0.743608
vt 0.446793 0.745614
vt 0.440694 0.745614
vt 0.440296 0.743607
vt 0.458446 0.770715
vt 0.456741 0.769579
vt 0.459075 0.763956
vt 0.461086 0.764355
vt 0.433922 0.746242
vt 0.435060 0.747943
vt 0.430747 0.752246
vt 0.429044 0.751109
vt 0.429044 0.770714
vt 0.430747 0.769578
vt 0.433922 0.775582
vt 0.461086 0.757471
vt 0.459074 0.757870
vt 0.456741 0.752247
vt 0.458446 0.751110
vt 0.440296 0.778217
vt 0.446793 0.776212
vt 0.447195 0.778217
vt 0.453568 0.746242
vt 0.452428 0.747943
vt 0.453568 0.775583
vt 0.452428 0.773883
vt 0.435714 0.748893
vt 0.440935 0.746735
vt 0.446586 0.746735
vt 0.451806 0.748893
vt 0.455802 0.752881
vt 0.457965 0.758091
vt 0.457965 0.763730
vt 0.455802 0.768940
vt 0.451806 0.772927
vt 0.446586 0.775085
vt 0.431718 0.768939
vt 0.429556 0.763729
vt 0.429556 0.758090
vt 0.431718 0.752880
vt 0.878483 0.985376
vt 0.877313 0.985230
vt 0.877313 0.979605
vt 0.878483 0.979304
vt 0.987540 0.235894
vt 0.986370 0.235748
vt 0.986370 0.230123
vt 0.987540 0.229822
vt 0.981142 0.436839
vt 0.982310 0.437001
vt 0.982310 0.442631
vt 0.981142 0.442916
vt 0.990204 0.611368
vt 0.989031 0.611238
vt 0.989031 0.605618
vt 0.990204 0.605302
vt 0.184648 0.761257
vt 0.187348 0.730575
vt 0.194937 0.727354
vt 0.190667 0.764621
vt 0.814369 0.672740
vt 0.165738 0.766578
vt 0.171452 0.727576
vt 0.171157 0.762316
vt 0.194937 0.770027
vt 0.179101 0.730653
vt 0.177797 0.760448
vt 0.715829 0.737834
vt 0.714847 0.702133
vt 0.566833 0.871960
vt 0.566836 0.880008
vt 0.562532 0.880008
vt 0.562529 0.871960
vt 0.566846 0.886786
vt 0.562542 0.886786
vt 0.014100 0.866406
vt 0.014100 0.873249
vt 0.009796 0.873249
vt 0.009796 0.866406
vt 0.014100 0.881320
vt 0.009796 0.881320
vt 0.014100 0.889392
vt 0.009796 0.889392
vt 0.014100 0.896235
vt 0.009796 0.896235
vt 0.137071 0.886491
vt 0.137061 0.879714
vt 0.141365 0.879714
vt 0.141375 0.886492
vt 0.137057 0.871665
vt 0.141361 0.871666
vt 0.137061 0.863572
vt 0.141365 0.863572
vt 0.137071 0.856665
vt 0.141375 0.856665
vt 0.714847 0.679146
vt 0.714847 0.685989
vt 0.710543 0.685989
vt 0.710543 0.679146
vt 0.714847 0.694061
vt 0.710543 0.694061
vt 0.710543 0.702133
vt 0.714847 0.708976
vt 0.710543 0.708976
vt 0.090946 0.653541
vt 0.092305 0.655574
vt 0.087150 0.660719
vt 0.085114 0.659361
vt 0.566846 0.856960
vt 0.566836 0.863866
vt 0.562532 0.863866
vt 0.562542 0.856959
vt 0.259136 0.747444
vt 0.257736 0.747444
vt 0.257736 0.740833
vt 0.259136 0.740308
vt 0.120263 0.659361
vt 0.118224 0.660719
vt 0.113068 0.655575
vt 0.114431 0.653541
vt 0.106812 0.691767
vt 0.106332 0.689368
vt 0.113068 0.686584
vt 0.114431 0.688617
vt 0.106812 0.650392
vt 0.106332 0.652790
vt 0.099041 0.652790
vt 0.098565 0.650392
vt 0.081958 0.666964
vt 0.084360 0.667441
vt 0.084360 0.674717
vt 0.081958 0.675194
vt 0.120263 0.682798
vt 0.118224 0.681439
vt 0.121014 0.674717
vt 0.123419 0.675194
vt 0.085114 0.682797
vt 0.087150 0.681439
vt 0.092305 0.686584
vt 0.090946 0.688617
vt 0.123419 0.666964
vt 0.121014 0.667442
vt 0.098565 0.691767
vt 0.099041 0.689368
vt 0.106084 0.654133
vt 0.112325 0.656713
vt 0.117102 0.661480
vt 0.119687 0.667708
vt 0.119687 0.674449
vt 0.117102 0.680677
vt 0.112325 0.685444
vt 0.106084 0.688024
vt 0.099329 0.688024
vt 0.093088 0.685444
vt 0.088311 0.680677
vt 0.085726 0.674449
vt 0.085726 0.667707
vt 0.088311 0.661479
vt 0.093088 0.656713
vt 0.099329 0.654133
vt 0.964585 0.303536
vt 0.963186 0.303012
vt 0.963186 0.296400
vt 0.964585 0.296400
vt 0.259136 0.754581
vt 0.257736 0.754056
vt 0.325831 0.183427
vt 0.327233 0.183408
vt 0.327236 0.190000
vt 0.325834 0.190542
vt 0.967979 0.748451
vt 0.966583 0.747908
vt 0.966580 0.741316
vt 0.967976 0.741335
vt 0.966583 0.734686
vt 0.967979 0.734180
vt 0.325834 0.176271
vt 0.327236 0.176778
vt 0.963186 0.289789
vt 0.964585 0.289264
vt 0.895093 0.811574
vt 0.900218 0.811574
vt 0.900218 0.817481
vt 0.895391 0.817481
vt 0.684707 0.794226
vt 0.689534 0.794235
vt 0.689534 0.799282
vt 0.684806 0.799273
vt 0.689530 0.805062
vt 0.684952 0.805054
vt 0.689523 0.811356
vt 0.685094 0.811347
vt 0.689512 0.817919
vt 0.685237 0.817911
vt 0.689498 0.824502
vt 0.685547 0.824494
vt 0.689482 0.830849
vt 0.685770 0.830842
vt 0.689464 0.836718
vt 0.685752 0.836711
vt 0.689445 0.841883
vt 0.685852 0.841876
vt 0.963186 0.221580
vt 0.966778 0.221580
vt 0.966778 0.226686
vt 0.963425 0.226686
vt 0.966778 0.232512
vt 0.963586 0.232512
vt 0.966778 0.235894
vt 0.963658 0.235894
vt 0.011087 0.620362
vt 0.013621 0.614260
vt 0.022778 0.619144
vt 0.021024 0.623370
vt 0.036613 0.607817
vt 0.032378 0.609567
vt 0.028346 0.599854
vt 0.017298 0.651516
vt 0.013621 0.646025
vt 0.022778 0.641141
vt 0.025325 0.644944
vt 0.009796 0.626840
vt 0.020130 0.627856
vt 0.021979 0.604098
vt 0.028567 0.612108
vt 0.021979 0.656187
vt 0.028567 0.648179
vt 0.009796 0.633445
vt 0.020130 0.632430
vt 0.017298 0.608769
vt 0.025325 0.615341
vt 0.027483 0.659857
vt 0.032378 0.650720
vt 0.011087 0.639922
vt 0.021024 0.636915
vt 0.030668 0.662096
vt 0.036613 0.652470
vt 0.062367 0.355991
vt 0.054915 0.357736
vt 0.048891 0.360472
vt 0.043519 0.364327
vt 0.039004 0.369154
vt 0.035520 0.374767
vt 0.019097 0.358568
vt 0.057274 0.346579
vt 0.890157 0.811574
vt 0.895174 0.820284
vt 0.890157 0.820284
vt 0.062367 0.181113
vt 0.052465 0.202969
vt 0.043928 0.197103
vt 0.044439 0.224468
vt 0.029177 0.217595
vt 0.039509 0.249177
vt 0.018024 0.243770
vt 0.039231 0.278281
vt 0.010670 0.276218
vt 0.043737 0.308279
vt 0.009796 0.303991
vt 0.050995 0.332266
vt 0.012575 0.331835
vt 0.033203 0.380949
vt 0.032139 0.387465
vt 0.032368 0.394066
vt 0.033884 0.400494
vt 0.036630 0.406503
vt 0.020628 0.403947
vt 0.040497 0.411863
vt 0.042693 0.415074
vt 0.041362 0.417781
vt 0.032192 0.418929
vt 0.501266 0.464494
vt 0.501597 0.489320
vt 0.499737 0.489320
vt 0.499727 0.464494
vt 0.681119 0.543623
vt 0.681225 0.519659
vt 0.682652 0.519659
vt 0.682655 0.543623
vt 0.501132 0.442165
vt 0.499705 0.442165
vt 0.938716 0.428172
vt 0.938483 0.435881
vt 0.931490 0.435881
vt 0.931490 0.428172
vt 0.894724 0.832214
vt 0.890157 0.832214
vt 0.502145 0.517751
vt 0.499735 0.517751
vt 0.938375 0.411213
vt 0.931490 0.411213
vt 0.678217 0.659594
vt 0.678906 0.641483
vt 0.682745 0.641483
vt 0.682783 0.659594
vt 0.502951 0.550233
vt 0.499718 0.550233
vt 0.505188 0.621104
vt 0.506461 0.661487
vt 0.499576 0.661487
vt 0.499623 0.621104
vt 0.679706 0.616768
vt 0.682705 0.616768
vt 0.504458 0.599714
vt 0.499661 0.599714
vt 0.680378 0.590688
vt 0.682676 0.590688
vt 0.503690 0.575721
vt 0.499694 0.575721
vt 0.680840 0.566424
vt 0.682661 0.566424
vt 0.490480 0.919934
vt 0.490480 0.916821
vt 0.500733 0.916832
vt 0.500733 0.926871
vt 0.490480 0.926861
vt 0.487456 0.926861
vt 0.487456 0.919884
vt 0.890157 0.802584
vt 0.900218 0.802584
vt 0.946311 0.893168
vt 0.946311 0.896669
vt 0.941937 0.896669
vt 0.941937 0.893168
vt 0.710552 0.850938
vt 0.710559 0.847361
vt 0.720620 0.847362
vt 0.720613 0.850938
vt 0.717104 0.850938
vt 0.937578 0.666187
vt 0.940125 0.662384
vt 0.944842 0.665635
vt 0.942854 0.668602
vt 0.935824 0.683958
vt 0.934930 0.679472
vt 0.940787 0.678970
vt 0.941485 0.682471
vt 0.825259 0.487897
vt 0.825259 0.484395
vt 0.830272 0.484395
vt 0.830272 0.487897
vt 0.804321 0.390846
vt 0.800777 0.390846
vt 0.800777 0.384308
vt 0.800777 0.380807
vt 0.804321 0.380807
vt 0.935824 0.670412
vt 0.941485 0.671900
vt 0.937578 0.688183
vt 0.942854 0.685768
vt 0.808364 0.390846
vt 0.808364 0.380807
vt 0.161915 0.413202
vt 0.158371 0.413202
vt 0.158371 0.403162
vt 0.161915 0.403162
vt 0.934930 0.674898
vt 0.940787 0.675401
vt 0.154328 0.413202
vt 0.154328 0.403162
vt 0.812751 0.390846
vt 0.812751 0.380807
vt 0.710552 0.876862
vt 0.710547 0.872859
vt 0.717099 0.872859
vt 0.717104 0.876863
vt 0.710544 0.859397
vt 0.710547 0.855002
vt 0.717099 0.855002
vt 0.717096 0.859398
vt 0.710544 0.868501
vt 0.717096 0.868501
vt 0.710543 0.863956
vt 0.717095 0.863956
vt 0.710559 0.880357
vt 0.717111 0.880357
vt 0.399246 0.896301
vt 0.399247 0.892744
vt 0.402757 0.892745
vt 0.402755 0.896302
vt 0.399255 0.909100
vt 0.399250 0.906373
vt 0.402760 0.906374
vt 0.402764 0.909101
vt 0.399246 0.899848
vt 0.402755 0.899849
vt 0.399250 0.889314
vt 0.399255 0.886142
vt 0.402764 0.886143
vt 0.402760 0.889315
vt 0.399247 0.903249
vt 0.402757 0.903250
vt 0.940125 0.691987
vt 0.944842 0.688736
vt 0.885221 0.811574
vt 0.884922 0.817481
vt 0.880095 0.817481
vt 0.880095 0.811574
vt 0.922345 0.851763
vt 0.922255 0.856809
vt 0.917528 0.856809
vt 0.917519 0.851763
vt 0.922113 0.862590
vt 0.917535 0.862590
vt 0.921968 0.868883
vt 0.917540 0.868883
vt 0.921816 0.875447
vt 0.917541 0.875447
vt 0.921491 0.882029
vt 0.917540 0.882029
vt 0.921248 0.888377
vt 0.917536 0.888377
vt 0.921241 0.894245
vt 0.917529 0.894245
vt 0.921113 0.899410
vt 0.917520 0.899410
vt 0.910454 0.306562
vt 0.910693 0.301456
vt 0.914046 0.301456
vt 0.914046 0.306562
vt 0.910855 0.295631
vt 0.914046 0.295631
vt 0.910927 0.292249
vt 0.914046 0.292249
vt 0.451930 0.621401
vt 0.441994 0.624409
vt 0.440239 0.620183
vt 0.449397 0.615299
vt 0.426404 0.608855
vt 0.434671 0.600892
vt 0.430640 0.610605
vt 0.445720 0.652555
vt 0.437693 0.645983
vt 0.440239 0.642180
vt 0.449397 0.647064
vt 0.453222 0.627879
vt 0.442888 0.628895
vt 0.441039 0.605137
vt 0.434451 0.613146
vt 0.441039 0.657226
vt 0.434451 0.649217
vt 0.453222 0.634484
vt 0.442888 0.633468
vt 0.445719 0.609808
vt 0.437693 0.616380
vt 0.435534 0.660895
vt 0.430640 0.651758
vt 0.451930 0.640962
vt 0.441994 0.637954
vt 0.432350 0.663134
vt 0.426404 0.653508
vt 0.134531 0.244048
vt 0.129437 0.253460
vt 0.091257 0.241467
vt 0.107682 0.225271
vt 0.111166 0.230884
vt 0.115681 0.235712
vt 0.121054 0.239567
vt 0.127078 0.242303
vt 0.885140 0.820284
vt 0.134531 0.418917
vt 0.116093 0.402925
vt 0.124631 0.397061
vt 0.101342 0.382433
vt 0.116605 0.375561
vt 0.090188 0.356258
vt 0.111674 0.350853
vt 0.082833 0.323811
vt 0.111396 0.321751
vt 0.081958 0.296040
vt 0.115901 0.291756
vt 0.084737 0.268198
vt 0.123158 0.267771
vt 0.092787 0.196092
vt 0.108790 0.193538
vt 0.106045 0.199545
vt 0.104529 0.205973
vt 0.104299 0.212574
vt 0.105364 0.219090
vt 0.112657 0.188179
vt 0.104351 0.181113
vt 0.113522 0.182261
vt 0.114854 0.184968
vt 0.498188 0.464494
vt 0.497878 0.489320
vt 0.684190 0.543623
vt 0.684080 0.519659
vt 0.498278 0.442165
vt 0.924264 0.428172
vt 0.924498 0.435881
vt 0.885590 0.832214
vt 0.497325 0.517751
vt 0.924606 0.411213
vt 0.687350 0.659594
vt 0.686583 0.641483
vt 0.496486 0.550233
vt 0.494057 0.621104
vt 0.492692 0.661487
vt 0.685704 0.616768
vt 0.494865 0.599714
vt 0.684974 0.590688
vt 0.495697 0.575721
vt 0.684482 0.566424
vt 0.490480 0.933787
vt 0.500733 0.936911
vt 0.490480 0.936900
vt 0.487456 0.933838
vt 0.880095 0.802584
vt 0.941937 0.889666
vt 0.946311 0.889666
vt 0.730675 0.850938
vt 0.724123 0.850938
vt 0.730681 0.847362
vt 0.012444 0.941584
vt 0.017720 0.939168
vt 0.019708 0.942136
vt 0.014991 0.945387
vt 0.010690 0.923813
vt 0.016351 0.925300
vt 0.015653 0.928801
vt 0.009796 0.928299
vt 0.825259 0.480893
vt 0.830272 0.480893
vt 0.804321 0.370767
vt 0.800777 0.377305
vt 0.800777 0.370767
vt 0.010690 0.937358
vt 0.016351 0.935871
vt 0.012444 0.919587
vt 0.017720 0.922003
vt 0.808364 0.370767
vt 0.161915 0.393123
vt 0.158371 0.393123
vt 0.009796 0.932872
vt 0.015653 0.932370
vt 0.154328 0.393123
vt 0.812751 0.370767
vt 0.730675 0.876863
vt 0.724123 0.876863
vt 0.724118 0.872859
vt 0.730670 0.872860
vt 0.730667 0.859398
vt 0.724115 0.859398
vt 0.724118 0.855002
vt 0.730670 0.855003
vt 0.724115 0.868501
vt 0.730667 0.868502
vt 0.724114 0.863956
vt 0.730666 0.863956
vt 0.730681 0.880358
vt 0.724129 0.880357
vt 0.406264 0.896303
vt 0.406266 0.892746
vt 0.406274 0.909102
vt 0.406269 0.906375
vt 0.406264 0.899850
vt 0.406269 0.889316
vt 0.406274 0.886144
vt 0.406266 0.903251
vt 0.014991 0.915784
vt 0.019708 0.919035
vt 0.375899 0.711697
vt 0.385005 0.717044
vt 0.373447 0.717884
vt 0.364295 0.704883
vt 0.360047 0.715600
vt 0.353302 0.698427
vt 0.348397 0.710803
vt 0.373430 0.723458
vt 0.360018 0.725255
vt 0.348363 0.721951
vt 0.849820 0.674471
vt 0.859548 0.679200
vt 0.859531 0.685791
vt 0.849790 0.685888
vt 0.836614 0.672740
vt 0.836579 0.685923
vt 0.211965 0.590381
vt 0.206223 0.600765
vt 0.207071 0.587497
vt 0.859548 0.692347
vt 0.849820 0.697243
vt 0.836614 0.699034
vt 0.201420 0.588054
vt 0.790261 0.009775
vt 0.790156 0.020538
vt 0.769538 0.020933
vt 0.769644 0.010170
vt 0.849903 0.705493
vt 0.836709 0.708561
vt 0.196527 0.591902
vt 0.825714 0.522214
vt 0.825688 0.536718
vt 0.805131 0.536406
vt 0.805156 0.521902
vt 0.889010 0.169255
vt 0.886726 0.183810
vt 0.870235 0.187476
vt 0.872519 0.172922
vt 0.193951 0.577895
vt 0.185474 0.584561
vt 0.790117 0.035131
vt 0.790156 0.049645
vt 0.769538 0.050041
vt 0.769499 0.035527
vt 0.176027 0.580709
vt 0.180580 0.595143
vt 0.170376 0.592927
vt 0.193701 0.598012
vt 0.825714 0.551321
vt 0.825785 0.562110
vt 0.805227 0.561798
vt 0.805156 0.551009
vt 0.084242 0.870980
vt 0.081958 0.856425
vt 0.098449 0.860092
vt 0.100733 0.874646
vt 0.889010 0.198365
vt 0.872519 0.202031
vt 0.180580 0.606804
vt 0.170376 0.606393
vt 0.193701 0.604744
vt 0.825785 0.511695
vt 0.805227 0.511383
vt 0.837671 0.741073
vt 0.850859 0.744145
vt 0.850804 0.752373
vt 0.837608 0.750574
vt 0.196527 0.610297
vt 0.790261 0.060191
vt 0.769644 0.060587
vt 0.084242 0.841871
vt 0.100733 0.845537
vt 0.185474 0.616421
vt 0.850784 0.763720
vt 0.837584 0.763676
vt 0.201420 0.613181
vt 0.212556 0.588771
vt 0.206905 0.577666
vt 0.208556 0.575535
vt 0.214812 0.587828
vt 0.176027 0.617498
vt 0.185815 0.623266
vt 0.185210 0.626014
vt 0.174375 0.619629
vt 0.860505 0.757291
vt 0.860493 0.763842
vt 0.185815 0.573012
vt 0.174375 0.578904
vt 0.185210 0.570383
vt 0.207071 0.612624
vt 0.168120 0.607336
vt 0.197117 0.571898
vt 0.197721 0.569150
vt 0.860505 0.770437
vt 0.850804 0.775144
vt 0.197117 0.622152
vt 0.206905 0.614455
vt 0.208556 0.616260
vt 0.197721 0.624781
vt 0.837608 0.776868
vt 0.168120 0.592429
vt 0.380066 0.691260
vt 0.385005 0.703832
vt 0.380129 0.706553
vt 0.371622 0.695974
vt 0.212556 0.602237
vt 0.214812 0.602735
vt 0.371513 0.682698
vt 0.361763 0.688140
vt 0.904673 0.411213
vt 0.904673 0.462332
vt 0.901036 0.458874
vt 0.901036 0.414656
vt 0.758268 0.404640
vt 0.764753 0.404638
vt 0.764753 0.418803
vt 0.758268 0.418805
vt 0.588470 0.100664
vt 0.610918 0.101291
vt 0.609500 0.151597
vt 0.587052 0.150970
vt 0.939348 0.385434
vt 0.939348 0.367100
vt 0.945833 0.367089
vt 0.945833 0.385424
vt 0.432889 0.908209
vt 0.426404 0.908209
vt 0.426404 0.867446
vt 0.432889 0.867446
vt 0.887508 0.009775
vt 0.893993 0.009775
vt 0.893993 0.050538
vt 0.887508 0.050538
vt 0.578242 0.090733
vt 0.600691 0.091361
vt 0.060636 0.951195
vt 0.054151 0.951193
vt 0.054151 0.937075
vt 0.060636 0.937076
vt 0.811508 0.784297
vt 0.817993 0.784297
vt 0.817993 0.796481
vt 0.811508 0.796481
vt 0.579746 0.037389
vt 0.602194 0.038017
vt 0.840883 0.411213
vt 0.840883 0.461344
vt 0.835332 0.454803
vt 0.835332 0.440456
vt 0.835451 0.416683
vt 0.802458 0.224663
vt 0.808943 0.224663
vt 0.808943 0.239685
vt 0.802458 0.239685
vt 0.587947 0.028313
vt 0.610395 0.028940
vt 0.802458 0.212480
vt 0.808943 0.212480
vt 0.817993 0.811502
vt 0.811508 0.811502
vt 0.588470 0.009775
vt 0.610918 0.010402
vt 0.804079 0.170566
vt 0.804079 0.211170
vt 0.802458 0.169255
vt 0.807321 0.170566
vt 0.808943 0.169255
vt 0.807321 0.211170
vt 0.843413 0.287329
vt 0.843413 0.301676
vt 0.833339 0.296203
vt 0.834463 0.287330
vt 0.968454 0.052284
vt 0.971697 0.052285
vt 0.971697 0.059866
vt 0.968454 0.059865
vt 0.804079 0.202623
vt 0.807321 0.202623
vt 0.848964 0.280788
vt 0.848964 0.330918
vt 0.843531 0.325449
vt 0.958308 0.455430
vt 0.961550 0.455430
vt 0.961550 0.474616
vt 0.958308 0.474616
vt 0.950387 0.958588
vt 0.953630 0.958588
vt 0.953630 0.966433
vt 0.950387 0.966433
vt 0.960612 0.642834
vt 0.957370 0.642835
vt 0.957370 0.631463
vt 0.960612 0.631462
vt 0.826383 0.454803
vt 0.825259 0.445929
vt 0.977741 0.858927
vt 0.974499 0.858921
vt 0.974499 0.851763
vt 0.977741 0.851768
vt 0.816867 0.741982
vt 0.812633 0.741982
vt 0.811508 0.741073
vt 0.817993 0.741073
vt 0.812633 0.783388
vt 0.816867 0.783388
vt 0.813454 0.746901
vt 0.816046 0.746901
vt 0.816046 0.782717
vt 0.813454 0.782717
vt 0.398411 0.600906
vt 0.398411 0.652027
vt 0.394772 0.648582
vt 0.394772 0.604362
vt 0.464667 0.979342
vt 0.460432 0.979342
vt 0.461255 0.974377
vt 0.463847 0.974377
vt 0.531223 0.654657
vt 0.527585 0.651212
vt 0.527585 0.606992
vt 0.531223 0.603536
vt 0.751783 0.418806
vt 0.751783 0.404641
vt 0.020023 0.489413
vt 0.018605 0.439106
vt 0.041053 0.438478
vt 0.042471 0.488785
vt 0.952318 0.385414
vt 0.952318 0.367079
vt 0.439374 0.867446
vt 0.439374 0.908209
vt 0.900478 0.009775
vt 0.900478 0.050538
vt 0.032244 0.498716
vt 0.009796 0.499344
vt 0.047666 0.951191
vt 0.047666 0.937073
vt 0.805022 0.796481
vt 0.805022 0.784297
vt 0.033747 0.552061
vt 0.011299 0.552689
vt 0.060636 0.846855
vt 0.055203 0.841385
vt 0.055085 0.817612
vt 0.055085 0.803266
vt 0.060636 0.796725
vt 0.815428 0.224663
vt 0.815428 0.239685
vt 0.041948 0.561138
vt 0.019500 0.561766
vt 0.815428 0.212480
vt 0.805022 0.811502
vt 0.042471 0.579677
vt 0.020023 0.580305
vt 0.813806 0.170566
vt 0.815428 0.169255
vt 0.813806 0.211170
vt 0.810564 0.170566
vt 0.810564 0.211170
vt 0.175811 0.833167
vt 0.166862 0.833166
vt 0.165738 0.824293
vt 0.175811 0.818820
vt 0.311364 0.970357
vt 0.311364 0.962775
vt 0.314607 0.962777
vt 0.314607 0.970358
vt 0.810564 0.202623
vt 0.813806 0.202623
vt 0.181362 0.839708
vt 0.175930 0.795047
vt 0.181362 0.789576
vt 0.961550 0.411213
vt 0.961550 0.430399
vt 0.958308 0.430399
vt 0.958308 0.411213
vt 0.282665 0.958144
vt 0.282665 0.965989
vt 0.279422 0.965989
vt 0.279422 0.958144
vt 0.934536 0.642835
vt 0.934536 0.631463
vt 0.937778 0.631462
vt 0.937778 0.642834
vt 0.045011 0.812140
vt 0.046135 0.803267
vt 0.398687 0.975438
vt 0.398687 0.968280
vt 0.401930 0.968285
vt 0.401930 0.975443
vt 0.806148 0.741982
vt 0.805022 0.741073
vt 0.810382 0.741982
vt 0.810382 0.783388
vt 0.806148 0.783388
vt 0.809561 0.746901
vt 0.809561 0.782717
vt 0.806969 0.782717
vt 0.806969 0.746901
vt 0.903054 0.131476
vt 0.899417 0.128018
vt 0.899417 0.083799
vt 0.903054 0.080357
vt 0.802227 0.978441
vt 0.803050 0.973475
vt 0.805642 0.973475
vt 0.806462 0.978441
vt 0.169347 0.933336
vt 0.165746 0.933336
vt 0.165753 0.927130
vt 0.169353 0.927130
vt 0.165754 0.920256
vt 0.169354 0.920256
vt 0.165749 0.913761
vt 0.169349 0.913761
vt 0.165738 0.908633
vt 0.169339 0.908633
vt 0.085559 0.822321
vt 0.081958 0.822321
vt 0.081958 0.816158
vt 0.085559 0.816158
vt 0.081958 0.809290
vt 0.085559 0.809290
vt 0.081958 0.802763
vt 0.085559 0.802763
vt 0.081958 0.797571
vt 0.085559 0.797571
vt 0.085567 0.918988
vt 0.081967 0.918988
vt 0.081959 0.912869
vt 0.085560 0.912869
vt 0.081958 0.906008
vt 0.085559 0.906008
vt 0.081963 0.899451
vt 0.085563 0.899451
vt 0.081973 0.894196
vt 0.085573 0.894196
vt 0.841184 0.929059
vt 0.837584 0.929059
vt 0.837584 0.922895
vt 0.841184 0.922895
vt 0.837584 0.916027
vt 0.841184 0.916027
vt 0.380405 0.752306
vt 0.383045 0.758666
vt 0.381036 0.759066
vt 0.378702 0.753443
vt 0.837584 0.909500
vt 0.841184 0.909500
vt 0.837584 0.904308
vt 0.841184 0.904308
vt 0.846206 0.909500
vt 0.846206 0.904308
vt 0.378702 0.770775
vt 0.374390 0.775079
vt 0.373735 0.774125
vt 0.377731 0.770137
vt 0.355881 0.747439
vt 0.362255 0.744804
vt 0.362656 0.746810
vt 0.357022 0.749139
vt 0.355881 0.776780
vt 0.351003 0.771912
vt 0.352709 0.770775
vt 0.357021 0.775079
vt 0.369154 0.744804
vt 0.375527 0.747438
vt 0.374390 0.749139
vt 0.368755 0.746810
vt 0.383045 0.765551
vt 0.380405 0.771911
vt 0.381036 0.765152
vt 0.348363 0.765551
vt 0.348363 0.758667
vt 0.350375 0.759066
vt 0.350375 0.765152
vt 0.375527 0.776779
vt 0.369154 0.779414
vt 0.368755 0.777408
vt 0.351003 0.752307
vt 0.352709 0.753443
vt 0.362255 0.779414
vt 0.362656 0.777408
vt 0.368514 0.747933
vt 0.373735 0.750091
vt 0.377731 0.754078
vt 0.379893 0.759288
vt 0.379893 0.764927
vt 0.368514 0.776283
vt 0.362864 0.776283
vt 0.357643 0.774125
vt 0.353647 0.770137
vt 0.351485 0.764928
vt 0.351485 0.759288
vt 0.353647 0.754079
vt 0.357643 0.750091
vt 0.362864 0.747933
vt 0.983850 0.119092
vt 0.983850 0.125164
vt 0.982680 0.124863
vt 0.982680 0.119238
vt 0.986594 0.696205
vt 0.986594 0.702277
vt 0.985424 0.701976
vt 0.985424 0.696350
vt 0.406813 0.716505
vt 0.406813 0.722582
vt 0.405640 0.722297
vt 0.405640 0.716666
vt 0.779746 0.990199
vt 0.779746 0.984134
vt 0.780914 0.984450
vt 0.780914 0.990070
vt 0.846206 0.916027
vt 0.846206 0.922895
vt 0.846206 0.929059
vt 0.090585 0.899451
vt 0.090595 0.894196
vt 0.763034 0.377587
vt 0.756661 0.380221
vt 0.756814 0.342715
vt 0.763972 0.346804
vt 0.090580 0.809290
vt 0.084577 0.773538
vt 0.090580 0.773538
vt 0.781185 0.385089
vt 0.776307 0.380221
vt 0.780110 0.345690
vt 0.751783 0.385089
vt 0.769933 0.377587
vt 0.772152 0.347848
vt 0.090580 0.816158
vt 0.090580 0.822321
vt 0.174371 0.913761
vt 0.174360 0.908633
vt 0.174376 0.920256
vt 0.174375 0.927130
vt 0.174368 0.933336
vt 0.716863 0.359025
vt 0.721884 0.359025
vt 0.721884 0.394726
vt 0.715881 0.394726
vt 0.713541 0.246362
vt 0.717845 0.246362
vt 0.717849 0.254411
vt 0.713545 0.254411
vt 0.717859 0.261188
vt 0.713555 0.261188
vt 0.491760 0.897272
vt 0.487456 0.897272
vt 0.487456 0.890429
vt 0.491760 0.890429
vt 0.487456 0.882357
vt 0.491760 0.882357
vt 0.487456 0.874285
vt 0.491760 0.874285
vt 0.487456 0.867442
vt 0.491760 0.867442
vt 0.741769 0.261188
vt 0.737464 0.261188
vt 0.737454 0.254410
vt 0.741758 0.254410
vt 0.737451 0.246362
vt 0.741755 0.246362
vt 0.737454 0.238268
vt 0.741758 0.238268
vt 0.737464 0.231361
vt 0.741769 0.231361
vt 0.715881 0.417712
vt 0.711577 0.417712
vt 0.711577 0.410869
vt 0.715881 0.410869
vt 0.711577 0.402797
vt 0.715881 0.402797
vt 0.711577 0.394726
vt 0.711577 0.387883
vt 0.715881 0.387883
vt 0.239383 0.645563
vt 0.247002 0.648713
vt 0.245642 0.650746
vt 0.238906 0.647961
vt 0.713555 0.231362
vt 0.717859 0.231362
vt 0.717849 0.238269
vt 0.713545 0.238269
vt 0.890565 0.642377
vt 0.890565 0.635241
vt 0.891964 0.635765
vt 0.891964 0.642377
vt 0.214529 0.662136
vt 0.217685 0.654532
vt 0.219724 0.655891
vt 0.216934 0.662612
vt 0.239383 0.686938
vt 0.231136 0.686938
vt 0.231615 0.684540
vt 0.238906 0.684540
vt 0.223516 0.648713
vt 0.231136 0.645563
vt 0.231615 0.647961
vt 0.224879 0.650746
vt 0.252833 0.654532
vt 0.255989 0.662136
vt 0.253588 0.662613
vt 0.250798 0.655891
vt 0.223516 0.683788
vt 0.217685 0.677969
vt 0.219724 0.676610
vt 0.224879 0.681755
vt 0.255989 0.670366
vt 0.252833 0.677969
vt 0.250798 0.676611
vt 0.253588 0.669889
vt 0.214529 0.670365
vt 0.216934 0.669888
vt 0.247002 0.683789
vt 0.245642 0.681755
vt 0.225622 0.651886
vt 0.231863 0.649306
vt 0.238618 0.649306
vt 0.244860 0.651886
vt 0.249636 0.656653
vt 0.252221 0.662881
vt 0.252221 0.669622
vt 0.249636 0.675851
vt 0.244860 0.680617
vt 0.238618 0.683197
vt 0.231863 0.683197
vt 0.225622 0.680617
vt 0.220845 0.675850
vt 0.218260 0.669622
vt 0.218260 0.662881
vt 0.220845 0.656653
vt 0.965832 0.696205
vt 0.965832 0.703341
vt 0.964433 0.703341
vt 0.964433 0.696729
vt 0.890565 0.649513
vt 0.891964 0.648988
vt 0.967976 0.775155
vt 0.967979 0.782270
vt 0.966583 0.781728
vt 0.966580 0.775136
vt 0.325834 0.258182
vt 0.325831 0.251067
vt 0.327233 0.251047
vt 0.327236 0.257640
vt 0.325834 0.243911
vt 0.327236 0.244418
vt 0.967979 0.768000
vt 0.966583 0.768506
vt 0.965832 0.710477
vt 0.964433 0.709953
vt 0.721884 0.402797
vt 0.721884 0.410869
vt 0.747758 0.246362
vt 0.747761 0.254410
vt 0.497763 0.874285
vt 0.497763 0.867442
vt 0.497763 0.882357
vt 0.497763 0.890429
vt 0.497763 0.897272
vt 0.707542 0.254410
vt 0.707552 0.261188
vt 0.707538 0.246362
vt 0.747772 0.261188
vt 0.721884 0.417712
vt 0.747772 0.231362
vt 0.747761 0.238268
vt 0.179390 0.933336
vt 0.179397 0.927130
vt 0.182997 0.927130
vt 0.182990 0.933336
vt 0.179397 0.920256
vt 0.182998 0.920256
vt 0.179392 0.913761
vt 0.182993 0.913761
vt 0.179382 0.908633
vt 0.182982 0.908633
vt 0.095602 0.822321
vt 0.095602 0.816158
vt 0.099202 0.816158
vt 0.099202 0.822321
vt 0.095602 0.809290
vt 0.099202 0.809290
vt 0.095602 0.802763
vt 0.099202 0.802763
vt 0.095602 0.797571
vt 0.099202 0.797571
vt 0.095610 0.918988
vt 0.095603 0.912869
vt 0.099203 0.912869
vt 0.099210 0.918988
vt 0.095602 0.906008
vt 0.099202 0.906008
vt 0.095606 0.899451
vt 0.099207 0.899451
vt 0.095616 0.894196
vt 0.099217 0.894196
vt 0.851228 0.929059
vt 0.851228 0.922895
vt 0.854828 0.922895
vt 0.854828 0.929059
vt 0.851228 0.916027
vt 0.854828 0.916027
vt 0.670284 0.740070
vt 0.669883 0.742075
vt 0.663784 0.742075
vt 0.663384 0.740070
vt 0.851228 0.909500
vt 0.854828 0.909500
vt 0.851228 0.904308
vt 0.854828 0.904308
vt 0.653836 0.748707
vt 0.654794 0.749360
vt 0.652631 0.754570
vt 0.651502 0.754330
vt 0.684177 0.760815
vt 0.682166 0.760414
vt 0.682166 0.754329
vt 0.684177 0.753931
vt 0.657010 0.772043
vt 0.658149 0.770341
vt 0.663784 0.772670
vt 0.663384 0.774677
vt 0.681536 0.747572
vt 0.679832 0.748706
vt 0.675519 0.744403
vt 0.676658 0.742704
vt 0.657010 0.742705
vt 0.658149 0.744404
vt 0.652132 0.747573
vt 0.670284 0.774677
vt 0.669883 0.772669
vt 0.675519 0.770340
vt 0.676658 0.772042
vt 0.649491 0.753932
vt 0.651502 0.760416
vt 0.649491 0.760816
vt 0.681536 0.767175
vt 0.679832 0.766037
vt 0.652132 0.767176
vt 0.653836 0.766038
vt 0.678880 0.749360
vt 0.681042 0.754569
vt 0.681042 0.760207
vt 0.678880 0.765417
vt 0.674884 0.769404
vt 0.669662 0.771562
vt 0.664011 0.771562
vt 0.658790 0.769405
vt 0.654794 0.765418
vt 0.652631 0.760208
vt 0.658790 0.745373
vt 0.664011 0.743215
vt 0.669662 0.743215
vt 0.674884 0.745373
vt 0.982330 0.080357
vt 0.983500 0.080502
vt 0.983500 0.086128
vt 0.982330 0.086428
vt 0.985424 0.670584
vt 0.986594 0.670730
vt 0.986594 0.676355
vt 0.985424 0.676656
vt 0.981142 0.462465
vt 0.982310 0.462627
vt 0.982310 0.468257
vt 0.981142 0.468542
vt 0.989031 0.563277
vt 0.990204 0.563407
vt 0.990204 0.569026
vt 0.989031 0.569342
vt 0.769935 0.315663
vt 0.769000 0.284877
vt 0.776158 0.280788
vt 0.776308 0.318298
vt 0.096583 0.773538
vt 0.751783 0.323165
vt 0.752861 0.283763
vt 0.756662 0.318298
vt 0.781186 0.323165
vt 0.760820 0.285922
vt 0.763036 0.315663
vt 0.726906 0.359025
vt 0.727888 0.394726
vt 0.701535 0.246362
vt 0.701539 0.254410
vt 0.697235 0.254410
vt 0.697231 0.246362
vt 0.701549 0.261188
vt 0.697245 0.261188
vt 0.503766 0.897272
vt 0.503766 0.890429
vt 0.508070 0.890429
vt 0.508070 0.897272
vt 0.503766 0.882357
vt 0.508070 0.882357
vt 0.503766 0.874285
vt 0.508070 0.874285
vt 0.503766 0.867442
vt 0.508070 0.867442
vt 0.753775 0.261188
vt 0.753764 0.254411
vt 0.758069 0.254411
vt 0.758079 0.261188
vt 0.753761 0.246362
vt 0.758065 0.246362
vt 0.753764 0.238269
vt 0.758069 0.238269
vt 0.753775 0.231362
vt 0.758079 0.231362
vt 0.727888 0.417712
vt 0.727888 0.410869
vt 0.732192 0.410869
vt 0.732192 0.417712
vt 0.727888 0.402797
vt 0.732192 0.402797
vt 0.732192 0.394726
vt 0.727888 0.387883
vt 0.732192 0.387883
vt 0.496444 0.685833
vt 0.497803 0.687866
vt 0.492648 0.693011
vt 0.490612 0.691652
vt 0.701549 0.231361
vt 0.701539 0.238268
vt 0.697235 0.238268
vt 0.697245 0.231361
vt 0.314607 0.936090
vt 0.313207 0.936090
vt 0.313207 0.929479
vt 0.314607 0.928954
vt 0.525760 0.691653
vt 0.523721 0.693011
vt 0.518566 0.687866
vt 0.519929 0.685833
vt 0.512310 0.724058
vt 0.511830 0.721660
vt 0.518566 0.718876
vt 0.519929 0.720909
vt 0.512310 0.682684
vt 0.511830 0.685082
vt 0.504539 0.685082
vt 0.504063 0.682684
vt 0.487456 0.699256
vt 0.489858 0.699733
vt 0.489858 0.707009
vt 0.487456 0.707486
vt 0.525760 0.715089
vt 0.523722 0.713731
vt 0.526512 0.707009
vt 0.528916 0.707486
vt 0.490612 0.715089
vt 0.492648 0.713731
vt 0.497803 0.718876
vt 0.496444 0.720909
vt 0.528916 0.699256
vt 0.526512 0.699733
vt 0.504063 0.724058
vt 0.504539 0.721660
vt 0.511582 0.686424
vt 0.517823 0.689004
vt 0.522600 0.693771
vt 0.525185 0.699999
vt 0.525185 0.706741
vt 0.522600 0.712969
vt 0.517823 0.717736
vt 0.511582 0.720315
vt 0.504827 0.720315
vt 0.498586 0.717735
vt 0.493809 0.712969
vt 0.491224 0.706740
vt 0.491224 0.699999
vt 0.493809 0.693771
vt 0.498586 0.689004
vt 0.504827 0.686424
vt 0.964585 0.269715
vt 0.963186 0.269191
vt 0.963186 0.262579
vt 0.964585 0.262579
vt 0.314607 0.943226
vt 0.313207 0.942702
vt 0.325831 0.217247
vt 0.327233 0.217227
vt 0.327236 0.223820
vt 0.325834 0.224362
vt 0.145330 0.964611
vt 0.143934 0.964069
vt 0.143931 0.957476
vt 0.145327 0.957496
vt 0.143934 0.950847
vt 0.145330 0.950340
vt 0.325834 0.210091
vt 0.327236 0.210598
vt 0.963186 0.255967
vt 0.964585 0.255443
vt 0.800200 0.907035
vt 0.795075 0.907035
vt 0.795075 0.901128
vt 0.799901 0.901128
vt 0.908602 0.154375
vt 0.913428 0.154384
vt 0.913428 0.159430
vt 0.908701 0.159421
vt 0.913425 0.165211
vt 0.908847 0.165202
vt 0.913417 0.171504
vt 0.908988 0.171496
vt 0.913406 0.178068
vt 0.909132 0.178060
vt 0.913393 0.184650
vt 0.909442 0.184643
vt 0.913376 0.190998
vt 0.909664 0.190991
vt 0.913359 0.196866
vt 0.909647 0.196859
vt 0.913340 0.202031
vt 0.909747 0.202024
vt 0.959495 0.119092
vt 0.963088 0.119092
vt 0.963088 0.124198
vt 0.959734 0.124198
vt 0.963088 0.130024
vt 0.959896 0.130024
vt 0.963088 0.133406
vt 0.959968 0.133406
vt 0.579529 0.219505
vt 0.582063 0.213403
vt 0.591220 0.218287
vt 0.589466 0.222513
vt 0.605055 0.206959
vt 0.600820 0.208710
vt 0.596789 0.198997
vt 0.585740 0.250659
vt 0.582063 0.245168
vt 0.591220 0.240284
vt 0.593767 0.244087
vt 0.578238 0.225983
vt 0.588572 0.226999
vt 0.590421 0.203241
vt 0.597009 0.211250
vt 0.590421 0.255330
vt 0.597009 0.247322
vt 0.578238 0.232588
vt 0.588572 0.231572
vt 0.585740 0.207911
vt 0.593767 0.214484
vt 0.595925 0.259000
vt 0.600820 0.249863
vt 0.579529 0.239065
vt 0.589466 0.236058
vt 0.599110 0.261239
vt 0.605055 0.251613
vt 0.400936 0.184654
vt 0.393484 0.186399
vt 0.387460 0.189134
vt 0.382088 0.192989
vt 0.377573 0.197816
vt 0.374090 0.203430
vt 0.357666 0.187231
vt 0.395843 0.175241
vt 0.805136 0.907035
vt 0.800119 0.898325
vt 0.805136 0.898325
vt 0.400936 0.009775
vt 0.391035 0.031631
vt 0.382497 0.025765
vt 0.383009 0.053130
vt 0.367746 0.046257
vt 0.378078 0.077839
vt 0.356593 0.072432
vt 0.377800 0.106943
vt 0.349239 0.104880
vt 0.382306 0.136941
vt 0.348365 0.132653
vt 0.389564 0.160928
vt 0.351144 0.160497
vt 0.371772 0.209612
vt 0.370708 0.216128
vt 0.370937 0.222729
vt 0.372453 0.229157
vt 0.375199 0.235166
vt 0.359197 0.232610
vt 0.379066 0.240526
vt 0.381263 0.243736
vt 0.379931 0.246444
vt 0.370761 0.247591
vt 0.658066 0.303118
vt 0.658397 0.327944
vt 0.656537 0.327944
vt 0.656527 0.303118
vt 0.685755 0.304752
vt 0.685861 0.280788
vt 0.687288 0.280788
vt 0.687290 0.304752
vt 0.657933 0.280788
vt 0.656505 0.280788
vt 0.756912 0.922000
vt 0.757145 0.914291
vt 0.764138 0.914291
vt 0.764138 0.922000
vt 0.800569 0.886395
vt 0.805136 0.886395
vt 0.658945 0.356375
vt 0.656535 0.356375
vt 0.757253 0.938959
vt 0.764138 0.938959
vt 0.682852 0.420723
vt 0.683541 0.402612
vt 0.687380 0.402612
vt 0.687419 0.420723
vt 0.659751 0.388857
vt 0.656519 0.388857
vt 0.661988 0.459727
vt 0.663260 0.500110
vt 0.656376 0.500110
vt 0.656423 0.459727
vt 0.684341 0.377897
vt 0.687340 0.377897
vt 0.661258 0.438337
vt 0.656461 0.438337
vt 0.685013 0.351817
vt 0.687311 0.351817
vt 0.660491 0.414344
vt 0.656494 0.414344
vt 0.685475 0.327553
vt 0.687296 0.327553
vt 0.845273 0.255911
vt 0.845273 0.259024
vt 0.835019 0.259013
vt 0.835019 0.248974
vt 0.845273 0.248985
vt 0.848296 0.248985
vt 0.848296 0.255962
vt 0.805136 0.916025
vt 0.795075 0.916025
vt 0.922646 0.128111
vt 0.922646 0.124609
vt 0.927020 0.124609
vt 0.927020 0.128111
vt 0.214538 0.850303
vt 0.214544 0.846726
vt 0.224606 0.846727
vt 0.224599 0.850303
vt 0.221090 0.850303
vt 0.935669 0.158178
vt 0.938215 0.154375
vt 0.942932 0.157626
vt 0.940944 0.160593
vt 0.933914 0.175949
vt 0.933020 0.171463
vt 0.938877 0.170961
vt 0.939575 0.174462
vt 0.752161 0.652215
vt 0.752161 0.655717
vt 0.747148 0.655717
vt 0.747148 0.652215
vt 0.342628 0.928954
vt 0.346171 0.928954
vt 0.346171 0.935492
vt 0.346171 0.938994
vt 0.342628 0.938994
vt 0.933914 0.162403
vt 0.939575 0.163891
vt 0.935669 0.180174
vt 0.940944 0.177759
vt 0.338585 0.928954
vt 0.338585 0.938994
vt 0.398687 0.928651
vt 0.402231 0.928651
vt 0.402231 0.938691
vt 0.398687 0.938691
vt 0.933020 0.166889
vt 0.938877 0.167391
vt 0.406274 0.928651
vt 0.406274 0.938691
vt 0.334198 0.928954
vt 0.334198 0.938994
vt 0.214538 0.876227
vt 0.214533 0.872224
vt 0.221085 0.872224
vt 0.221090 0.876228
vt 0.214530 0.858763
vt 0.214533 0.854367
vt 0.221085 0.854367
vt 0.221082 0.858763
vt 0.214530 0.867866
vt 0.221082 0.867866
vt 0.214529 0.863321
vt 0.221081 0.863321
vt 0.214544 0.879722
vt 0.221096 0.879722
vt 0.690563 0.926084
vt 0.690561 0.929641
vt 0.687052 0.929640
vt 0.687053 0.926083
vt 0.690554 0.913284
vt 0.690558 0.916012
vt 0.687049 0.916011
vt 0.687044 0.913284
vt 0.690563 0.922537
vt 0.687053 0.922536
vt 0.690558 0.933071
vt 0.690554 0.936243
vt 0.687044 0.936242
vt 0.687049 0.933070
vt 0.690561 0.919136
vt 0.687052 0.919135
vt 0.938215 0.183977
vt 0.942932 0.180727
vt 0.810072 0.907035
vt 0.810371 0.901128
vt 0.815197 0.901128
vt 0.815197 0.907035
vt 0.920070 0.057422
vt 0.920160 0.052376
vt 0.924887 0.052376
vt 0.924897 0.057422
vt 0.920302 0.046595
vt 0.924880 0.046595
vt 0.920447 0.040301
vt 0.924875 0.040301
vt 0.920599 0.033738
vt 0.924874 0.033738
vt 0.920924 0.027156
vt 0.924875 0.027156
vt 0.921167 0.020808
vt 0.924879 0.020808
vt 0.921174 0.014939
vt 0.924886 0.014939
vt 0.921302 0.009775
vt 0.924895 0.009775
vt 0.877313 0.959755
vt 0.877551 0.954649
vt 0.880905 0.954649
vt 0.880905 0.959755
vt 0.877713 0.948823
vt 0.880905 0.948823
vt 0.877785 0.945441
vt 0.880905 0.945441
vt 0.552106 0.645269
vt 0.562043 0.642262
vt 0.563797 0.646488
vt 0.554640 0.651371
vt 0.577632 0.657816
vt 0.569366 0.665778
vt 0.573397 0.656066
vt 0.558317 0.614115
vt 0.566344 0.620688
vt 0.563797 0.624491
vt 0.554640 0.619607
vt 0.550815 0.638792
vt 0.561149 0.637776
vt 0.562998 0.661533
vt 0.569586 0.653525
vt 0.562998 0.609445
vt 0.569586 0.617454
vt 0.550815 0.632187
vt 0.561149 0.633202
vt 0.558317 0.656863
vt 0.566344 0.650291
vt 0.568502 0.605776
vt 0.573397 0.614913
vt 0.552106 0.625709
vt 0.562043 0.628716
vt 0.571687 0.603536
vt 0.577632 0.613163
vt 0.400937 0.330075
vt 0.395843 0.339488
vt 0.357664 0.327495
vt 0.374089 0.311299
vt 0.377573 0.316912
vt 0.382088 0.321739
vt 0.387460 0.325594
vt 0.393484 0.328330
vt 0.810153 0.898325
vt 0.400937 0.504944
vt 0.382499 0.488952
vt 0.391037 0.483087
vt 0.367748 0.468460
vt 0.383012 0.461588
vt 0.356594 0.442285
vt 0.378081 0.436880
vt 0.349240 0.409838
vt 0.377802 0.407778
vt 0.348365 0.382067
vt 0.382308 0.377783
vt 0.351143 0.354226
vt 0.389565 0.353798
vt 0.359194 0.282120
vt 0.375197 0.279566
vt 0.372452 0.285573
vt 0.370936 0.292001
vt 0.370706 0.298602
vt 0.371771 0.305117
vt 0.379064 0.274206
vt 0.370758 0.267141
vt 0.379929 0.268288
vt 0.381261 0.270996
vt 0.654988 0.303118
vt 0.654678 0.327944
vt 0.688826 0.304752
vt 0.688715 0.280788
vt 0.655078 0.280788
vt 0.771363 0.922000
vt 0.771130 0.914291
vt 0.809703 0.886395
vt 0.654125 0.356375
vt 0.771022 0.938959
vt 0.691986 0.420723
vt 0.691219 0.402612
vt 0.653286 0.388857
vt 0.650857 0.459727
vt 0.649491 0.500110
vt 0.690340 0.377897
vt 0.651665 0.438337
vt 0.689609 0.351817
vt 0.652497 0.414344
vt 0.689117 0.327553
vt 0.845273 0.242058
vt 0.835019 0.238934
vt 0.845273 0.238945
vt 0.848296 0.242007
vt 0.815197 0.916025
vt 0.927020 0.131613
vt 0.922646 0.131613
vt 0.234661 0.850304
vt 0.228109 0.850303
vt 0.234667 0.846727
vt 0.941185 0.607565
vt 0.946461 0.605149
vt 0.948449 0.608117
vt 0.943732 0.611368
vt 0.939431 0.589794
vt 0.945092 0.591281
vt 0.944394 0.594782
vt 0.938537 0.594279
vt 0.752161 0.659219
vt 0.747148 0.659219
vt 0.342628 0.949033
vt 0.346171 0.942496
vt 0.346171 0.949033
vt 0.939431 0.603339
vt 0.945092 0.601852
vt 0.941185 0.585568
vt 0.946461 0.587983
vt 0.338585 0.949033
vt 0.398687 0.948731
vt 0.402231 0.948731
vt 0.938537 0.598853
vt 0.944394 0.598351
vt 0.406274 0.948731
vt 0.334198 0.949033
vt 0.234661 0.876228
vt 0.228109 0.876228
vt 0.228104 0.872225
vt 0.234656 0.872225
vt 0.234653 0.858763
vt 0.228101 0.858763
vt 0.228104 0.854367
vt 0.234656 0.854368
vt 0.228101 0.867867
vt 0.234653 0.867867
vt 0.228100 0.863321
vt 0.234652 0.863321
vt 0.234667 0.879723
vt 0.228115 0.879722
vt 0.683544 0.926082
vt 0.683542 0.929639
vt 0.683535 0.913283
vt 0.683539 0.916010
vt 0.683544 0.922535
vt 0.683539 0.933069
vt 0.683535 0.936241
vt 0.683542 0.919134
vt 0.943732 0.581765
vt 0.948449 0.585016
vt 0.724766 0.198254
vt 0.733872 0.203601
vt 0.722314 0.204442
vt 0.713162 0.191440
vt 0.708915 0.202158
vt 0.702169 0.184985
vt 0.697265 0.197360
vt 0.722297 0.210016
vt 0.708886 0.211812
vt 0.697231 0.208508
vt 0.133989 0.803026
vt 0.143719 0.807755
vt 0.143701 0.814346
vt 0.133958 0.814443
vt 0.120783 0.801294
vt 0.120747 0.814477
vt 0.125804 0.595212
vt 0.120062 0.605598
vt 0.120910 0.592329
vt 0.143719 0.820902
vt 0.133989 0.825798
vt 0.120783 0.827589
vt 0.115259 0.592886
vt 0.749908 0.009775
vt 0.749800 0.020537
vt 0.725996 0.021154
vt 0.726103 0.010391
vt 0.134073 0.834048
vt 0.120880 0.837115
vt 0.110365 0.596736
vt 0.749707 0.091381
vt 0.749682 0.105885
vt 0.725956 0.105378
vt 0.725981 0.090875
vt 0.879231 0.581765
vt 0.876947 0.596320
vt 0.858003 0.601137
vt 0.860287 0.586582
vt 0.107789 0.582727
vt 0.099313 0.589394
vt 0.749761 0.035131
vt 0.749800 0.049645
vt 0.725996 0.050262
vt 0.725956 0.035747
vt 0.089866 0.585540
vt 0.094419 0.599976
vt 0.084215 0.597759
vt 0.107540 0.602845
vt 0.749707 0.120488
vt 0.749776 0.131278
vt 0.726050 0.130771
vt 0.725981 0.119982
vt 0.848973 0.038884
vt 0.846689 0.024329
vt 0.865632 0.029146
vt 0.867917 0.043701
vt 0.879231 0.610874
vt 0.860287 0.615691
vt 0.094419 0.611637
vt 0.084215 0.611224
vt 0.107540 0.609578
vt 0.749776 0.080863
vt 0.726050 0.080357
vt 0.795159 0.831051
vt 0.808347 0.834123
vt 0.808293 0.842352
vt 0.795097 0.840552
vt 0.110365 0.615129
vt 0.749908 0.060191
vt 0.726103 0.060808
vt 0.848973 0.009775
vt 0.867917 0.014592
vt 0.099313 0.621253
vt 0.808273 0.853698
vt 0.795075 0.853654
vt 0.115259 0.618013
vt 0.126394 0.593597
vt 0.120743 0.582493
vt 0.122395 0.580362
vt 0.128650 0.592654
vt 0.089866 0.622328
vt 0.099653 0.628095
vt 0.099049 0.630843
vt 0.088214 0.624459
vt 0.817993 0.847269
vt 0.817981 0.853820
vt 0.099653 0.577842
vt 0.088214 0.583735
vt 0.099049 0.575213
vt 0.120910 0.617455
vt 0.081958 0.612167
vt 0.110955 0.576726
vt 0.111560 0.573978
vt 0.817993 0.860416
vt 0.808293 0.865123
vt 0.110955 0.626979
vt 0.120743 0.619281
vt 0.122395 0.621086
vt 0.111560 0.629608
vt 0.795097 0.866846
vt 0.081958 0.597261
vt 0.728934 0.177818
vt 0.733872 0.190389
vt 0.728997 0.193110
vt 0.720490 0.182531
vt 0.126394 0.607062
vt 0.128650 0.607560
vt 0.720381 0.169255
vt 0.710630 0.174698
vt 0.914091 0.221580
vt 0.914091 0.272700
vt 0.910454 0.269241
vt 0.910454 0.225023
vt 0.864488 0.635242
vt 0.870973 0.635241
vt 0.870973 0.649406
vt 0.864488 0.649407
vt 0.555185 0.533054
vt 0.577634 0.533681
vt 0.576216 0.583987
vt 0.553767 0.583359
vt 0.815197 0.935574
vt 0.815197 0.953907
vt 0.808712 0.953917
vt 0.808712 0.935583
vt 0.338690 0.909405
vt 0.332205 0.909405
vt 0.332205 0.868642
vt 0.338690 0.868642
vt 0.880096 0.741073
vt 0.886581 0.741073
vt 0.886581 0.781836
vt 0.880096 0.781836
vt 0.544958 0.523123
vt 0.567406 0.523751
vt 0.626690 0.957197
vt 0.620205 0.957196
vt 0.620205 0.943077
vt 0.626690 0.943079
vt 0.799183 0.438418
vt 0.792698 0.438418
vt 0.792698 0.426234
vt 0.799183 0.426234
vt 0.546461 0.469779
vt 0.568910 0.470407
vt 0.665115 0.794226
vt 0.665115 0.844357
vt 0.659564 0.837817
vt 0.659564 0.823470
vt 0.659683 0.799696
vt 0.813748 0.295810
vt 0.807263 0.295810
vt 0.807263 0.280788
vt 0.813748 0.280788
vt 0.554663 0.460703
vt 0.577111 0.461330
vt 0.813748 0.307993
vt 0.807263 0.307993
vt 0.792698 0.411213
vt 0.799183 0.411213
vt 0.555185 0.442165
vt 0.577634 0.442792
vt 0.812126 0.349908
vt 0.812126 0.309303
vt 0.813748 0.351218
vt 0.808884 0.349908
vt 0.807263 0.351218
vt 0.808884 0.309303
vt 0.289495 0.806189
vt 0.289495 0.820536
vt 0.279422 0.815063
vt 0.280546 0.806190
vt 0.971485 0.511383
vt 0.974728 0.511385
vt 0.974727 0.518966
vt 0.971485 0.518965
vt 0.812126 0.317850
vt 0.808884 0.317850
vt 0.295046 0.799649
vt 0.295046 0.849778
vt 0.289613 0.844309
vt 0.143010 0.650392
vt 0.146253 0.650392
vt 0.146253 0.669578
vt 0.143010 0.669578
vt 0.965903 0.889666
vt 0.969146 0.889666
vt 0.969146 0.897511
vt 0.965903 0.897511
vt 0.965766 0.199609
vt 0.962523 0.199610
vt 0.962523 0.188238
vt 0.965766 0.188238
vt 0.650615 0.837816
vt 0.649491 0.828942
vt 0.047666 0.970744
vt 0.050908 0.970749
vt 0.050908 0.977907
vt 0.047666 0.977902
vt 0.793823 0.480733
vt 0.798057 0.480733
vt 0.799183 0.481642
vt 0.792698 0.481642
vt 0.798057 0.439327
vt 0.793823 0.439327
vt 0.797236 0.475814
vt 0.794644 0.475814
vt 0.794644 0.439998
vt 0.797236 0.439998
vt 0.059844 0.599854
vt 0.059844 0.650975
vt 0.056205 0.647529
vt 0.056205 0.603310
vt 0.975719 0.543480
vt 0.971485 0.543480
vt 0.972308 0.538515
vt 0.974899 0.538515
vt 0.161915 0.373573
vt 0.158276 0.370128
vt 0.158276 0.325908
vt 0.161915 0.322453
vt 0.858003 0.649409
vt 0.858003 0.635243
vt 0.283792 0.484573
vt 0.282374 0.434266
vt 0.304822 0.433638
vt 0.306239 0.483945
vt 0.802227 0.935592
vt 0.802227 0.953926
vt 0.345175 0.868642
vt 0.345175 0.909405
vt 0.893066 0.741073
vt 0.893066 0.781836
vt 0.296012 0.493876
vt 0.273565 0.494504
vt 0.613720 0.957194
vt 0.613720 0.943075
vt 0.805668 0.426234
vt 0.805668 0.438418
vt 0.297516 0.547221
vt 0.275068 0.547849
vt 0.347829 0.849093
vt 0.342396 0.843623
vt 0.342278 0.819850
vt 0.342278 0.805504
vt 0.347829 0.798963
vt 0.800777 0.295810
vt 0.800777 0.280788
vt 0.305717 0.556298
vt 0.283269 0.556926
vt 0.800778 0.307993
vt 0.805668 0.411213
vt 0.306239 0.574837
vt 0.283792 0.575465
vt 0.802399 0.349908
vt 0.800778 0.351218
vt 0.802399 0.309303
vt 0.805641 0.349908
vt 0.805641 0.309303
vt 0.760822 0.838822
vt 0.751873 0.838822
vt 0.750749 0.829948
vt 0.760822 0.824475
vt 0.971107 0.017356
vt 0.971107 0.009775
vt 0.974350 0.009776
vt 0.974350 0.017357
vt 0.805641 0.317850
vt 0.802399 0.317850
vt 0.766373 0.845363
vt 0.760940 0.800702
vt 0.766373 0.795232
vt 0.780913 0.231361
vt 0.780913 0.250548
vt 0.777670 0.250548
vt 0.777670 0.231361
vt 0.920761 0.958598
vt 0.920761 0.966442
vt 0.917519 0.966442
vt 0.917519 0.958598
vt 0.686777 0.955792
vt 0.686777 0.967163
vt 0.683535 0.967164
vt 0.683535 0.955792
vt 0.332205 0.814378
vt 0.333329 0.805505
vt 0.977565 0.926117
vt 0.977565 0.918959
vt 0.980808 0.918964
vt 0.980808 0.926122
vt 0.804542 0.480733
vt 0.805668 0.481642
vt 0.800308 0.480733
vt 0.800308 0.439327
vt 0.804542 0.439327
vt 0.801129 0.475814
vt 0.801129 0.439998
vt 0.803721 0.439998
vt 0.803721 0.475814
vt 0.911701 0.662384
vt 0.915338 0.665842
vt 0.915338 0.710060
vt 0.911701 0.713503
vt 0.090694 0.977174
vt 0.091517 0.972209
vt 0.094108 0.972209
vt 0.094928 0.977174
vt 0.926253 0.105060
vt 0.922653 0.105060
vt 0.922659 0.098854
vt 0.926259 0.098854
vt 0.922660 0.091980
vt 0.926260 0.091980
vt 0.922655 0.085484
vt 0.926256 0.085484
vt 0.922646 0.080357
vt 0.926246 0.080357
vt 0.823497 0.009775
vt 0.827097 0.009775
vt 0.827097 0.015938
vt 0.823497 0.015938
vt 0.827097 0.022806
vt 0.823497 0.022806
vt 0.827097 0.029333
vt 0.823497 0.029333
vt 0.827097 0.034525
vt 0.823497 0.034525
vt 0.218137 0.924065
vt 0.214537 0.924065
vt 0.214530 0.917945
vt 0.218130 0.917945
vt 0.214529 0.911084
vt 0.218129 0.911084
vt 0.214533 0.904527
vt 0.218134 0.904527
vt 0.214542 0.899272
vt 0.218143 0.899272
vt 0.134391 0.906041
vt 0.137991 0.906041
vt 0.137991 0.912204
vt 0.134391 0.912204
vt 0.137991 0.919072
vt 0.134391 0.919072
vt 0.801409 0.087859
vt 0.804049 0.094219
vt 0.802040 0.094618
vt 0.799706 0.088995
vt 0.137991 0.925599
vt 0.134391 0.925599
vt 0.137991 0.930791
vt 0.134391 0.930791
vt 0.129369 0.925599
vt 0.129369 0.930791
vt 0.799706 0.106328
vt 0.795393 0.110631
vt 0.794739 0.109677
vt 0.798734 0.105690
vt 0.776885 0.082991
vt 0.783259 0.080357
vt 0.783660 0.082363
vt 0.778025 0.084692
vt 0.776885 0.112332
vt 0.772007 0.107464
vt 0.773713 0.106328
vt 0.778025 0.110632
vt 0.790157 0.080357
vt 0.796531 0.082991
vt 0.795393 0.084692
vt 0.789759 0.082363
vt 0.804049 0.101104
vt 0.801409 0.107464
vt 0.802040 0.100705
vt 0.769367 0.101104
vt 0.769367 0.094220
vt 0.771379 0.094619
vt 0.771379 0.100705
vt 0.796531 0.112332
vt 0.790157 0.114967
vt 0.789759 0.112961
vt 0.772007 0.087859
vt 0.773713 0.088996
vt 0.783259 0.114967
vt 0.783660 0.112961
vt 0.789518 0.083485
vt 0.794739 0.085643
vt 0.798734 0.089631
vt 0.800897 0.094841
vt 0.800897 0.100480
vt 0.789518 0.111835
vt 0.783867 0.111835
vt 0.778647 0.109677
vt 0.774651 0.105690
vt 0.772488 0.100480
vt 0.772488 0.094841
vt 0.774651 0.089631
vt 0.778647 0.085644
vt 0.783867 0.083485
vt 0.987571 0.748451
vt 0.987571 0.742379
vt 0.988741 0.742679
vt 0.988741 0.748305
vt 0.988741 0.768000
vt 0.988741 0.774072
vt 0.987571 0.773771
vt 0.987571 0.768145
vt 0.690883 0.863907
vt 0.690883 0.869984
vt 0.689710 0.869699
vt 0.689710 0.864068
vt 0.488624 0.983854
vt 0.488624 0.989919
vt 0.487456 0.989603
vt 0.487456 0.983983
vt 0.129369 0.919072
vt 0.129369 0.912204
vt 0.129369 0.906041
vt 0.223155 0.904527
vt 0.223164 0.899272
vt 0.764715 0.204127
vt 0.758342 0.206762
vt 0.758495 0.169255
vt 0.765653 0.173344
vt 0.818475 0.022806
vt 0.824478 0.058558
vt 0.818475 0.058558
vt 0.782866 0.211630
vt 0.777987 0.206762
vt 0.781791 0.172230
vt 0.753464 0.211630
vt 0.771614 0.204127
vt 0.773833 0.174389
vt 0.818475 0.015938
vt 0.818475 0.009775
vt 0.931277 0.085484
vt 0.931268 0.080357
vt 0.931282 0.091980
vt 0.931281 0.098854
vt 0.931275 0.105060
vt 0.716863 0.280788
vt 0.721884 0.280788
vt 0.721884 0.316489
vt 0.715881 0.316489
vt 0.892211 0.365469
vt 0.896515 0.365469
vt 0.896518 0.373517
vt 0.892214 0.373517
vt 0.896528 0.380294
vt 0.892224 0.380294
vt 0.767059 0.864912
vt 0.771363 0.864912
vt 0.771363 0.871755
vt 0.767059 0.871755
vt 0.771363 0.879827
vt 0.767059 0.879827
vt 0.771363 0.887899
vt 0.767059 0.887899
vt 0.771363 0.894742
vt 0.767059 0.894742
vt 0.170055 0.889083
vt 0.165751 0.889083
vt 0.165742 0.882305
vt 0.170046 0.882306
vt 0.165738 0.874257
vt 0.170042 0.874257
vt 0.165742 0.866163
vt 0.170046 0.866164
vt 0.165751 0.859257
vt 0.170055 0.859257
vt 0.715881 0.339476
vt 0.711577 0.339476
vt 0.711577 0.332633
vt 0.715881 0.332633
vt 0.711577 0.324561
vt 0.715881 0.324561
vt 0.711577 0.316489
vt 0.711577 0.309646
vt 0.715881 0.309646
vt 0.674345 0.679146
vt 0.681964 0.682296
vt 0.680605 0.684329
vt 0.673869 0.681545
vt 0.892224 0.350468
vt 0.896528 0.350468
vt 0.896518 0.357375
vt 0.892214 0.357375
vt 0.327230 0.521609
vt 0.327230 0.528745
vt 0.325831 0.528220
vt 0.325831 0.521609
vt 0.649491 0.695719
vt 0.652647 0.688115
vt 0.654686 0.689474
vt 0.651896 0.696196
vt 0.674345 0.720521
vt 0.666098 0.720521
vt 0.666578 0.718123
vt 0.673869 0.718123
vt 0.658479 0.682296
vt 0.666098 0.679146
vt 0.666578 0.681545
vt 0.659842 0.684329
vt 0.687796 0.688115
vt 0.690952 0.695719
vt 0.688550 0.696196
vt 0.685760 0.689474
vt 0.658479 0.717371
vt 0.652647 0.711552
vt 0.654686 0.710194
vt 0.659842 0.715338
vt 0.690952 0.703949
vt 0.687796 0.711552
vt 0.685760 0.710194
vt 0.688550 0.703472
vt 0.649491 0.703948
vt 0.651896 0.703471
vt 0.681964 0.717372
vt 0.680605 0.715339
vt 0.660584 0.685469
vt 0.666825 0.682889
vt 0.673581 0.682889
vt 0.679822 0.685469
vt 0.684599 0.690236
vt 0.687184 0.696464
vt 0.687184 0.703205
vt 0.684599 0.709433
vt 0.679822 0.714200
vt 0.673581 0.716780
vt 0.666826 0.716780
vt 0.660584 0.714200
vt 0.655808 0.709433
vt 0.653223 0.703205
vt 0.653223 0.696464
vt 0.655808 0.690236
vt 0.325831 0.494923
vt 0.325831 0.487787
vt 0.327230 0.487787
vt 0.327230 0.494399
vt 0.327230 0.514473
vt 0.325831 0.514997
vt 0.182995 0.960041
vt 0.182998 0.967156
vt 0.181601 0.966614
vt 0.181598 0.960022
vt 0.325834 0.325821
vt 0.325831 0.318706
vt 0.327233 0.318687
vt 0.327236 0.325279
vt 0.325834 0.311551
vt 0.327236 0.312057
vt 0.182998 0.952886
vt 0.181601 0.953392
vt 0.325831 0.480651
vt 0.327230 0.481176
vt 0.721884 0.324561
vt 0.721884 0.332633
vt 0.176046 0.874257
vt 0.176049 0.882306
vt 0.761056 0.887899
vt 0.761056 0.894742
vt 0.761056 0.879827
vt 0.761056 0.871755
vt 0.761056 0.864912
vt 0.886211 0.373517
vt 0.886221 0.380294
vt 0.886208 0.365469
vt 0.176058 0.889084
vt 0.721884 0.339476
vt 0.176058 0.859257
vt 0.176049 0.866164
vt 0.936297 0.105060
vt 0.936303 0.098854
vt 0.939903 0.098854
vt 0.939897 0.105060
vt 0.936303 0.091980
vt 0.939904 0.091980
vt 0.936299 0.085484
vt 0.939899 0.085484
vt 0.936289 0.080357
vt 0.939890 0.080357
vt 0.813453 0.009775
vt 0.813453 0.015938
vt 0.809853 0.015938
vt 0.809853 0.009775
vt 0.813453 0.022806
vt 0.809853 0.022806
vt 0.813453 0.029333
vt 0.809853 0.029333
vt 0.813453 0.034525
vt 0.809853 0.034525
vt 0.228180 0.924064
vt 0.228174 0.917945
vt 0.231774 0.917945
vt 0.231781 0.924064
vt 0.228172 0.911084
vt 0.231773 0.911084
vt 0.228177 0.904527
vt 0.231777 0.904527
vt 0.228186 0.899272
vt 0.231786 0.899272
vt 0.124347 0.906041
vt 0.124347 0.912204
vt 0.120747 0.912204
vt 0.120747 0.906041
vt 0.124347 0.919072
vt 0.120747 0.919072
vt 0.501349 0.778214
vt 0.501749 0.776210
vt 0.507849 0.776209
vt 0.508248 0.778214
vt 0.124347 0.925599
vt 0.120747 0.925599
vt 0.124347 0.930791
vt 0.120747 0.930791
vt 0.517797 0.769577
vt 0.516839 0.768924
vt 0.519002 0.763714
vt 0.520131 0.763954
vt 0.487456 0.757469
vt 0.489467 0.757870
vt 0.489467 0.763955
vt 0.487456 0.764353
vt 0.514623 0.746241
vt 0.513484 0.747943
vt 0.507849 0.745615
vt 0.508248 0.743607
vt 0.490096 0.770713
vt 0.491801 0.769578
vt 0.496114 0.773881
vt 0.494975 0.775580
vt 0.514623 0.775579
vt 0.513484 0.773880
vt 0.519501 0.770712
vt 0.501349 0.743608
vt 0.501749 0.745615
vt 0.496114 0.747944
vt 0.494975 0.746242
vt 0.522141 0.764352
vt 0.520131 0.757869
vt 0.522141 0.757468
vt 0.490096 0.751110
vt 0.491801 0.752247
vt 0.519501 0.751109
vt 0.517797 0.752246
vt 0.492753 0.768925
vt 0.490591 0.763715
vt 0.490591 0.758077
vt 0.492753 0.752867
vt 0.496749 0.748880
vt 0.501971 0.746722
vt 0.507622 0.746722
vt 0.512843 0.748880
vt 0.516839 0.752867
vt 0.519002 0.758076
vt 0.512843 0.772911
vt 0.507622 0.775069
vt 0.501970 0.775069
vt 0.496749 0.772912
vt 0.985347 0.287136
vt 0.984176 0.286990
vt 0.984176 0.281365
vt 0.985347 0.281064
vt 0.734548 0.984141
vt 0.733377 0.983996
vt 0.733377 0.978370
vt 0.734548 0.978069
vt 0.981372 0.637539
vt 0.980204 0.637378
vt 0.980204 0.631747
vt 0.981372 0.631462
vt 0.841177 0.988536
vt 0.840004 0.988406
vt 0.840004 0.982787
vt 0.841177 0.982471
vt 0.768901 0.714021
vt 0.767966 0.683235
vt 0.775124 0.679146
vt 0.775274 0.716656
vt 0.812472 0.058558
vt 0.750749 0.721523
vt 0.751827 0.682121
vt 0.755628 0.716656
vt 0.780152 0.721524
vt 0.759786 0.684280
vt 0.762002 0.714021
vt 0.726906 0.280788
vt 0.727888 0.316489
vt 0.880205 0.365468
vt 0.880208 0.373517
vt 0.875904 0.373516
vt 0.875901 0.365468
vt 0.880218 0.380294
vt 0.875914 0.380294
vt 0.755053 0.864912
vt 0.755053 0.871755
vt 0.750749 0.871755
vt 0.750749 0.864912
vt 0.755053 0.879827
vt 0.750749 0.879827
vt 0.755053 0.887899
vt 0.750749 0.887899
vt 0.755053 0.894742
vt 0.750749 0.894742
vt 0.182061 0.889084
vt 0.182052 0.882306
vt 0.186356 0.882306
vt 0.186365 0.889084
vt 0.182049 0.874258
vt 0.186353 0.874258
vt 0.182052 0.866164
vt 0.186356 0.866164
vt 0.182061 0.859257
vt 0.186365 0.859257
vt 0.727888 0.339476
vt 0.727888 0.332633
vt 0.732192 0.332633
vt 0.732192 0.339476
vt 0.727888 0.324561
vt 0.732192 0.324561
vt 0.732192 0.316489
vt 0.727888 0.309646
vt 0.732192 0.309646
vt 0.458877 0.720909
vt 0.457517 0.718876
vt 0.462673 0.713731
vt 0.464709 0.715089
vt 0.880218 0.350468
vt 0.880208 0.357375
vt 0.875904 0.357375
vt 0.875914 0.350467
vt 0.325831 0.589251
vt 0.327230 0.589251
vt 0.327230 0.595863
vt 0.325831 0.596387
vt 0.429560 0.715089
vt 0.431599 0.713731
vt 0.436755 0.718875
vt 0.435392 0.720909
vt 0.443011 0.682684
vt 0.443491 0.685082
vt 0.436755 0.687866
vt 0.435392 0.685833
vt 0.443011 0.724058
vt 0.443491 0.721660
vt 0.450781 0.721660
vt 0.451258 0.724058
vt 0.467865 0.707486
vt 0.465463 0.707009
vt 0.465463 0.699733
vt 0.467865 0.699256
vt 0.429560 0.691652
vt 0.431599 0.693011
vt 0.428809 0.699733
vt 0.426404 0.699256
vt 0.464709 0.691653
vt 0.462673 0.693011
vt 0.457517 0.687866
vt 0.458877 0.685833
vt 0.426404 0.707486
vt 0.428809 0.707009
vt 0.451258 0.682684
vt 0.450781 0.685082
vt 0.443738 0.720317
vt 0.437497 0.717737
vt 0.432721 0.712970
vt 0.430136 0.706742
vt 0.430136 0.700001
vt 0.432721 0.693773
vt 0.437497 0.689006
vt 0.443738 0.686426
vt 0.450494 0.686426
vt 0.456735 0.689006
vt 0.461511 0.693773
vt 0.464097 0.700001
vt 0.464097 0.706742
vt 0.461511 0.712971
vt 0.456735 0.717737
vt 0.450494 0.720317
vt 0.259136 0.720759
vt 0.257736 0.720235
vt 0.257736 0.713623
vt 0.259136 0.713623
vt 0.325831 0.582115
vt 0.327230 0.582639
vt 0.325831 0.352526
vt 0.327233 0.352507
vt 0.327236 0.359099
vt 0.325834 0.359641
vt 0.969440 0.577548
vt 0.968043 0.577006
vt 0.968040 0.570413
vt 0.969437 0.570433
vt 0.968043 0.563783
vt 0.969440 0.563277
vt 0.325834 0.345371
vt 0.327236 0.345877
vt 0.257736 0.707011
vt 0.259136 0.706487
vt 0.903948 0.602405
vt 0.898822 0.602405
vt 0.898822 0.596498
vt 0.903649 0.596498
vt 0.912658 0.734180
vt 0.917485 0.734188
vt 0.917485 0.739235
vt 0.912758 0.739227
vt 0.917481 0.745016
vt 0.912903 0.745008
vt 0.917474 0.751309
vt 0.913046 0.751302
vt 0.917465 0.757873
vt 0.913190 0.757866
vt 0.917452 0.764455
vt 0.913501 0.764448
vt 0.917437 0.770803
vt 0.913725 0.770796
vt 0.917421 0.776671
vt 0.913709 0.776665
vt 0.917403 0.781836
vt 0.913810 0.781830
vt 0.962523 0.154375
vt 0.966116 0.154375
vt 0.966116 0.159481
vt 0.962762 0.159481
vt 0.966116 0.165306
vt 0.962924 0.165306
vt 0.966116 0.168688
vt 0.962996 0.168688
vt 0.280713 0.615522
vt 0.283247 0.609420
vt 0.292404 0.614304
vt 0.290650 0.618530
vt 0.306239 0.602976
vt 0.302004 0.604727
vt 0.297973 0.595014
vt 0.286924 0.646676
vt 0.283247 0.641185
vt 0.292404 0.636301
vt 0.294951 0.640104
vt 0.279422 0.622000
vt 0.289756 0.623016
vt 0.291605 0.599258
vt 0.298193 0.607267
vt 0.291605 0.651347
vt 0.298193 0.643339
vt 0.279422 0.628604
vt 0.289756 0.627589
vt 0.286924 0.603928
vt 0.294951 0.610501
vt 0.297109 0.655017
vt 0.302004 0.645880
vt 0.280713 0.635082
vt 0.290650 0.632075
vt 0.300294 0.657256
vt 0.306239 0.647630
vt 0.234077 0.351151
vt 0.226625 0.352896
vt 0.220602 0.355631
vt 0.215229 0.359486
vt 0.210715 0.364313
vt 0.207231 0.369927
vt 0.190807 0.353728
vt 0.228984 0.341738
vt 0.908884 0.602405
vt 0.903867 0.593695
vt 0.908884 0.593695
vt 0.234077 0.176271
vt 0.224176 0.198127
vt 0.215639 0.192262
vt 0.216150 0.219627
vt 0.200888 0.212753
vt 0.211219 0.244336
vt 0.189734 0.238929
vt 0.210941 0.273440
vt 0.182380 0.271377
vt 0.215447 0.303438
vt 0.181506 0.299150
vt 0.222705 0.327425
vt 0.184285 0.326994
vt 0.204914 0.376109
vt 0.203850 0.382625
vt 0.204079 0.389226
vt 0.205595 0.395654
vt 0.208340 0.401662
vt 0.192338 0.399107
vt 0.212207 0.407023
vt 0.214404 0.410233
vt 0.213072 0.412941
vt 0.203903 0.414088
vt 0.672434 0.032104
vt 0.672764 0.056931
vt 0.670904 0.056931
vt 0.670895 0.032104
vt 0.703451 0.125742
vt 0.703345 0.149706
vt 0.701918 0.149706
vt 0.701916 0.125742
vt 0.672302 0.009775
vt 0.670875 0.009775
vt 0.938716 0.472389
vt 0.938483 0.480098
vt 0.931490 0.480098
vt 0.931490 0.472389
vt 0.904317 0.581765
vt 0.908884 0.581765
vt 0.673312 0.085362
vt 0.670902 0.085362
vt 0.938375 0.455430
vt 0.931490 0.455430
vt 0.706365 0.009775
vt 0.705672 0.027885
vt 0.701833 0.027885
vt 0.701798 0.009775
vt 0.674119 0.117843
vt 0.670887 0.117843
vt 0.676363 0.188712
vt 0.677639 0.229093
vt 0.670755 0.229093
vt 0.670798 0.188712
vt 0.704869 0.052599
vt 0.701870 0.052599
vt 0.675630 0.167322
vt 0.670834 0.167322
vt 0.704194 0.078678
vt 0.701896 0.078678
vt 0.674860 0.143330
vt 0.670864 0.143330
vt 0.703732 0.102942
vt 0.701910 0.102942
vt 0.282445 0.921619
vt 0.282445 0.918506
vt 0.292699 0.918516
vt 0.292699 0.928556
vt 0.282445 0.928546
vt 0.279422 0.928546
vt 0.279422 0.921569
vt 0.908884 0.611394
vt 0.898822 0.611394
vt 0.901699 0.485859
vt 0.901699 0.489360
vt 0.897325 0.489360
vt 0.897325 0.485859
vt 0.868563 0.284365
vt 0.868569 0.280788
vt 0.878631 0.280789
vt 0.878625 0.284365
vt 0.875115 0.284365
vt 0.940945 0.247380
vt 0.938399 0.251183
vt 0.933682 0.247932
vt 0.935670 0.244964
vt 0.942700 0.229609
vt 0.943594 0.234095
vt 0.937737 0.234597
vt 0.937039 0.231096
vt 0.607856 0.172444
vt 0.607856 0.175946
vt 0.602843 0.175946
vt 0.602843 0.172444
vt 0.434834 0.927758
vt 0.438378 0.927758
vt 0.438378 0.934296
vt 0.438378 0.937797
vt 0.434834 0.937797
vt 0.942700 0.243155
vt 0.937039 0.241667
vt 0.940946 0.225383
vt 0.935670 0.227799
vt 0.430791 0.927758
vt 0.430791 0.937797
vt 0.259830 0.957593
vt 0.256287 0.957593
vt 0.256287 0.947553
vt 0.259830 0.947553
vt 0.943594 0.238669
vt 0.937737 0.238166
vt 0.252244 0.957593
vt 0.252244 0.947553
vt 0.426404 0.927758
vt 0.426404 0.937797
vt 0.868563 0.310290
vt 0.868559 0.306287
vt 0.875111 0.306287
vt 0.875115 0.310290
vt 0.868556 0.292825
vt 0.868559 0.288429
vt 0.875111 0.288430
vt 0.875108 0.292825
vt 0.868556 0.301929
vt 0.875108 0.301929
vt 0.868555 0.297383
vt 0.875107 0.297383
vt 0.868569 0.313784
vt 0.875121 0.313784
vt 0.944866 0.521542
vt 0.944867 0.517985
vt 0.948377 0.517986
vt 0.948375 0.521543
vt 0.944875 0.534341
vt 0.944870 0.531614
vt 0.948380 0.531615
vt 0.948384 0.534342
vt 0.944866 0.525090
vt 0.948375 0.525090
vt 0.944870 0.514555
vt 0.944874 0.511383
vt 0.948384 0.511384
vt 0.948380 0.514556
vt 0.944868 0.528490
vt 0.948377 0.528491
vt 0.938399 0.221580
vt 0.933682 0.224831
vt 0.913820 0.602405
vt 0.914118 0.596498
vt 0.918945 0.596498
vt 0.918945 0.602405
vt 0.255004 0.917965
vt 0.255094 0.912918
vt 0.259822 0.912918
vt 0.259830 0.917965
vt 0.255237 0.907137
vt 0.259815 0.907137
vt 0.255382 0.900844
vt 0.259811 0.900844
vt 0.255535 0.894280
vt 0.259809 0.894280
vt 0.255860 0.887698
vt 0.259810 0.887698
vt 0.256102 0.881350
vt 0.259814 0.881350
vt 0.256108 0.875482
vt 0.259820 0.875482
vt 0.256236 0.870317
vt 0.259829 0.870317
vt 0.733377 0.958520
vt 0.733616 0.953414
vt 0.736970 0.953414
vt 0.736970 0.958520
vt 0.733778 0.947589
vt 0.736970 0.947589
vt 0.733850 0.944206
vt 0.736970 0.944206
vt 0.598516 0.645269
vt 0.608452 0.642262
vt 0.610207 0.646488
vt 0.601049 0.651371
vt 0.624042 0.657816
vt 0.615775 0.665778
vt 0.619807 0.656066
vt 0.604727 0.614115
vt 0.612753 0.620688
vt 0.610207 0.624491
vt 0.601049 0.619607
vt 0.597224 0.638792
vt 0.607558 0.637776
vt 0.609408 0.661533
vt 0.615995 0.653525
vt 0.609408 0.609445
vt 0.615995 0.617454
vt 0.597224 0.632187
vt 0.607558 0.633202
vt 0.604727 0.656863
vt 0.612753 0.650291
vt 0.614912 0.605776
vt 0.619807 0.614913
vt 0.598516 0.625709
vt 0.608452 0.628716
vt 0.618097 0.603536
vt 0.624042 0.613163
vt 0.473100 0.330062
vt 0.468006 0.339474
vt 0.429827 0.327481
vt 0.446251 0.311285
vt 0.449735 0.316898
vt 0.454250 0.321725
vt 0.459623 0.325581
vt 0.465647 0.328317
vt 0.913901 0.593695
vt 0.473100 0.504930
vt 0.454662 0.488938
vt 0.463200 0.483074
vt 0.439911 0.468446
vt 0.455174 0.461574
vt 0.428757 0.442271
vt 0.450244 0.436866
vt 0.421402 0.409824
vt 0.449965 0.407765
vt 0.420527 0.382053
vt 0.454470 0.377770
vt 0.423306 0.354212
vt 0.461727 0.353785
vt 0.431356 0.282106
vt 0.447359 0.279552
vt 0.444614 0.285559
vt 0.443098 0.291987
vt 0.442869 0.298588
vt 0.443933 0.305103
vt 0.451226 0.274193
vt 0.442920 0.267127
vt 0.452091 0.268275
vt 0.453423 0.270983
vt 0.669356 0.032104
vt 0.669045 0.056931
vt 0.700380 0.125742
vt 0.700491 0.149706
vt 0.669447 0.009775
vt 0.924264 0.472389
vt 0.924498 0.480098
vt 0.913451 0.581765
vt 0.668492 0.085362
vt 0.924606 0.455430
vt 0.697231 0.009775
vt 0.697995 0.027885
vt 0.667654 0.117843
vt 0.665233 0.188712
vt 0.663870 0.229093
vt 0.698870 0.052599
vt 0.666037 0.167322
vt 0.699598 0.078678
vt 0.666867 0.143330
vt 0.700089 0.102942
vt 0.282445 0.935472
vt 0.292699 0.938595
vt 0.282445 0.938585
vt 0.279422 0.935523
vt 0.918945 0.611394
vt 0.897325 0.482357
vt 0.901699 0.482357
vt 0.888686 0.284366
vt 0.882134 0.284366
vt 0.888692 0.280789
vt 0.939725 0.759980
vt 0.945001 0.757564
vt 0.946988 0.760532
vt 0.942272 0.763783
vt 0.937971 0.742208
vt 0.943632 0.743696
vt 0.942934 0.747197
vt 0.937076 0.746694
vt 0.607856 0.179448
vt 0.602843 0.179448
vt 0.434834 0.947837
vt 0.438378 0.941299
vt 0.438378 0.947837
vt 0.937971 0.755754
vt 0.943632 0.754267
vt 0.939725 0.737983
vt 0.945001 0.740398
vt 0.430791 0.947837
vt 0.259830 0.937514
vt 0.256287 0.937514
vt 0.937076 0.751268
vt 0.942934 0.750766
vt 0.252244 0.937514
vt 0.426404 0.947837
vt 0.888686 0.310290
vt 0.882134 0.310290
vt 0.882130 0.306287
vt 0.888682 0.306287
vt 0.888679 0.292826
vt 0.882127 0.292825
vt 0.882130 0.288430
vt 0.888682 0.288430
vt 0.882127 0.301929
vt 0.888679 0.301929
vt 0.882126 0.297384
vt 0.888678 0.297384
vt 0.888692 0.313785
vt 0.882140 0.313784
vt 0.951885 0.521544
vt 0.951886 0.517987
vt 0.951893 0.534343
vt 0.951889 0.531616
vt 0.951885 0.525091
vt 0.951889 0.514557
vt 0.951893 0.511385
vt 0.951886 0.528492
vt 0.942272 0.734180
vt 0.946988 0.737431
vt 0.168269 0.515356
vt 0.168120 0.476047
vt 0.181475 0.476032
vt 0.181636 0.518478
vt 0.081958 0.480875
vt 0.082107 0.441613
vt 0.095474 0.438466
vt 0.095313 0.480861
vt 0.492692 0.052184
vt 0.492841 0.012920
vt 0.506208 0.009775
vt 0.506046 0.052171
vt 0.168269 0.436784
vt 0.181636 0.433637
vt 0.493245 0.255817
vt 0.492840 0.226999
vt 0.506207 0.230122
vt 0.506645 0.261239
vt 0.492692 0.187691
vt 0.492840 0.148427
vt 0.506207 0.145281
vt 0.506047 0.187678
vt 0.082514 0.549008
vt 0.082107 0.520184
vt 0.095474 0.523306
vt 0.095913 0.554429
vt 0.493250 0.120310
vt 0.492841 0.091492
vt 0.506208 0.094615
vt 0.506649 0.125732
vt 0.168676 0.544179
vt 0.182075 0.549601
vt 0.328773 0.125669
vt 0.297652 0.156722
vt 0.276980 0.120995
vt 0.292969 0.105042
vt 0.297652 0.009775
vt 0.328773 0.040828
vt 0.292969 0.061455
vt 0.276980 0.045502
vt 0.558564 0.187762
vt 0.558646 0.209567
vt 0.181506 0.040828
vt 0.212627 0.009775
vt 0.233299 0.045502
vt 0.217311 0.061455
vt 0.147832 0.480951
vt 0.147915 0.502757
vt 0.558568 0.052255
vt 0.558651 0.074060
vt 0.233994 0.476123
vt 0.234077 0.497929
vt 0.147915 0.459171
vt 0.558651 0.030474
vt 0.234077 0.454343
vt 0.212628 0.156722
vt 0.181506 0.125669
vt 0.217311 0.105042
vt 0.233299 0.120995
vt 0.558646 0.165981
vt 0.255140 0.039662
vt 0.298821 0.083248
vt 0.255140 0.126835
vt 0.211459 0.083248
vt 0.030176 0.141228
vt 0.009796 0.106005
vt 0.009796 0.065333
vt 0.030176 0.030110
vt 0.065475 0.009775
vt 0.106235 0.009775
vt 0.141535 0.030110
vt 0.161915 0.065333
vt 0.161915 0.106005
vt 0.141535 0.141228
vt 0.106235 0.161564
vt 0.065475 0.161564
vt 0.578350 0.714326
vt 0.587456 0.719673
vt 0.575898 0.720514
vt 0.566746 0.707512
vt 0.562499 0.718230
vt 0.555753 0.701057
vt 0.550849 0.713432
vt 0.575881 0.726088
vt 0.562470 0.727884
vt 0.550815 0.724581
vt 0.575771 0.803321
vt 0.585500 0.808050
vt 0.585482 0.814641
vt 0.575740 0.814738
vt 0.562564 0.801589
vt 0.562529 0.814772
vt 0.470250 0.545713
vt 0.464507 0.556098
vt 0.465356 0.542829
vt 0.585500 0.821197
vt 0.575771 0.826093
vt 0.562564 0.827884
vt 0.459704 0.543387
vt 0.238145 0.706487
vt 0.238037 0.717250
vt 0.214568 0.717843
vt 0.214676 0.707080
vt 0.575855 0.834343
vt 0.562661 0.837410
vt 0.454810 0.547236
vt 0.770565 0.592769
vt 0.770540 0.607273
vt 0.747148 0.606786
vt 0.747173 0.592283
vt 0.881444 0.411213
vt 0.879160 0.425768
vt 0.860475 0.430464
vt 0.862759 0.415909
vt 0.452235 0.533227
vt 0.443758 0.539894
vt 0.237998 0.731843
vt 0.238037 0.746357
vt 0.214568 0.746951
vt 0.214529 0.732436
vt 0.434312 0.536040
vt 0.438864 0.550476
vt 0.428661 0.548259
vt 0.451985 0.553345
vt 0.770565 0.621876
vt 0.770634 0.632666
vt 0.747242 0.632180
vt 0.747173 0.621390
vt 0.861140 0.109466
vt 0.858856 0.094911
vt 0.877542 0.099607
vt 0.879826 0.114162
vt 0.881444 0.440322
vt 0.862759 0.445018
vt 0.438864 0.562137
vt 0.428661 0.561724
vt 0.451985 0.560078
vt 0.770634 0.582251
vt 0.747242 0.581765
vt 0.845461 0.511383
vt 0.858649 0.514456
vt 0.858595 0.522684
vt 0.845399 0.520885
vt 0.454810 0.565630
vt 0.238145 0.756904
vt 0.214676 0.757497
vt 0.861140 0.080357
vt 0.879826 0.085053
vt 0.443758 0.571753
vt 0.858575 0.534030
vt 0.845376 0.533986
vt 0.459704 0.568513
vt 0.470843 0.544098
vt 0.465192 0.532994
vt 0.466844 0.530863
vt 0.473100 0.543155
vt 0.434312 0.572828
vt 0.444101 0.578595
vt 0.443496 0.581343
vt 0.432660 0.574959
vt 0.868294 0.527602
vt 0.868283 0.534153
vt 0.444101 0.528342
vt 0.432660 0.534235
vt 0.443496 0.525713
vt 0.465356 0.567956
vt 0.426404 0.562667
vt 0.455403 0.527227
vt 0.456008 0.524479
vt 0.868294 0.540748
vt 0.858595 0.545455
vt 0.455403 0.577480
vt 0.465192 0.569782
vt 0.466844 0.571587
vt 0.456008 0.580109
vt 0.845399 0.547178
vt 0.426404 0.547761
vt 0.582518 0.693890
vt 0.587456 0.706461
vt 0.582581 0.709183
vt 0.574074 0.698603
vt 0.470843 0.557564
vt 0.473100 0.558061
vt 0.573965 0.685327
vt 0.564214 0.690770
vt 0.060636 0.866404
vt 0.060636 0.917523
vt 0.056999 0.914065
vt 0.056999 0.869847
vt 0.865341 0.133712
vt 0.871826 0.133711
vt 0.871826 0.147876
vt 0.865341 0.147878
vt 0.607451 0.533054
vt 0.629900 0.533681
vt 0.628482 0.583987
vt 0.606033 0.583360
vt 0.954907 0.851763
vt 0.954907 0.870098
vt 0.948422 0.870107
vt 0.948422 0.851772
vt 0.536452 0.854536
vt 0.542937 0.854536
vt 0.542937 0.895299
vt 0.536452 0.895299
vt 0.892110 0.713503
vt 0.885625 0.713503
vt 0.885625 0.672740
vt 0.892110 0.672740
vt 0.597224 0.523124
vt 0.619673 0.523751
vt 0.227499 0.957735
vt 0.221014 0.957734
vt 0.221014 0.943615
vt 0.227499 0.943617
vt 0.796711 0.624990
vt 0.803196 0.624990
vt 0.803196 0.637173
vt 0.796710 0.637173
vt 0.598728 0.469780
vt 0.621176 0.470407
vt 0.839265 0.080357
vt 0.839265 0.130488
vt 0.833714 0.123947
vt 0.833714 0.109600
vt 0.833832 0.085827
vt 0.143719 0.726337
vt 0.137234 0.726337
vt 0.137234 0.711316
vt 0.143719 0.711316
vt 0.606929 0.460703
vt 0.629377 0.461330
vt 0.143719 0.738520
vt 0.137234 0.738520
vt 0.803196 0.652194
vt 0.796711 0.652194
vt 0.607451 0.442165
vt 0.629900 0.442792
vt 0.142098 0.780435
vt 0.142098 0.739831
vt 0.143719 0.781745
vt 0.138855 0.780435
vt 0.137234 0.781745
vt 0.138855 0.739831
vt 0.845092 0.175796
vt 0.845092 0.190143
vt 0.835019 0.184670
vt 0.836143 0.175797
vt 0.975152 0.374662
vt 0.971909 0.374660
vt 0.971909 0.367079
vt 0.975152 0.367080
vt 0.142098 0.748377
vt 0.138855 0.748377
vt 0.850644 0.169255
vt 0.850644 0.219385
vt 0.845211 0.213915
vt 0.460432 0.935641
vt 0.463675 0.935641
vt 0.463675 0.954828
vt 0.460432 0.954828
vt 0.948109 0.561737
vt 0.944866 0.561737
vt 0.944866 0.553892
vt 0.948109 0.553892
vt 0.911701 0.631463
vt 0.914944 0.631462
vt 0.914944 0.642834
vt 0.911701 0.642835
vt 0.824764 0.123946
vt 0.823640 0.115073
vt 0.346171 0.975746
vt 0.342929 0.975741
vt 0.342929 0.968583
vt 0.346171 0.968588
vt 0.802070 0.582675
vt 0.797836 0.582675
vt 0.796711 0.581765
vt 0.803196 0.581765
vt 0.797836 0.624080
vt 0.802070 0.624080
vt 0.798657 0.587593
vt 0.801249 0.587593
vt 0.801249 0.623409
vt 0.798657 0.623409
vt 0.161915 0.181113
vt 0.161915 0.232234
vt 0.158276 0.228788
vt 0.158276 0.184568
vt 0.617954 0.981712
vt 0.613720 0.981712
vt 0.614542 0.976747
vt 0.617134 0.976747
vt 0.161915 0.302904
vt 0.158276 0.299458
vt 0.158276 0.255238
vt 0.161915 0.251783
vt 0.858856 0.147879
vt 0.858856 0.133714
vt 0.555185 0.331724
vt 0.553767 0.281417
vt 0.576215 0.280788
vt 0.577633 0.331096
vt 0.941937 0.851781
vt 0.941937 0.870117
vt 0.529967 0.895299
vt 0.529967 0.854536
vt 0.879140 0.713503
vt 0.879140 0.672740
vt 0.567406 0.341026
vt 0.544958 0.341655
vt 0.214529 0.957732
vt 0.214529 0.943614
vt 0.790226 0.637173
vt 0.790226 0.624990
vt 0.568909 0.394372
vt 0.546461 0.395000
vt 0.383045 0.849093
vt 0.377612 0.843623
vt 0.377494 0.819850
vt 0.377494 0.805504
vt 0.383045 0.798963
vt 0.130749 0.726337
vt 0.130749 0.711316
vt 0.577110 0.403449
vt 0.554662 0.404077
vt 0.130749 0.738520
vt 0.790226 0.652194
vt 0.577633 0.421988
vt 0.555185 0.422616
vt 0.132370 0.780435
vt 0.130749 0.781745
vt 0.132370 0.739831
vt 0.135612 0.780435
vt 0.135612 0.739831
vt 0.019869 0.840316
vt 0.010920 0.840315
vt 0.009796 0.831442
vt 0.019869 0.825969
vt 0.975152 0.329176
vt 0.975152 0.336758
vt 0.971909 0.336756
vt 0.971909 0.329175
vt 0.135612 0.748377
vt 0.132370 0.748377
vt 0.025420 0.846856
vt 0.019987 0.802195
vt 0.025420 0.796725
vt 0.956660 0.821771
vt 0.956660 0.802584
vt 0.959902 0.802584
vt 0.959902 0.821771
vt 0.487456 0.964305
vt 0.487456 0.956460
vt 0.490699 0.956460
vt 0.490699 0.964305
vt 0.670315 0.261239
vt 0.670315 0.249868
vt 0.673558 0.249867
vt 0.673558 0.261238
vt 0.367421 0.814378
vt 0.368545 0.805505
vt 0.365763 0.975741
vt 0.365763 0.968583
vt 0.369006 0.968588
vt 0.369006 0.975746
vt 0.791351 0.582675
vt 0.790226 0.581765
vt 0.795585 0.582675
vt 0.795585 0.624080
vt 0.791351 0.624080
vt 0.794764 0.587593
vt 0.794764 0.623409
vt 0.792172 0.623409
vt 0.792172 0.587593
vt 0.919756 0.380295
vt 0.916119 0.376836
vt 0.916119 0.332618
vt 0.919756 0.329175
vt 0.252244 0.982107
vt 0.253066 0.977142
vt 0.255658 0.977142
vt 0.256478 0.982107
vt 0.923417 0.827288
vt 0.919817 0.827288
vt 0.919823 0.821082
vt 0.923424 0.821082
vt 0.919824 0.814208
vt 0.923424 0.814208
vt 0.919819 0.807712
vt 0.923420 0.807712
vt 0.919810 0.802584
vt 0.923410 0.802584
vt 0.248047 0.569150
vt 0.251648 0.569150
vt 0.251648 0.575313
vt 0.248047 0.575313
vt 0.251648 0.582181
vt 0.248047 0.582181
vt 0.251648 0.588708
vt 0.248047 0.588708
vt 0.251648 0.593900
vt 0.248047 0.593900
vt 0.613040 0.923526
vt 0.609440 0.923526
vt 0.609433 0.917407
vt 0.613034 0.917407
vt 0.609432 0.910546
vt 0.613033 0.910546
vt 0.609437 0.903989
vt 0.613037 0.903989
vt 0.609446 0.898733
vt 0.613046 0.898733
vt 0.714144 0.924657
vt 0.710543 0.924657
vt 0.710543 0.918494
vt 0.714144 0.918494
vt 0.710543 0.911626
vt 0.714144 0.911626
vt 0.577981 0.779406
vt 0.571607 0.782040
vt 0.571207 0.780035
vt 0.576842 0.777707
vt 0.710543 0.905099
vt 0.714144 0.905099
vt 0.710543 0.899907
vt 0.714144 0.899907
vt 0.719165 0.905099
vt 0.719165 0.899907
vt 0.559472 0.777706
vt 0.555159 0.773403
vt 0.556116 0.772750
vt 0.560112 0.776737
vt 0.582860 0.754935
vt 0.585500 0.761295
vt 0.583489 0.761696
vt 0.581155 0.756073
vt 0.553455 0.754935
vt 0.558334 0.750067
vt 0.559472 0.751769
vt 0.555159 0.756073
vt 0.585500 0.768179
vt 0.582860 0.774538
vt 0.581155 0.773404
vt 0.583489 0.767781
vt 0.564708 0.782040
vt 0.558334 0.779405
vt 0.565108 0.780035
vt 0.564708 0.747433
vt 0.571607 0.747433
vt 0.571207 0.749441
vt 0.565108 0.749441
vt 0.553455 0.774538
vt 0.550815 0.768178
vt 0.552825 0.767781
vt 0.577981 0.750068
vt 0.576842 0.751770
vt 0.550815 0.761294
vt 0.552825 0.761695
vt 0.582364 0.767541
vt 0.580202 0.772750
vt 0.576206 0.776737
vt 0.570984 0.778895
vt 0.565333 0.778895
vt 0.553953 0.767540
vt 0.553953 0.761902
vt 0.556116 0.756693
vt 0.560112 0.752706
vt 0.565333 0.750548
vt 0.570985 0.750548
vt 0.576206 0.752706
vt 0.580202 0.756693
vt 0.582364 0.761902
vt 0.989908 0.891439
vt 0.989908 0.897511
vt 0.988737 0.897210
vt 0.988737 0.891584
vt 0.985347 0.255443
vt 0.985347 0.261515
vt 0.984176 0.261214
vt 0.984177 0.255589
vt 0.780919 0.958508
vt 0.780919 0.964585
vt 0.779746 0.964300
vt 0.779746 0.958669
vt 0.508216 0.989919
vt 0.508216 0.983854
vt 0.509384 0.984170
vt 0.509384 0.989790
vt 0.719165 0.911626
vt 0.719165 0.918494
vt 0.719165 0.924657
vt 0.618059 0.903989
vt 0.618068 0.898733
vt 0.762818 0.447743
vt 0.768836 0.444378
vt 0.773106 0.481642
vt 0.765516 0.478422
vt 0.243026 0.582181
vt 0.249029 0.617933
vt 0.243026 0.617933
vt 0.743908 0.442424
vt 0.749327 0.446685
vt 0.749621 0.481423
vt 0.773106 0.438972
vt 0.755967 0.448553
vt 0.757270 0.478345
vt 0.243026 0.575313
vt 0.243026 0.569150
vt 0.928441 0.807712
vt 0.928432 0.802584
vt 0.928446 0.814208
vt 0.928445 0.821082
vt 0.928439 0.827288
vt 0.712227 0.581765
vt 0.717249 0.581765
vt 0.717249 0.617466
vt 0.711246 0.617466
vt 0.886545 0.236581
vt 0.890850 0.236581
vt 0.890853 0.244629
vt 0.886549 0.244629
vt 0.890862 0.251407
vt 0.886558 0.251407
vt 0.881617 0.881592
vt 0.877313 0.881592
vt 0.877313 0.874749
vt 0.881617 0.874749
vt 0.877313 0.866677
vt 0.881617 0.866677
vt 0.877313 0.858606
vt 0.881617 0.858606
vt 0.877313 0.851763
vt 0.881617 0.851763
vt 0.653808 0.893733
vt 0.649504 0.893733
vt 0.649495 0.886956
vt 0.653799 0.886956
vt 0.649491 0.878907
vt 0.653795 0.878908
vt 0.649495 0.870814
vt 0.653799 0.870814
vt 0.649504 0.863907
vt 0.653808 0.863907
vt 0.711246 0.640452
vt 0.706942 0.640452
vt 0.706942 0.633609
vt 0.711246 0.633609
vt 0.706942 0.625538
vt 0.711246 0.625538
vt 0.706942 0.617466
vt 0.706942 0.610623
vt 0.711246 0.610623
vt 0.682852 0.456843
vt 0.686008 0.449240
vt 0.688046 0.450597
vt 0.685255 0.457318
vt 0.886558 0.221581
vt 0.890862 0.221581
vt 0.890853 0.228487
vt 0.886549 0.228487
vt 0.327230 0.623072
vt 0.327230 0.630208
vt 0.325831 0.629684
vt 0.325831 0.623072
vt 0.699460 0.481642
vt 0.691840 0.478493
vt 0.693202 0.476459
vt 0.699938 0.479243
vt 0.724317 0.456842
vt 0.724317 0.465072
vt 0.721913 0.464593
vt 0.721913 0.457318
vt 0.686008 0.472674
vt 0.682852 0.465072
vt 0.685255 0.464593
vt 0.688046 0.471314
vt 0.691840 0.443421
vt 0.699460 0.440272
vt 0.699938 0.442668
vt 0.693202 0.445452
vt 0.721160 0.472674
vt 0.715328 0.478493
vt 0.713967 0.476459
vt 0.719123 0.471314
vt 0.707708 0.440272
vt 0.715328 0.443421
vt 0.713967 0.445452
vt 0.707230 0.442668
vt 0.707708 0.481642
vt 0.707230 0.479243
vt 0.721160 0.449240
vt 0.719123 0.450597
vt 0.689188 0.470573
vt 0.686603 0.464346
vt 0.686603 0.457605
vt 0.689188 0.451378
vt 0.693965 0.446611
vt 0.700207 0.444032
vt 0.706963 0.444032
vt 0.713205 0.446611
vt 0.717982 0.451378
vt 0.720567 0.457605
vt 0.720567 0.464346
vt 0.717982 0.470573
vt 0.713205 0.475340
vt 0.706963 0.477919
vt 0.700207 0.477919
vt 0.693965 0.475340
vt 0.406813 0.682684
vt 0.406813 0.689820
vt 0.405413 0.689820
vt 0.405413 0.683208
vt 0.327230 0.615936
vt 0.325831 0.616461
vt 0.969437 0.604252
vt 0.969440 0.611368
vt 0.968043 0.610825
vt 0.968040 0.604233
vt 0.325834 0.393461
vt 0.325831 0.386346
vt 0.327233 0.386326
vt 0.327236 0.392919
vt 0.325834 0.379190
vt 0.327236 0.379697
vt 0.969440 0.597097
vt 0.968043 0.597603
vt 0.406813 0.696956
vt 0.405413 0.696431
vt 0.717249 0.625538
vt 0.717249 0.633609
vt 0.659798 0.878908
vt 0.659802 0.886956
vt 0.887620 0.858606
vt 0.887620 0.851763
vt 0.887620 0.866677
vt 0.887620 0.874749
vt 0.887620 0.881592
vt 0.880546 0.244629
vt 0.880555 0.251407
vt 0.880542 0.236581
vt 0.659811 0.893733
vt 0.717249 0.640452
vt 0.659811 0.863907
vt 0.659802 0.870814
vt 0.933461 0.827288
vt 0.933467 0.821082
vt 0.937067 0.821082
vt 0.937061 0.827288
vt 0.933468 0.814208
vt 0.937068 0.814208
vt 0.933463 0.807712
vt 0.937063 0.807712
vt 0.933453 0.802584
vt 0.937054 0.802584
vt 0.238004 0.569150
vt 0.238004 0.575313
vt 0.234404 0.575313
vt 0.234404 0.569150
vt 0.238004 0.582181
vt 0.234404 0.582181
vt 0.238004 0.588708
vt 0.234404 0.588708
vt 0.238004 0.593900
vt 0.234404 0.593900
vt 0.623084 0.923526
vt 0.623077 0.917407
vt 0.626677 0.917407
vt 0.626684 0.923526
vt 0.623076 0.910546
vt 0.626676 0.910546
vt 0.623080 0.903989
vt 0.626680 0.903989
vt 0.623089 0.898733
vt 0.626690 0.898733
vt 0.724187 0.924657
vt 0.724187 0.918494
vt 0.727787 0.918494
vt 0.727787 0.924657
vt 0.724187 0.911626
vt 0.727787 0.911626
vt 0.030588 0.742569
vt 0.030188 0.744574
vt 0.024088 0.744574
vt 0.023689 0.742569
vt 0.724187 0.905099
vt 0.727787 0.905099
vt 0.724187 0.899907
vt 0.727787 0.899907
vt 0.014140 0.751206
vt 0.015098 0.751859
vt 0.012935 0.757069
vt 0.011806 0.756829
vt 0.044481 0.763314
vt 0.042470 0.762914
vt 0.042470 0.756828
vt 0.044481 0.756430
vt 0.017315 0.774542
vt 0.018453 0.772840
vt 0.024088 0.775169
vt 0.023689 0.777176
vt 0.041841 0.750071
vt 0.040136 0.751206
vt 0.035823 0.746902
vt 0.036962 0.745203
vt 0.017315 0.745204
vt 0.018453 0.746903
vt 0.012436 0.750072
vt 0.030588 0.777176
vt 0.030188 0.775169
vt 0.035823 0.772839
vt 0.036962 0.774541
vt 0.009796 0.756431
vt 0.011806 0.762915
vt 0.009796 0.763315
vt 0.041841 0.769674
vt 0.040136 0.768536
vt 0.012436 0.769675
vt 0.014140 0.768537
vt 0.039184 0.751859
vt 0.041347 0.757068
vt 0.041347 0.762707
vt 0.039184 0.767916
vt 0.035188 0.771903
vt 0.029967 0.774061
vt 0.024315 0.774061
vt 0.019094 0.771904
vt 0.015098 0.767917
vt 0.012935 0.762708
vt 0.019094 0.747872
vt 0.024315 0.745714
vt 0.029967 0.745714
vt 0.035188 0.747872
vt 0.637545 0.976747
vt 0.638716 0.976892
vt 0.638716 0.982518
vt 0.637545 0.982818
vt 0.215699 0.983356
vt 0.214529 0.983211
vt 0.214529 0.977585
vt 0.215699 0.977285
vt 0.981142 0.411213
vt 0.982310 0.411374
vt 0.982310 0.417005
vt 0.981142 0.417290
vt 0.711716 0.989007
vt 0.710543 0.988878
vt 0.710543 0.983258
vt 0.711716 0.982942
vt 0.100868 0.745219
vt 0.103567 0.714537
vt 0.111157 0.711316
vt 0.106887 0.748582
vt 0.237023 0.617933
vt 0.081958 0.750539
vt 0.087672 0.711537
vt 0.087377 0.746278
vt 0.111157 0.753989
vt 0.095320 0.714614
vt 0.094017 0.744409
vt 0.722271 0.581765
vt 0.723252 0.617466
vt 0.874539 0.236581
vt 0.874543 0.244629
vt 0.870239 0.244629
vt 0.870235 0.236580
vt 0.874552 0.251407
vt 0.870248 0.251407
vt 0.893623 0.881592
vt 0.893623 0.874749
vt 0.897927 0.874749
vt 0.897927 0.881592
vt 0.893623 0.866677
vt 0.897927 0.866678
vt 0.893623 0.858606
vt 0.897927 0.858606
vt 0.893623 0.851763
vt 0.897927 0.851763
vt 0.665814 0.893734
vt 0.665805 0.886956
vt 0.670109 0.886956
vt 0.670118 0.893734
vt 0.665802 0.878908
vt 0.670106 0.878908
vt 0.665805 0.870814
vt 0.670109 0.870814
vt 0.665814 0.863907
vt 0.670118 0.863907
vt 0.723252 0.640452
vt 0.723252 0.633609
vt 0.727556 0.633609
vt 0.727556 0.640452
vt 0.723252 0.625538
vt 0.727556 0.625538
vt 0.727556 0.617466
vt 0.723252 0.610623
vt 0.727556 0.610623
vt 0.282578 0.709208
vt 0.284616 0.707851
vt 0.289772 0.712996
vt 0.288410 0.715027
vt 0.874552 0.221580
vt 0.874543 0.228487
vt 0.870239 0.228487
vt 0.870248 0.221580
vt 0.327230 0.555430
vt 0.325831 0.555430
vt 0.325831 0.548818
vt 0.327230 0.548294
vt 0.288410 0.679955
vt 0.289772 0.681989
vt 0.284616 0.687134
vt 0.282578 0.685774
vt 0.320886 0.693376
vt 0.318483 0.693855
vt 0.315693 0.687133
vt 0.317730 0.685773
vt 0.279422 0.693376
vt 0.281825 0.693855
vt 0.281825 0.701130
vt 0.279422 0.701605
vt 0.296030 0.718176
vt 0.296508 0.715780
vt 0.303800 0.715779
vt 0.304278 0.718176
vt 0.311898 0.679954
vt 0.310537 0.681989
vt 0.303800 0.679205
vt 0.304278 0.676805
vt 0.311898 0.715027
vt 0.310537 0.712995
vt 0.315693 0.707851
vt 0.317730 0.709208
vt 0.296030 0.676805
vt 0.296508 0.679205
vt 0.320886 0.701605
vt 0.318483 0.701130
vt 0.283171 0.694102
vt 0.285757 0.687875
vt 0.290534 0.683108
vt 0.296775 0.680529
vt 0.303531 0.680529
vt 0.309773 0.683108
vt 0.314550 0.687874
vt 0.317136 0.694102
vt 0.317136 0.700842
vt 0.314550 0.707070
vt 0.309773 0.711836
vt 0.303531 0.714416
vt 0.296775 0.714416
vt 0.290534 0.711837
vt 0.285757 0.707070
vt 0.283171 0.700843
vt 0.327230 0.461102
vt 0.325831 0.460578
vt 0.325831 0.453966
vt 0.327230 0.453966
vt 0.327230 0.562566
vt 0.325831 0.562042
vt 0.325831 0.420166
vt 0.327233 0.420146
vt 0.327236 0.426739
vt 0.325834 0.427281
vt 0.563928 0.964859
vt 0.562531 0.964317
vt 0.562529 0.957724
vt 0.563925 0.957744
vt 0.562531 0.951095
vt 0.563928 0.950588
vt 0.325834 0.413010
vt 0.327236 0.413516
vt 0.325831 0.447354
vt 0.327230 0.446830
vt 0.284547 0.889967
vt 0.279422 0.889967
vt 0.279422 0.884060
vt 0.284249 0.884060
vt 0.460432 0.868437
vt 0.465259 0.868445
vt 0.465259 0.873491
vt 0.460532 0.873483
vt 0.465255 0.879272
vt 0.460678 0.879264
vt 0.465249 0.885565
vt 0.460820 0.885557
vt 0.465239 0.892129
vt 0.460964 0.892121
vt 0.465226 0.898711
vt 0.461275 0.898704
vt 0.465211 0.905058
vt 0.461499 0.905052
vt 0.465195 0.910927
vt 0.461483 0.910921
vt 0.465177 0.916092
vt 0.461585 0.916086
vt 0.120747 0.950340
vt 0.124340 0.950340
vt 0.124340 0.955446
vt 0.120986 0.955446
vt 0.124340 0.961272
vt 0.121148 0.961272
vt 0.124340 0.964654
vt 0.121220 0.964654
vt 0.349655 0.621414
vt 0.352188 0.615312
vt 0.361346 0.620197
vt 0.359591 0.624422
vt 0.375181 0.608869
vt 0.370946 0.610619
vt 0.366914 0.600906
vt 0.355866 0.652569
vt 0.352188 0.647077
vt 0.361346 0.642194
vt 0.363893 0.645997
vt 0.348363 0.627892
vt 0.358697 0.628908
vt 0.360547 0.605151
vt 0.367134 0.613160
vt 0.360547 0.657239
vt 0.367134 0.649231
vt 0.348363 0.634497
vt 0.358697 0.633482
vt 0.355866 0.609821
vt 0.363893 0.616394
vt 0.366051 0.660909
vt 0.370946 0.651772
vt 0.349655 0.640975
vt 0.359591 0.637968
vt 0.369236 0.663149
vt 0.375181 0.653523
vt 0.306239 0.351151
vt 0.298787 0.352896
vt 0.292764 0.355631
vt 0.287392 0.359486
vt 0.282877 0.364313
vt 0.279393 0.369927
vt 0.262969 0.353728
vt 0.301147 0.341738
vt 0.289483 0.889967
vt 0.284467 0.881258
vt 0.289483 0.881258
vt 0.306239 0.176271
vt 0.296338 0.198127
vt 0.287801 0.192262
vt 0.288312 0.219627
vt 0.273050 0.212753
vt 0.283382 0.244336
vt 0.261896 0.238929
vt 0.283103 0.273440
vt 0.254543 0.271377
vt 0.287610 0.303438
vt 0.253669 0.299150
vt 0.294868 0.327425
vt 0.256448 0.326994
vt 0.277076 0.376109
vt 0.276012 0.382625
vt 0.276241 0.389226
vt 0.277757 0.395654
vt 0.280502 0.401663
vt 0.264501 0.399107
vt 0.284370 0.407023
vt 0.286566 0.410233
vt 0.285234 0.412941
vt 0.276065 0.414088
vt 0.639073 0.032103
vt 0.639403 0.056929
vt 0.637543 0.056929
vt 0.637534 0.032103
vt 0.652404 0.543623
vt 0.652510 0.519659
vt 0.653938 0.519659
vt 0.653940 0.543623
vt 0.638941 0.009775
vt 0.637513 0.009775
vt 0.663943 0.930242
vt 0.663710 0.937950
vt 0.656717 0.937950
vt 0.656717 0.930242
vt 0.284916 0.869327
vt 0.289483 0.869328
vt 0.639950 0.085360
vt 0.637541 0.085360
vt 0.663602 0.913283
vt 0.656717 0.913283
vt 0.649491 0.659597
vt 0.650184 0.641485
vt 0.654022 0.641485
vt 0.654058 0.659597
vt 0.640758 0.117843
vt 0.637526 0.117843
vt 0.643002 0.188716
vt 0.644279 0.229100
vt 0.637394 0.229100
vt 0.637437 0.188716
vt 0.650987 0.616769
vt 0.653986 0.616769
vt 0.642269 0.167324
vt 0.637473 0.167324
vt 0.651661 0.590688
vt 0.653959 0.590688
vt 0.641499 0.143331
vt 0.637503 0.143331
vt 0.652124 0.566424
vt 0.653945 0.566424
vt 0.920542 0.922072
vt 0.920542 0.918959
vt 0.930795 0.918969
vt 0.930795 0.929009
vt 0.920542 0.928999
vt 0.917519 0.928999
vt 0.917519 0.922022
vt 0.289483 0.898957
vt 0.279422 0.898957
vt 0.944488 0.055785
vt 0.944488 0.052284
vt 0.948863 0.052284
vt 0.948863 0.055785
vt 0.837592 0.855339
vt 0.837598 0.851763
vt 0.847660 0.851763
vt 0.847654 0.855339
vt 0.844144 0.855339
vt 0.936331 0.274535
vt 0.938878 0.270732
vt 0.943594 0.273983
vt 0.941607 0.276951
vt 0.934577 0.292306
vt 0.933682 0.287820
vt 0.939540 0.287318
vt 0.940238 0.290819
vt 0.578238 0.179448
vt 0.578238 0.175946
vt 0.583251 0.175946
vt 0.583251 0.179448
vt 0.374193 0.928954
vt 0.377736 0.928954
vt 0.377736 0.935492
vt 0.377736 0.938994
vt 0.374193 0.938994
vt 0.934577 0.278761
vt 0.940238 0.280248
vt 0.936331 0.296532
vt 0.941607 0.294117
vt 0.370150 0.928954
vt 0.370150 0.938994
vt 0.950387 0.918959
vt 0.953931 0.918959
vt 0.953931 0.928999
vt 0.950387 0.928999
vt 0.933682 0.283246
vt 0.939540 0.283749
vt 0.957974 0.918959
vt 0.957974 0.928999
vt 0.365763 0.928954
vt 0.365763 0.938994
vt 0.837592 0.881264
vt 0.837588 0.877260
vt 0.844140 0.877261
vt 0.844144 0.881264
vt 0.837585 0.863799
vt 0.837588 0.859403
vt 0.844140 0.859403
vt 0.844137 0.863799
vt 0.837585 0.872902
vt 0.844137 0.872902
vt 0.837584 0.868357
vt 0.844136 0.868357
vt 0.837598 0.884758
vt 0.844150 0.884759
vt 0.944488 0.019933
vt 0.944490 0.016376
vt 0.947999 0.016377
vt 0.947998 0.019934
vt 0.944497 0.032733
vt 0.944492 0.030006
vt 0.948002 0.030006
vt 0.948006 0.032734
vt 0.944488 0.023480
vt 0.947998 0.023481
vt 0.944492 0.012946
vt 0.944497 0.009775
vt 0.948006 0.009775
vt 0.948002 0.012947
vt 0.944490 0.026882
vt 0.947999 0.026882
vt 0.938878 0.300335
vt 0.943594 0.297085
vt 0.294419 0.889967
vt 0.294718 0.884060
vt 0.299545 0.884060
vt 0.299545 0.889967
vt 0.920448 0.559031
vt 0.920538 0.553985
vt 0.925266 0.553985
vt 0.925274 0.559031
vt 0.920681 0.548204
vt 0.925259 0.548204
vt 0.920826 0.541911
vt 0.925255 0.541911
vt 0.920979 0.535347
vt 0.925253 0.535347
vt 0.921304 0.528765
vt 0.925255 0.528765
vt 0.921546 0.522417
vt 0.925258 0.522417
vt 0.921553 0.516548
vt 0.925265 0.516548
vt 0.921680 0.511383
vt 0.925273 0.511383
vt 0.837584 0.962922
vt 0.837823 0.957816
vt 0.841177 0.957816
vt 0.841177 0.962922
vt 0.837985 0.951990
vt 0.841177 0.951990
vt 0.838057 0.948608
vt 0.841177 0.948608
vt 0.169411 0.687296
vt 0.179348 0.684289
vt 0.181102 0.688515
vt 0.171944 0.693398
vt 0.194937 0.699843
vt 0.186670 0.707805
vt 0.190702 0.698093
vt 0.175622 0.656142
vt 0.183649 0.662715
vt 0.181102 0.666518
vt 0.171944 0.661634
vt 0.168120 0.680818
vt 0.178454 0.679803
vt 0.180303 0.703560
vt 0.186891 0.695552
vt 0.180303 0.651472
vt 0.186890 0.659481
vt 0.168120 0.674214
vt 0.178454 0.675229
vt 0.175622 0.698890
vt 0.183649 0.692318
vt 0.185807 0.647803
vt 0.190702 0.656940
vt 0.169411 0.667736
vt 0.179348 0.670743
vt 0.188992 0.645563
vt 0.194937 0.655190
vt 0.473100 0.072710
vt 0.468006 0.082122
vt 0.429827 0.070129
vt 0.446251 0.053933
vt 0.449735 0.059546
vt 0.454250 0.064373
vt 0.459623 0.068228
vt 0.465647 0.070964
vt 0.294500 0.881258
vt 0.473100 0.247578
vt 0.454662 0.231586
vt 0.463200 0.225721
vt 0.439911 0.211094
vt 0.455174 0.204222
vt 0.428757 0.184918
vt 0.450244 0.179514
vt 0.421402 0.152472
vt 0.449965 0.150412
vt 0.420527 0.124701
vt 0.454470 0.120417
vt 0.423306 0.096860
vt 0.461727 0.096432
vt 0.431356 0.024754
vt 0.447359 0.022200
vt 0.444614 0.028207
vt 0.443098 0.034635
vt 0.442869 0.041236
vt 0.443933 0.047751
vt 0.451226 0.016840
vt 0.442920 0.009775
vt 0.452091 0.010923
vt 0.453423 0.013630
vt 0.635995 0.032103
vt 0.635683 0.056929
vt 0.655475 0.543623
vt 0.655365 0.519659
vt 0.636086 0.009775
vt 0.649491 0.930242
vt 0.649725 0.937950
vt 0.294050 0.869328
vt 0.635131 0.085360
vt 0.649833 0.913283
vt 0.658625 0.659597
vt 0.657861 0.641485
vt 0.634293 0.117843
vt 0.631872 0.188716
vt 0.630510 0.229100
vt 0.656985 0.616769
vt 0.632677 0.167324
vt 0.656257 0.590688
vt 0.633506 0.143331
vt 0.655766 0.566424
vt 0.920542 0.935925
vt 0.930795 0.939048
vt 0.920542 0.939039
vt 0.917519 0.935976
vt 0.299545 0.898957
vt 0.948863 0.059287
vt 0.944488 0.059287
vt 0.857715 0.855340
vt 0.851163 0.855340
vt 0.857721 0.851763
vt 0.532616 0.940647
vt 0.537891 0.938232
vt 0.539879 0.941200
vt 0.535162 0.944450
vt 0.530861 0.922876
vt 0.536522 0.924364
vt 0.535824 0.927865
vt 0.529967 0.927362
vt 0.578238 0.172444
vt 0.583251 0.172444
vt 0.374193 0.949033
vt 0.377736 0.942496
vt 0.377736 0.949033
vt 0.530861 0.936422
vt 0.536522 0.934935
vt 0.532616 0.918651
vt 0.537891 0.921066
vt 0.370150 0.949033
vt 0.950387 0.939039
vt 0.953931 0.939039
vt 0.529967 0.931936
vt 0.535824 0.931434
vt 0.957974 0.939039
vt 0.365763 0.949033
vt 0.857715 0.881264
vt 0.851163 0.881264
vt 0.851159 0.877261
vt 0.857711 0.877261
vt 0.857708 0.863799
vt 0.851156 0.863799
vt 0.851159 0.859404
vt 0.857711 0.859404
vt 0.851156 0.872903
vt 0.857708 0.872903
vt 0.851155 0.868357
vt 0.857707 0.868357
vt 0.857721 0.884759
vt 0.851169 0.884759
vt 0.951507 0.019935
vt 0.951508 0.016378
vt 0.951515 0.032735
vt 0.951511 0.030007
vt 0.951507 0.023482
vt 0.951511 0.012948
vt 0.951515 0.009776
vt 0.951508 0.026883
vt 0.535162 0.914848
vt 0.539879 0.918099
s 1
usemtl Body_MAT
f 57/1/1 6/2/2 1/3/3
f 58/4/4 57/1/1 1/3/3 2/5/5
f 59/6/6 58/4/4 2/5/5 3/7/7
f 2/5/5 1/3/3 7/8/8 8/9/9
f 3/7/7 2/5/5 8/9/9 9/10/10
f 1/3/3 6/2/2 7/8/8
f 8/11/9 7/12/8 12/13/11 13/14/12
f 9/15/10 8/11/9 13/14/12 14/16/13
f 7/17/8 6/18/2 12/19/11
f 13/14/12 12/13/11 17/20/14 18/21/15
f 14/16/13 13/14/12 18/21/15 19/22/16
f 12/19/11 6/18/2 17/23/14
f 61/24/17 60/25/18 5/26/19 4/27/20
f 19/22/16 18/21/15 23/28/21 24/29/22
f 17/23/14 6/18/2 22/30/23
f 45/31/24 41/32/25 25/33/26 21/34/27
f 36/35/28 35/36/29 31/37/30 30/38/31
f 18/39/15 17/23/14 22/30/23 23/40/21
f 56/41/32 55/42/33 11/43/34 10/44/35
f 24/45/22 23/40/21 28/46/36 29/47/37
f 22/30/23 6/18/2 27/48/38
f 40/49/39 36/50/28 30/51/31 26/52/40
f 51/53/41 50/54/42 16/55/43 15/56/44
f 23/40/21 22/30/23 27/48/38 28/46/36
f 35/36/29 61/57/17 4/58/20 31/37/30
f 29/47/37 28/46/36 33/59/45 34/60/46
f 27/48/38 6/18/2 32/61/47
f 46/62/48 45/31/24 21/34/27 20/63/49
f 60/25/18 56/41/32 10/44/35 5/26/19
f 28/46/36 27/48/38 32/61/47 33/59/45
f 41/32/25 40/49/39 26/52/40 25/33/26
f 34/64/46 33/65/45 38/66/50 39/67/51
f 32/61/47 6/18/2 37/68/52
f 55/42/33 51/69/41 15/70/44 11/43/34
f 50/54/42 46/71/48 20/72/49 16/55/43
f 33/59/45 32/61/47 37/68/52 38/73/50
f 39/67/51 38/66/50 43/74/53 44/75/54
f 37/68/52 6/18/2 42/76/55
f 3/77/7 9/78/10 60/79/18 61/80/17
f 39/81/51 44/82/54 41/83/25 45/84/24
f 38/66/50 37/85/52 42/86/55 43/74/53
f 19/87/16 24/45/22 51/88/41 55/89/33
f 42/76/55 6/18/2 47/90/56
f 34/60/46 39/81/51 45/84/24 46/91/48
f 14/92/13 19/87/16 55/89/33 56/93/32
f 43/74/53 42/86/55 47/94/56 48/95/57
f 49/96/58 54/97/59 36/98/28 40/99/39
f 44/75/54 43/74/53 48/95/57 49/100/58
f 24/45/22 29/47/37 50/101/42 51/88/41
f 44/82/54 49/96/58 40/99/39 41/83/25
f 48/102/57 47/103/56 52/104/60 53/105/61
f 54/97/59 59/106/6 35/107/29 36/98/28
f 49/108/58 48/102/57 53/105/61 54/109/59
f 47/103/56 6/2/2 52/104/60
f 9/78/10 14/92/13 56/93/32 60/79/18
f 29/47/37 34/60/46 46/91/48 50/101/42
f 53/105/61 52/104/60 57/1/1 58/4/4
f 59/106/6 3/77/7 61/80/17 35/107/29
f 54/109/59 53/105/61 58/4/4 59/6/6
f 52/104/60 6/2/2 57/1/1
f 664/1179/404 613/1180/405 608/1181/406
f 665/1182/407 664/1179/404 608/1181/406 609/1183/408
f 666/1184/409 665/1182/407 609/1183/408 610/1185/410
f 609/1183/408 608/1181/406 614/1186/411 615/1187/412
f 610/1185/410 609/1183/408 615/1187/412 616/1188/413
f 608/1181/406 613/1180/405 614/1186/411
f 615/1189/412 614/1190/411 619/1191/414 620/1192/415
f 616/1193/413 615/1189/412 620/1192/415 621/1194/416
f 614/1195/411 613/1196/405 619/1197/414
f 620/1192/415 619/1191/414 624/1198/417 625/1199/418
f 621/1194/416 620/1192/415 625/1199/418 626/1200/419
f 619/1197/414 613/1196/405 624/1201/417
f 668/1202/420 667/1203/421 612/1204/422 611/1205/423
f 626/1200/419 625/1199/418 630/1206/424 631/1207/425
f 624/1201/417 613/1196/405 629/1208/426
f 652/1209/427 648/1210/428 632/1211/429 628/1212/430
f 643/1213/431 642/1214/432 638/1215/433 637/1216/434
f 625/1217/418 624/1201/417 629/1208/426 630/1218/424
f 663/1219/435 662/1220/436 618/1221/437 617/1222/438
f 631/1223/425 630/1218/424 635/1224/439 636/1225/440
f 629/1208/426 613/1196/405 634/1226/441
f 647/1227/442 643/1228/431 637/1229/434 633/1230/443
f 658/1231/444 657/1232/445 623/1233/446 622/1234/447
f 630/1218/424 629/1208/426 634/1226/441 635/1224/439
f 642/1214/432 668/1235/420 611/1236/423 638/1215/433
f 636/1225/440 635/1224/439 640/1237/448 641/1238/449
f 634/1226/441 613/1196/405 639/1239/450
f 653/1240/451 652/1209/427 628/1212/430 627/1241/452
f 667/1203/421 663/1219/435 617/1222/438 612/1204/422
f 635/1224/439 634/1226/441 639/1239/450 640/1237/448
f 648/1210/428 647/1227/442 633/1230/443 632/1211/429
f 641/1242/449 640/1243/448 645/1244/453 646/1245/454
f 639/1239/450 613/1196/405 644/1246/455
f 662/1220/436 658/1247/444 622/1248/447 618/1221/437
f 657/1232/445 653/1249/451 627/1250/452 623/1233/446
f 640/1237/448 639/1239/450 644/1246/455 645/1251/453
f 646/1245/454 645/1244/453 650/1252/456 651/1253/457
f 644/1246/455 613/1196/405 649/1254/458
f 610/1255/410 616/1256/413 667/1257/421 668/1258/420
f 646/1259/454 651/1260/457 648/1261/428 652/1262/427
f 645/1244/453 644/1263/455 649/1264/458 650/1252/456
f 626/1265/419 631/1223/425 658/1266/444 662/1267/436
f 649/1254/458 613/1196/405 654/1268/459
f 641/1238/449 646/1259/454 652/1262/427 653/1269/451
f 621/1270/416 626/1265/419 662/1267/436 663/1271/435
f 650/1252/456 649/1264/458 654/1272/459 655/1273/460
f 656/1274/461 661/1275/462 643/1276/431 647/1277/442
f 651/1253/457 650/1252/456 655/1273/460 656/1278/461
f 631/1223/425 636/1225/440 657/1279/445 658/1266/444
f 651/1260/457 656/1274/461 647/1277/442 648/1261/428
f 655/1280/460 654/1281/459 659/1282/463 660/1283/464
f 661/1275/462 666/1284/409 642/1285/432 643/1276/431
f 656/1286/461 655/1280/460 660/1283/464 661/1287/462
f 654/1281/459 613/1180/405 659/1282/463
f 616/1256/413 621/1270/416 663/1271/435 667/1257/421
f 636/1225/440 641/1238/449 653/1269/451 657/1279/445
f 660/1283/464 659/1282/463 664/1179/404 665/1182/407
f 666/1284/409 610/1255/410 668/1258/420 642/1285/432
f 661/1287/462 660/1283/464 665/1182/407 666/1184/409
f 659/1282/463 613/1180/405 664/1179/404
f 1271/2357/800 1220/2358/801 1215/2359/802
f 1272/2360/803 1271/2357/800 1215/2359/802 1216/2361/804
f 1273/2362/805 1272/2360/803 1216/2361/804 1217/2363/806
f 1216/2361/804 1215/2359/802 1221/2364/807 1222/2365/808
f 1217/2363/806 1216/2361/804 1222/2365/808 1223/2366/809
f 1215/2359/802 1220/2358/801 1221/2364/807
f 1222/2367/808 1221/2368/807 1226/2369/810 1227/2370/811
f 1223/2371/809 1222/2367/808 1227/2370/811 1228/2372/812
f 1221/2373/807 1220/2374/801 1226/2375/810
f 1227/2370/811 1226/2369/810 1231/2376/813 1232/2377/814
f 1228/2372/812 1227/2370/811 1232/2377/814 1233/2378/815
f 1226/2375/810 1220/2374/801 1231/2379/813
f 1275/2380/816 1274/2381/817 1219/2382/818 1218/2383/819
f 1233/2378/815 1232/2377/814 1237/2384/820 1238/2385/821
f 1231/2379/813 1220/2374/801 1236/2386/822
f 1259/2387/823 1255/2388/824 1239/2389/825 1235/2390/826
f 1250/2391/827 1249/2392/828 1245/2393/829 1244/2394/830
f 1232/2395/814 1231/2379/813 1236/2386/822 1237/2396/820
f 1270/2397/831 1269/2398/832 1225/2399/833 1224/2400/834
f 1238/2401/821 1237/2396/820 1242/2402/835 1243/2403/836
f 1236/2386/822 1220/2374/801 1241/2404/837
f 1254/2405/838 1250/2406/827 1244/2407/830 1240/2408/839
f 1265/2409/840 1264/2410/841 1230/2411/842 1229/2412/843
f 1237/2396/820 1236/2386/822 1241/2404/837 1242/2402/835
f 1249/2392/828 1275/2413/816 1218/2414/819 1245/2393/829
f 1243/2403/836 1242/2402/835 1247/2415/844 1248/2416/845
f 1241/2404/837 1220/2374/801 1246/2417/846
f 1260/2418/847 1259/2387/823 1235/2390/826 1234/2419/848
f 1274/2381/817 1270/2397/831 1224/2400/834 1219/2382/818
f 1242/2402/835 1241/2404/837 1246/2417/846 1247/2415/844
f 1255/2388/824 1254/2405/838 1240/2408/839 1239/2389/825
f 1248/2420/845 1247/2421/844 1252/2422/849 1253/2423/850
f 1246/2417/846 1220/2374/801 1251/2424/851
f 1269/2398/832 1265/2425/840 1229/2426/843 1225/2399/833
f 1264/2410/841 1260/2427/847 1234/2428/848 1230/2411/842
f 1247/2415/844 1246/2417/846 1251/2424/851 1252/2429/849
f 1253/2423/850 1252/2422/849 1257/2430/852 1258/2431/853
f 1251/2424/851 1220/2374/801 1256/2432/854
f 1217/2433/806 1223/2434/809 1274/2435/817 1275/2436/816
f 1253/2437/850 1258/2438/853 1255/2439/824 1259/2440/823
f 1252/2422/849 1251/2441/851 1256/2442/854 1257/2430/852
f 1233/2443/815 1238/2401/821 1265/2444/840 1269/2445/832
f 1256/2432/854 1220/2374/801 1261/2446/855
f 1248/2416/845 1253/2437/850 1259/2440/823 1260/2447/847
f 1228/2448/812 1233/2443/815 1269/2445/832 1270/2449/831
f 1257/2430/852 1256/2442/854 1261/2450/855 1262/2451/856
f 1263/2452/857 1268/2453/858 1250/2454/827 1254/2455/838
f 1258/2431/853 1257/2430/852 1262/2451/856 1263/2456/857
f 1238/2401/821 1243/2403/836 1264/2457/841 1265/2444/840
f 1258/2438/853 1263/2452/857 1254/2455/838 1255/2439/824
f 1262/2458/856 1261/2459/855 1266/2460/859 1267/2461/860
f 1268/2453/858 1273/2462/805 1249/2463/828 1250/2454/827
f 1263/2464/857 1262/2458/856 1267/2461/860 1268/2465/858
f 1261/2459/855 1220/2358/801 1266/2460/859
f 1223/2434/809 1228/2448/812 1270/2449/831 1274/2435/817
f 1243/2403/836 1248/2416/845 1260/2447/847 1264/2457/841
f 1267/2461/860 1266/2460/859 1271/2357/800 1272/2360/803
f 1273/2462/805 1217/2433/806 1275/2436/816 1249/2463/828
f 1268/2465/858 1267/2461/860 1272/2360/803 1273/2362/805
f 1266/2460/859 1220/2358/801 1271/2357/800
f 1824/3535/1202 1825/3536/1203 1837/3537/1203 1836/3538/1202
f 1831/3539/1204 1832/3540/1205 1844/3541/1205 1843/3542/1204
f 1828/3543/1206 1829/3544/1207 1841/3545/1207 1840/3546/1206
f 1825/3536/1203 1826/3547/1208 1838/3548/1208 1837/3537/1203
f 1832/3549/1205 1833/3550/1209 1845/3551/1209 1844/3552/1205
f 1822/3553/1210 1823/3554/1211 1835/3555/1211 1834/3556/1210
f 1829/3557/1207 1830/3558/1212 1842/3559/1212 1841/3560/1207
f 1826/3561/1208 1827/3562/1213 1839/3563/1213 1838/3564/1208
f 1833/3550/1209 1822/3553/1210 1834/3556/1210 1845/3551/1209
f 1823/3565/1211 1824/3535/1202 1836/3538/1202 1835/3566/1211
f 1830/3558/1212 1831/3539/1204 1843/3542/1204 1842/3559/1212
f 1827/3562/1213 1828/3543/1206 1840/3546/1206 1839/3563/1213
f 1841/3567/1214 1842/3568/1215 1854/3569/1215 1853/3570/1214
f 1838/3571/1216 1839/3572/1217 1851/3573/1217 1850/3574/1216
f 1845/3551/1218 1834/3556/1219 1846/3575/1219 1857/3576/1218
f 1835/3577/1220 1836/3578/1221 1848/3579/1221 1847/3580/1220
f 1842/3559/1215 1843/3542/1222 1855/3581/1222 1854/3582/1215
f 1839/3563/1217 1840/3546/1223 1852/3583/1223 1851/3584/1217
f 1836/3538/1221 1837/3537/1224 1849/3585/1224 1848/3586/1221
f 1843/3542/1222 1844/3541/1225 1856/3587/1225 1855/3581/1222
f 1840/3546/1223 1841/3545/1214 1853/3588/1214 1852/3583/1223
f 1837/3537/1224 1838/3548/1216 1850/3589/1216 1849/3585/1224
f 1844/3590/1225 1845/3591/1218 1857/3592/1218 1856/3593/1225
f 1834/3556/1219 1835/3555/1220 1847/3594/1220 1846/3575/1219
f 1847/3580/1226 1848/3579/1226 1849/3595/1226 1850/3574/1226 1851/3573/1226 1852/3596/1226 1853/3570/1226 1854/3569/1226 1855/3597/1226 1856/3593/1226 1857/3592/1226 1846/3598/1226
f 1823/3599/1227 1822/3600/1227 1833/3601/1227 1832/3602/1227 1831/3603/1227 1830/3604/1227 1829/3605/1227 1828/3606/1227 1827/3607/1227 1826/3608/1227 1825/3609/1227 1824/3610/1227
f 1914/3611/1228 1863/3612/1229 1858/3613/1230
f 1915/3614/1231 1914/3611/1228 1858/3613/1230 1859/3615/1232
f 1916/3616/1233 1915/3614/1231 1859/3615/1232 1860/3617/1234
f 1859/3615/1232 1858/3613/1230 1864/3618/1235 1865/3619/1236
f 1860/3617/1234 1859/3615/1232 1865/3619/1236 1866/3620/1237
f 1858/3613/1230 1863/3612/1229 1864/3618/1235
f 1865/3621/1236 1864/3622/1235 1869/3623/1238 1870/3624/1239
f 1866/3625/1237 1865/3621/1236 1870/3624/1239 1871/3626/1240
f 1864/3627/1235 1863/3628/1229 1869/3629/1238
f 1870/3624/1239 1869/3623/1238 1874/3630/1241 1875/3631/1242
f 1871/3626/1240 1870/3624/1239 1875/3631/1242 1876/3632/1243
f 1869/3629/1238 1863/3628/1229 1874/3633/1241
f 1918/3634/1244 1917/3635/1245 1862/3636/1246 1861/3637/1247
f 1876/3632/1243 1875/3631/1242 1880/3638/1248 1881/3639/1249
f 1874/3633/1241 1863/3628/1229 1879/3640/1250
f 1902/3641/1251 1898/3642/1252 1882/3643/1253 1878/3644/1254
f 1893/3645/1255 1892/3646/1256 1888/3647/1257 1887/3648/1258
f 1875/3649/1242 1874/3633/1241 1879/3640/1250 1880/3650/1248
f 1913/3651/1259 1912/3652/1260 1868/3653/1261 1867/3654/1262
f 1881/3655/1249 1880/3650/1248 1885/3656/1263 1886/3657/1264
f 1879/3640/1250 1863/3628/1229 1884/3658/1265
f 1897/3659/1266 1893/3660/1255 1887/3661/1258 1883/3662/1267
f 1908/3663/1268 1907/3664/1269 1873/3665/1270 1872/3666/1271
f 1880/3650/1248 1879/3640/1250 1884/3658/1265 1885/3656/1263
f 1892/3646/1256 1918/3667/1244 1861/3668/1247 1888/3647/1257
f 1886/3657/1264 1885/3656/1263 1890/3669/1272 1891/3670/1273
f 1884/3658/1265 1863/3628/1229 1889/3671/1274
f 1903/3672/1275 1902/3641/1251 1878/3644/1254 1877/3673/1276
f 1917/3635/1245 1913/3651/1259 1867/3654/1262 1862/3636/1246
f 1885/3656/1263 1884/3658/1265 1889/3671/1274 1890/3669/1272
f 1898/3642/1252 1897/3659/1266 1883/3662/1267 1882/3643/1253
f 1891/3674/1273 1890/3675/1272 1895/3676/1277 1896/3677/1278
f 1889/3671/1274 1863/3628/1229 1894/3678/1279
f 1912/3652/1260 1908/3679/1268 1872/3680/1271 1868/3653/1261
f 1907/3664/1269 1903/3681/1275 1877/3682/1276 1873/3665/1270
f 1890/3669/1272 1889/3671/1274 1894/3678/1279 1895/3683/1277
f 1896/3677/1278 1895/3676/1277 1900/3684/1280 1901/3685/1281
f 1894/3678/1279 1863/3628/1229 1899/3686/1282
f 1860/3687/1234 1866/3688/1237 1917/3689/1245 1918/3690/1244
f 1896/3691/1278 1901/3692/1281 1898/3693/1252 1902/3694/1251
f 1895/3676/1277 1894/3695/1279 1899/3696/1282 1900/3684/1280
f 1876/3697/1243 1881/3655/1249 1908/3698/1268 1912/3699/1260
f 1899/3686/1282 1863/3628/1229 1904/3700/1283
f 1891/3670/1273 1896/3691/1278 1902/3694/1251 1903/3701/1275
f 1871/3702/1240 1876/3697/1243 1912/3699/1260 1913/3703/1259
f 1900/3684/1280 1899/3696/1282 1904/3704/1283 1905/3705/1284
f 1906/3706/1285 1911/3707/1286 1893/3708/1255 1897/3709/1266
f 1901/3685/1281 1900/3684/1280 1905/3705/1284 1906/3710/1285
f 1881/3655/1249 1886/3657/1264 1907/3711/1269 1908/3698/1268
f 1901/3692/1281 1906/3706/1285 1897/3709/1266 1898/3693/1252
f 1905/3712/1284 1904/3713/1283 1909/3714/1287 1910/3715/1288
f 1911/3707/1286 1916/3716/1233 1892/3717/1256 1893/3708/1255
f 1906/3718/1285 1905/3712/1284 1910/3715/1288 1911/3719/1286
f 1904/3713/1283 1863/3612/1229 1909/3714/1287
f 1866/3688/1237 1871/3702/1240 1913/3703/1259 1917/3689/1245
f 1886/3657/1264 1891/3670/1273 1903/3701/1275 1907/3711/1269
f 1910/3715/1288 1909/3714/1287 1914/3611/1228 1915/3614/1231
f 1916/3716/1233 1860/3687/1234 1918/3690/1244 1892/3717/1256
f 1911/3719/1286 1910/3715/1288 1915/3614/1231 1916/3616/1233
f 1909/3714/1287 1863/3612/1229 1914/3611/1228
usemtl Leg.BL_MAT
f 1281/2466/861 1283/2467/861 1309/2468/861 1308/2469/861
f 1313/2470/862 1279/2471/862 1302/2472/862 1318/2473/862
f 1278/2474/863 1279/2475/863 1277/2476/863 1276/2477/863
f 1276/2478/864 1277/2479/864 1311/2480/864 1310/2481/864
f 1312/2482/865 1278/2483/865 1276/2484/865 1310/2485/865
f 1279/2486/866 1313/2487/866 1311/2488/866 1277/2489/866
f 1279/2475/863 1278/2474/863 1288/2490/863 1302/2491/863
f 1278/2492/867 1312/2493/867 1319/2494/867 1288/2495/867
f 1322/2496/868 1304/2497/868 1285/2498/868 1326/2499/868
f 1302/2491/863 1288/2490/863 1289/2500/863 1304/2501/863
f 1291/2502/869 1292/2503/869 1293/2504/869 1296/2505/869 1290/2506/869
f 1284/2507/865 1327/2508/865 1331/2509/865 1286/2510/865
f 1304/2501/863 1289/2500/863 1284/2511/863 1285/2512/863
f 1289/2513/870 1323/2514/870 1327/2508/870 1284/2507/870
f 1326/2499/866 1285/2498/866 1287/2515/866 1330/2516/866
f 1285/2512/863 1284/2511/863 1286/2517/863 1287/2518/863
f 1280/2519/865 1282/2520/865 1289/2513/865 1288/2521/865
f 1291/2522/865 1280/2519/865 1288/2521/865 1319/2523/865
f 1282/2520/865 1292/2524/865 1323/2514/865 1289/2513/865
f 1292/2524/865 1291/2522/865 1319/2523/865 1323/2514/865
f 1295/2525/863 1297/2526/863 1300/2527/863 1301/2528/863
f 1280/2529/871 1291/2530/871 1290/2531/871 1294/2532/871
f 1292/2524/872 1282/2520/872 1295/2533/872 1293/2534/872
f 1282/2535/863 1280/2536/863 1294/2537/863 1297/2526/863 1295/2525/863
f 1294/2538/873 1290/2539/873 1296/2540/873 1297/2541/873
f 1300/2542/874 1298/2543/874 1299/2544/874 1301/2545/874
f 1297/2546/875 1296/2547/875 1298/2548/875 1300/2549/875
f 1296/2505/869 1293/2504/869 1299/2550/869 1298/2551/869
f 1293/2552/876 1295/2553/876 1301/2554/876 1299/2555/876
f 1281/2556/866 1303/2557/866 1318/2558/866 1302/2559/866
f 1305/2560/866 1283/2561/866 1304/2497/866 1322/2496/866
f 1283/2561/866 1281/2556/866 1302/2559/866 1304/2497/866
f 1303/2557/866 1305/2560/866 1322/2496/866 1318/2558/866
f 1307/2562/866 1308/2563/866 1309/2564/866 1306/2565/866
f 1303/2557/877 1281/2556/877 1308/2563/877 1307/2562/877
f 1305/2566/878 1303/2567/878 1307/2568/878 1306/2569/878
f 1283/2570/879 1305/2571/879 1306/2572/879 1309/2573/879
f 1321/2574/878 1354/2575/878 1355/2576/878 1325/2577/878
f 1313/2470/862 1318/2473/862 1348/2578/862 1317/2579/862
f 1316/2580/869 1314/2581/869 1315/2582/869 1317/2583/869
f 1314/2584/864 1310/2481/864 1311/2480/864 1315/2585/864
f 1312/2482/865 1310/2485/865 1314/2586/865 1316/2587/865
f 1317/2588/866 1315/2589/866 1311/2488/866 1313/2487/866
f 1317/2583/869 1348/2590/869 1334/2591/869 1316/2580/869
f 1316/2592/867 1334/2593/867 1319/2494/867 1312/2493/867
f 1322/2496/868 1326/2499/868 1329/2594/868 1350/2595/868
f 1348/2590/869 1350/2596/869 1335/2597/869 1334/2591/869
f 1337/2598/863 1336/2599/863 1342/2600/863 1339/2601/863 1338/2602/863
f 1328/2603/865 1332/2604/865 1331/2509/865 1327/2508/865
f 1350/2596/869 1329/2605/869 1328/2606/869 1335/2597/869
f 1335/2607/870 1328/2603/870 1327/2508/870 1323/2514/870
f 1326/2499/866 1330/2516/866 1333/2608/866 1329/2594/866
f 1329/2605/869 1333/2609/869 1332/2610/869 1328/2606/869
f 1320/2611/865 1334/2612/865 1335/2607/865 1324/2613/865
f 1337/2614/865 1319/2523/865 1334/2612/865 1320/2611/865
f 1324/2613/865 1335/2607/865 1323/2514/865 1338/2615/865
f 1338/2615/865 1323/2514/865 1319/2523/865 1337/2614/865
f 1341/2616/869 1347/2617/869 1346/2618/869 1343/2619/869
f 1320/2620/871 1340/2621/871 1336/2622/871 1337/2623/871
f 1338/2615/872 1339/2624/872 1341/2625/872 1324/2613/872
f 1324/2626/869 1341/2616/869 1343/2619/869 1340/2627/869 1320/2628/869
f 1340/2629/873 1343/2630/873 1342/2631/873 1336/2632/873
f 1346/2633/874 1347/2634/874 1345/2635/874 1344/2636/874
f 1343/2637/875 1346/2638/875 1344/2639/875 1342/2640/875
f 1342/2600/863 1344/2641/863 1345/2642/863 1339/2601/863
f 1339/2643/876 1345/2644/876 1347/2645/876 1341/2646/876
f 1321/2647/866 1348/2648/866 1318/2558/866 1349/2649/866
f 1351/2650/866 1322/2496/866 1350/2595/866 1325/2651/866
f 1325/2651/866 1350/2595/866 1348/2648/866 1321/2647/866
f 1349/2649/866 1318/2558/866 1322/2496/866 1351/2650/866
f 1353/2652/866 1352/2653/866 1355/2654/866 1354/2655/866
f 1349/2649/877 1353/2652/877 1354/2655/877 1321/2647/877
f 1351/2656/861 1352/2657/861 1353/2658/861 1349/2659/861
f 1325/2660/879 1355/2661/879 1352/2662/879 1351/2663/879
usemtl Leg.BL.001_MAT
f 1404/2664/880 1356/2665/880 1357/2666/881 1405/2667/881
f 1405/2667/881 1357/2666/881 1358/2668/882 1406/2669/882
f 1406/2669/882 1358/2668/882 1359/2670/883 1407/2671/883
f 1407/2671/883 1359/2670/883 1360/2672/884 1408/2673/884
f 1408/2674/884 1360/2675/884 1361/2676/885 1409/2677/885
f 1409/2677/885 1361/2676/885 1362/2678/886 1410/2679/887
f 1410/2679/887 1362/2678/886 1363/2680/888 1411/2681/888
f 1411/2681/888 1363/2680/888 1364/2682/889 1412/2683/889
f 1412/2684/889 1364/2685/889 1365/2686/890 1413/2687/890
f 1413/2687/890 1365/2686/890 1366/2688/891 1414/2689/891
f 1414/2689/891 1366/2688/891 1367/2690/892 1415/2691/893
f 1415/2691/893 1367/2690/892 1368/2692/894 1416/2693/895
f 1416/2694/895 1368/2695/894 1369/2696/896 1417/2697/896
f 1417/2697/896 1369/2696/896 1370/2698/897 1418/2699/897
f 1371/2700/898 1370/2701/899 1386/2702/899 1387/2703/898
f 1418/2699/897 1370/2698/897 1371/2704/900 1419/2705/900
f 1419/2705/900 1371/2704/900 1356/2706/880 1404/2707/880
f 1510/2708/900 1419/2705/900 1404/2707/880 1484/2709/880
f 1384/2710/901 1383/2711/902 1399/2712/902 1400/2713/901
f 1359/2714/903 1358/2715/904 1374/2716/904 1375/2717/903
f 1364/2718/905 1363/2719/906 1379/2720/906 1380/2721/905
f 1357/2722/907 1356/2723/908 1373/2724/908 1372/2725/907
f 1369/2726/909 1368/2727/910 1384/2710/910 1385/2728/909
f 1362/2729/911 1361/2730/912 1377/2731/912 1378/2732/911
f 1367/2733/913 1366/2734/914 1382/2735/914 1383/2711/913
f 1356/2723/908 1371/2700/898 1387/2703/898 1373/2724/908
f 1360/2736/915 1359/2714/903 1375/2717/903 1376/2737/915
f 1365/2738/916 1364/2718/905 1380/2721/905 1381/2739/916
f 1370/2701/899 1369/2726/909 1385/2728/909 1386/2702/899
f 1358/2715/904 1357/2722/907 1372/2725/907 1374/2716/904
f 1363/2719/906 1362/2729/911 1378/2732/911 1379/2720/906
f 1368/2727/910 1367/2733/913 1383/2711/913 1384/2710/910
f 1361/2730/912 1360/2736/915 1376/2737/915 1377/2731/912
f 1366/2734/914 1365/2738/916 1381/2739/916 1382/2735/914
f 1388/2740/863 1389/2741/863 1403/2742/863 1402/2743/863 1401/2744/863 1400/2713/863 1399/2712/863 1398/2745/863 1397/2746/863 1396/2747/863 1395/2748/863 1394/2749/863 1393/2750/863 1392/2751/863 1391/2752/863 1390/2753/863
f 1377/2731/917 1376/2737/918 1392/2751/918 1393/2750/917
f 1385/2728/919 1384/2710/901 1400/2713/901 1401/2744/919
f 1378/2754/920 1377/2755/917 1393/2756/917 1394/2757/920
f 1386/2758/921 1385/2759/919 1401/2760/919 1402/2761/921
f 1379/2720/922 1378/2732/920 1394/2749/920 1395/2748/922
f 1387/2703/923 1386/2702/921 1402/2743/921 1403/2742/923
f 1380/2721/924 1379/2720/922 1395/2748/922 1396/2747/924
f 1372/2725/925 1373/2724/926 1389/2741/926 1388/2740/925
f 1373/2724/926 1387/2703/923 1403/2742/923 1389/2741/926
f 1381/2739/927 1380/2721/924 1396/2747/924 1397/2746/927
f 1374/2762/928 1372/2763/925 1388/2764/925 1390/2765/928
f 1382/2766/929 1381/2767/927 1397/2768/927 1398/2769/929
f 1375/2717/930 1374/2716/928 1390/2753/928 1391/2752/930
f 1383/2711/902 1382/2735/929 1398/2745/929 1399/2712/902
f 1376/2737/918 1375/2717/930 1391/2752/930 1392/2751/918
f 1508/2770/897 1418/2699/897 1419/2705/900 1510/2708/900
f 1506/2771/896 1417/2697/896 1418/2699/897 1508/2770/897
f 1504/2772/895 1416/2694/895 1417/2697/896 1506/2771/896
f 1502/2773/931 1415/2691/893 1416/2693/895 1504/2774/895
f 1413/2775/932 1414/2776/933 1483/2777/934 1422/2778/935
f 1496/2779/936 1410/2679/936 1420/2780/936 1563/2781/936
f 1410/2782/937 1411/2783/938 1420/2784/939
f 1414/2776/933 1415/2785/940 1483/2777/934
f 1411/2783/938 1412/2786/941 1421/2787/941 1420/2784/939
f 1494/2788/885 1409/2677/885 1410/2679/887 1496/2779/942
f 1492/2789/884 1408/2674/884 1409/2677/885 1494/2788/885
f 1490/2790/883 1407/2671/883 1408/2673/884 1492/2791/884
f 1488/2792/882 1406/2669/882 1407/2671/883 1490/2790/883
f 1486/2793/881 1405/2667/881 1406/2669/882 1488/2792/882
f 1484/2794/880 1404/2664/880 1405/2667/881 1486/2793/881
f 1412/2786/941 1413/2775/932 1422/2778/935 1421/2787/941
f 1415/2795/943 1502/2796/943 1585/2797/943 1483/2798/943
f 1420/2799/944 1423/2800/945 1424/2801/946 1471/2802/946
f 1471/2802/946 1424/2801/946 1425/2803/947 1472/2804/947
f 1472/2805/947 1425/2806/947 1426/2807/948 1473/2808/948
f 1473/2808/948 1426/2807/948 1427/2809/949 1474/2810/949
f 1474/2810/949 1427/2809/949 1428/2811/950 1475/2812/950
f 1475/2812/950 1428/2811/950 1429/2813/951 1476/2814/951
f 1476/2815/951 1429/2816/951 1430/2817/952 1477/2818/952
f 1477/2818/952 1430/2817/952 1431/2819/953 1478/2820/953
f 1478/2820/953 1431/2819/953 1432/2821/954 1479/2822/954
f 1479/2822/954 1432/2821/954 1433/2823/955 1480/2824/955
f 1480/2825/955 1433/2826/955 1434/2827/956 1481/2828/956
f 1481/2828/956 1434/2827/956 1435/2829/957 1482/2830/957
f 1482/2830/957 1435/2829/957 1436/2831/958 1483/2798/959
f 1483/2798/959 1436/2831/958 1437/2832/960 1422/2833/960
f 1438/2834/961 1437/2835/962 1453/2836/962 1454/2837/961
f 1422/2838/960 1437/2839/960 1438/2840/963 1421/2841/963
f 1421/2841/963 1438/2840/963 1423/2800/945 1420/2799/944
f 1451/2842/964 1450/2843/965 1466/2844/965 1467/2845/964
f 1426/2846/966 1425/2847/967 1441/2848/967 1442/2849/966
f 1431/2850/968 1430/2851/969 1446/2852/969 1447/2853/968
f 1424/2854/970 1423/2855/971 1440/2856/971 1439/2857/970
f 1436/2858/972 1435/2859/973 1451/2860/973 1452/2861/972
f 1429/2862/974 1428/2863/975 1444/2864/975 1445/2865/974
f 1434/2866/976 1433/2867/977 1449/2868/977 1450/2869/976
f 1423/2855/971 1438/2834/961 1454/2837/961 1440/2856/971
f 1427/2870/978 1426/2846/966 1442/2849/966 1443/2871/978
f 1432/2872/979 1431/2850/968 1447/2853/968 1448/2873/979
f 1437/2835/962 1436/2858/972 1452/2861/972 1453/2836/962
f 1425/2847/967 1424/2854/970 1439/2857/970 1441/2848/967
f 1430/2851/969 1429/2862/974 1445/2865/974 1446/2852/969
f 1435/2859/973 1434/2866/976 1450/2869/976 1451/2860/973
f 1428/2863/975 1427/2870/978 1443/2871/978 1444/2864/975
f 1433/2867/977 1432/2872/979 1448/2873/979 1449/2868/977
f 1455/2874/863 1456/2875/863 1470/2876/863 1469/2877/863 1468/2878/863 1467/2879/863 1466/2880/863 1465/2881/863 1464/2882/863 1463/2883/863 1462/2884/863 1461/2885/863 1460/2886/863 1459/2887/863 1458/2888/863 1457/2889/863
f 1444/2890/980 1443/2891/981 1459/2892/982 1460/2893/980
f 1452/2894/983 1451/2842/964 1467/2845/964 1468/2895/983
f 1445/2865/984 1444/2864/980 1460/2886/980 1461/2885/984
f 1453/2836/985 1452/2861/983 1468/2878/983 1469/2877/985
f 1446/2852/986 1445/2865/984 1461/2885/984 1462/2884/986
f 1454/2837/987 1453/2836/985 1469/2877/985 1470/2876/987
f 1447/2896/988 1446/2897/986 1462/2898/986 1463/2899/988
f 1439/2900/989 1440/2901/990 1456/2902/990 1455/2903/989
f 1440/2901/990 1454/2904/987 1470/2905/987 1456/2902/990
f 1448/2906/991 1447/2896/988 1463/2899/988 1464/2907/991
f 1441/2848/992 1439/2857/989 1455/2874/989 1457/2889/992
f 1449/2868/993 1448/2873/991 1464/2882/991 1465/2881/993
f 1442/2849/994 1441/2848/992 1457/2889/992 1458/2888/995
f 1450/2869/965 1449/2868/993 1465/2881/993 1466/2880/965
f 1443/2891/981 1442/2908/994 1458/2909/995 1459/2892/982
f 1583/2910/957 1482/2830/957 1483/2798/959 1585/2797/996
f 1581/2911/956 1481/2828/956 1482/2830/957 1583/2910/957
f 1477/2818/952 1478/2820/953 1634/2912/953 1635/2913/952
f 1573/2914/950 1475/2812/950 1476/2814/951 1575/2915/951
f 1571/2916/949 1474/2810/949 1475/2812/950 1573/2914/950
f 1569/2917/948 1473/2808/948 1474/2810/949 1571/2916/949
f 1567/2918/947 1472/2805/947 1473/2808/948 1569/2917/948
f 1565/2919/946 1471/2802/946 1472/2804/947 1567/2920/947
f 1563/2921/997 1420/2799/944 1471/2802/946 1565/2919/946
f 1476/2815/951 1477/2818/952 1635/2913/952 1575/2922/951
f 1581/2911/956 1636/2923/955 1480/2825/955 1481/2828/956
f 1479/2822/954 1480/2824/955 1636/2924/955 1637/2925/954
f 1478/2820/953 1479/2822/954 1637/2925/954 1634/2912/953
f 1544/2926/880 1545/2927/881 1487/2928/881 1485/2929/880
f 1545/2927/881 1546/2930/882 1489/2931/882 1487/2928/881
f 1546/2930/882 1547/2932/883 1491/2933/883 1489/2931/882
f 1547/2932/883 1548/2934/884 1493/2935/998 1491/2933/883
f 1548/2936/884 1549/2937/885 1495/2938/885 1493/2939/998
f 1549/2937/885 1550/2940/887 1497/2941/886 1495/2938/885
f 1550/2940/887 1551/2942/888 1498/2943/888 1497/2941/886
f 1551/2942/888 1552/2944/889 1499/2945/889 1498/2943/888
f 1552/2946/889 1553/2947/890 1500/2948/890 1499/2949/889
f 1553/2947/890 1554/2950/891 1501/2951/891 1500/2948/890
f 1554/2950/891 1555/2952/893 1503/2953/892 1501/2951/891
f 1555/2952/893 1556/2954/895 1505/2955/894 1503/2953/892
f 1556/2956/895 1557/2957/896 1507/2958/896 1505/2959/894
f 1557/2957/896 1558/2960/897 1509/2961/897 1507/2958/896
f 1511/2962/999 1527/2963/999 1526/2964/1000 1509/2965/1000
f 1558/2960/897 1559/2966/900 1511/2967/900 1509/2961/897
f 1559/2966/900 1544/2968/880 1485/2969/880 1511/2967/900
f 1510/2708/900 1484/2709/880 1544/2968/880 1559/2966/900
f 1524/2970/1001 1540/2971/1001 1539/2972/1002 1523/2973/1002
f 1491/2974/1003 1515/2975/1003 1514/2976/1004 1489/2977/1004
f 1499/2978/1005 1520/2979/1005 1519/2980/1006 1498/2981/1006
f 1487/2982/1007 1512/2983/1007 1513/2984/1008 1485/2985/1008
f 1507/2986/1009 1525/2987/1009 1524/2970/1010 1505/2988/1010
f 1497/2989/1011 1518/2990/1011 1517/2991/1012 1495/2992/1012
f 1503/2993/1013 1523/2973/1013 1522/2994/1014 1501/2995/1014
f 1485/2985/1008 1513/2984/1008 1527/2963/999 1511/2962/999
f 1493/2996/1015 1516/2997/1015 1515/2975/1003 1491/2974/1003
f 1500/2998/1016 1521/2999/1016 1520/2979/1005 1499/2978/1005
f 1509/2965/1000 1526/2964/1000 1525/2987/1009 1507/2986/1009
f 1489/2977/1004 1514/2976/1004 1512/2983/1007 1487/2982/1007
f 1498/2981/1006 1519/2980/1006 1518/2990/1011 1497/2989/1011
f 1505/2988/1010 1524/2970/1010 1523/2973/1013 1503/2993/1013
f 1495/2992/1012 1517/2991/1012 1516/2997/1015 1493/2996/1015
f 1501/2995/1014 1522/2994/1014 1521/2999/1016 1500/2998/1016
f 1528/3000/869 1530/3001/869 1531/3002/869 1532/3003/869 1533/3004/869 1534/3005/869 1535/3006/869 1536/3007/869 1537/3008/869 1538/3009/869 1539/2972/869 1540/2971/869 1541/3010/869 1542/3011/869 1543/3012/869 1529/3013/869
f 1517/2991/1017 1533/3004/1017 1532/3003/1018 1516/2997/1018
f 1525/2987/1019 1541/3010/1019 1540/2971/1001 1524/2970/1001
f 1518/3014/1020 1534/3015/1020 1533/3016/1017 1517/3017/1017
f 1526/3018/1021 1542/3019/1021 1541/3020/1019 1525/3021/1019
f 1519/2980/1022 1535/3006/1022 1534/3005/1020 1518/2990/1020
f 1527/2963/1023 1543/3012/1023 1542/3011/1021 1526/2964/1021
f 1520/2979/1024 1536/3007/1024 1535/3006/1022 1519/2980/1022
f 1512/2983/1025 1528/3000/1025 1529/3013/1026 1513/2984/1026
f 1513/2984/1026 1529/3013/1026 1543/3012/1023 1527/2963/1023
f 1521/2999/1027 1537/3008/1027 1536/3007/1024 1520/2979/1024
f 1514/3022/1028 1530/3023/1028 1528/3024/1025 1512/3025/1025
f 1522/3026/1029 1538/3027/1029 1537/3028/1027 1521/3029/1027
f 1515/2975/1030 1531/3002/1030 1530/3001/1028 1514/2976/1028
f 1523/2973/1002 1539/2972/1002 1538/3009/1029 1522/2994/1029
f 1516/2997/1018 1532/3003/1018 1531/3002/1030 1515/2975/1030
f 1508/2770/897 1510/2708/900 1559/2966/900 1558/2960/897
f 1506/2771/896 1508/2770/897 1558/2960/897 1557/2957/896
f 1504/2772/895 1506/2771/896 1557/2957/896 1556/2956/895
f 1502/2773/931 1504/2774/895 1556/2954/895 1555/2952/893
f 1553/3030/1031 1562/3031/1032 1633/3032/1033 1554/3033/1034
f 1496/2779/936 1563/2781/936 1560/3034/936 1550/2940/936
f 1550/3035/1035 1560/3036/1036 1551/3037/1037
f 1554/3033/1034 1633/3032/1033 1555/3038/1038
f 1551/3037/1037 1560/3036/1036 1561/3039/1039 1552/3040/1039
f 1494/2788/885 1496/2779/942 1550/2940/887 1549/2937/885
f 1492/2789/884 1494/2788/885 1549/2937/885 1548/2936/884
f 1490/2790/883 1492/2791/884 1548/2934/884 1547/2932/883
f 1488/2792/882 1490/2790/883 1547/2932/883 1546/2930/882
f 1486/2793/881 1488/2792/882 1546/2930/882 1545/2927/881
f 1484/2794/880 1486/2793/881 1545/2927/881 1544/2926/880
f 1552/3040/1039 1561/3039/1039 1562/3031/1032 1553/3030/1031
f 1555/3041/943 1633/3042/943 1585/2797/943 1502/2796/943
f 1560/3043/944 1621/3044/946 1566/3045/946 1564/3046/945
f 1621/3044/946 1622/3047/947 1568/3048/947 1566/3045/946
f 1622/3049/947 1623/3050/948 1570/3051/948 1568/3052/947
f 1623/3050/948 1624/3053/949 1572/3054/949 1570/3051/948
f 1624/3053/949 1625/3055/950 1574/3056/950 1572/3054/949
f 1625/3055/950 1626/3057/951 1576/3058/951 1574/3056/950
f 1626/3059/951 1627/3060/952 1577/3061/1040 1576/3062/951
f 1627/3060/952 1628/3063/953 1578/3064/953 1577/3061/1040
f 1628/3063/953 1629/3065/954 1579/3066/954 1578/3064/953
f 1629/3065/954 1630/3067/955 1580/3068/955 1579/3066/954
f 1630/3069/955 1631/3070/956 1582/3071/956 1580/3072/955
f 1631/3070/956 1632/3073/957 1584/3074/957 1582/3071/956
f 1632/3073/957 1633/3042/959 1586/3075/958 1584/3074/957
f 1633/3042/959 1562/3076/960 1587/3077/960 1586/3075/958
f 1588/3078/1041 1604/3079/1041 1603/3080/1042 1587/3081/1042
f 1562/3082/960 1561/3083/963 1588/3084/963 1587/3085/960
f 1561/3083/963 1560/3043/944 1564/3046/945 1588/3084/963
f 1601/3086/1043 1617/3087/1043 1616/3088/1044 1600/3089/1044
f 1570/3090/1045 1592/3091/1045 1591/3092/1046 1568/3093/1046
f 1578/3094/1047 1597/3095/1047 1596/3096/1048 1577/3097/1048
f 1566/3098/1049 1589/3099/1049 1590/3100/1050 1564/3101/1050
f 1586/3102/1051 1602/3103/1051 1601/3104/1052 1584/3105/1052
f 1576/3106/1053 1595/3107/1053 1594/3108/1054 1574/3109/1054
f 1582/3110/1055 1600/3111/1055 1599/3112/1056 1580/3113/1056
f 1564/3101/1050 1590/3100/1050 1604/3079/1041 1588/3078/1041
f 1572/3114/1057 1593/3115/1057 1592/3091/1045 1570/3090/1045
f 1579/3116/1058 1598/3117/1058 1597/3095/1047 1578/3094/1047
f 1587/3081/1042 1603/3080/1042 1602/3103/1051 1586/3102/1051
f 1568/3093/1046 1591/3092/1046 1589/3099/1049 1566/3098/1049
f 1577/3097/1048 1596/3096/1048 1595/3107/1053 1576/3106/1053
f 1584/3105/1052 1601/3104/1052 1600/3111/1055 1582/3110/1055
f 1574/3109/1054 1594/3108/1054 1593/3115/1057 1572/3114/1057
f 1580/3113/1056 1599/3112/1056 1598/3117/1058 1579/3116/1058
f 1605/3118/869 1607/3119/869 1608/3120/869 1609/3121/869 1610/3122/869 1611/3123/869 1612/3124/869 1613/3125/869 1614/3126/869 1615/3127/869 1616/3128/869 1617/3129/869 1618/3130/869 1619/3131/869 1620/3132/869 1606/3133/869
f 1594/3134/1059 1610/3135/1059 1609/3136/1060 1593/3137/1060
f 1602/3138/1061 1618/3139/1061 1617/3087/1043 1601/3086/1043
f 1595/3107/1062 1611/3123/1062 1610/3122/1059 1594/3108/1059
f 1603/3080/1063 1619/3131/1063 1618/3130/1061 1602/3103/1061
f 1596/3096/1064 1612/3124/1064 1611/3123/1062 1595/3107/1062
f 1604/3079/1065 1620/3132/1065 1619/3131/1063 1603/3080/1063
f 1597/3140/1066 1613/3141/1066 1612/3142/1064 1596/3143/1064
f 1589/3144/1067 1605/3145/1067 1606/3146/1068 1590/3147/1068
f 1590/3147/1068 1606/3146/1068 1620/3148/1065 1604/3149/1065
f 1598/3150/1069 1614/3151/1069 1613/3141/1066 1597/3140/1066
f 1591/3092/1070 1607/3119/1070 1605/3118/1067 1589/3099/1067
f 1599/3112/1071 1615/3127/1071 1614/3126/1069 1598/3117/1069
f 1592/3091/1072 1608/3120/1072 1607/3119/1070 1591/3092/1070
f 1600/3111/1044 1616/3128/1044 1615/3127/1071 1599/3112/1071
f 1593/3137/1060 1609/3136/1060 1608/3152/1072 1592/3153/1072
f 1583/2910/957 1585/2797/996 1633/3042/959 1632/3073/957
f 1581/2911/956 1583/2910/957 1632/3073/957 1631/3070/956
f 1627/3060/952 1635/2913/952 1634/2912/953 1628/3063/953
f 1573/2914/950 1575/2915/951 1626/3057/951 1625/3055/950
f 1571/2916/949 1573/2914/950 1625/3055/950 1624/3053/949
f 1569/2917/948 1571/2916/949 1624/3053/949 1623/3050/948
f 1567/2918/947 1569/2917/948 1623/3050/948 1622/3049/947
f 1565/2919/946 1567/2920/947 1622/3047/947 1621/3044/946
f 1563/2921/997 1565/2919/946 1621/3044/946 1560/3043/944
f 1626/3059/951 1575/2922/951 1635/2913/952 1627/3060/952
f 1581/2911/956 1631/3070/956 1630/3069/955 1636/2923/955
f 1629/3065/954 1637/2925/954 1636/2924/955 1630/3067/955
f 1628/3063/953 1634/2912/953 1637/2925/954 1629/3065/954
usemtl Leg.BL.002_MAT
f 1638/3154/1073 1639/3155/1073 1641/3156/1074 1640/3157/1075
f 1640/3158/1075 1641/3159/1074 1643/3160/1076 1642/3161/1077
f 1642/3161/1077 1643/3160/1076 1645/3162/1078 1644/3163/1079
f 1644/3163/1079 1645/3162/1078 1647/3164/1080 1646/3165/1081
f 1646/3165/1081 1647/3164/1080 1649/3166/1082 1648/3167/1083
f 1648/3167/1083 1649/3166/1082 1651/3168/1084 1650/3169/1085
f 1650/3169/1085 1651/3168/1084 1653/3170/1086 1652/3171/1087
f 1652/3171/1087 1653/3170/1086 1655/3172/1088 1654/3173/1089
f 1654/3173/1089 1655/3172/1088 1657/3174/1090 1656/3175/1091
f 1656/3176/1091 1657/3177/1090 1659/3178/1092 1658/3179/1093
f 1658/3179/1093 1659/3178/1092 1661/3180/1094 1660/3181/1095
f 1660/3181/1095 1661/3180/1094 1663/3182/1096 1662/3183/1096
f 1647/3184/863 1645/3185/863 1668/3186/863 1669/3187/863
f 1664/3188/863 1665/3189/863 1639/3190/863
f 1657/3191/863 1655/3192/863 1673/3193/863 1674/3194/863
f 1649/3195/863 1647/3184/863 1669/3187/863 1670/3196/863
f 1641/3197/863 1639/3190/863 1665/3189/863 1666/3198/863
f 1659/3199/863 1657/3191/863 1674/3194/863 1675/3200/863
f 1651/3201/863 1649/3195/863 1670/3196/863 1671/3202/863
f 1643/3203/863 1641/3197/863 1666/3198/863 1667/3204/863
f 1661/3205/863 1659/3199/863 1675/3200/863 1676/3206/863
f 1653/3207/863 1651/3201/863 1671/3202/863 1672/3208/863
f 1645/3185/863 1643/3203/863 1667/3204/863 1668/3186/863
f 1663/3209/863 1661/3205/863 1676/3206/863 1677/3210/863
f 1655/3192/863 1653/3207/863 1672/3208/863 1673/3193/863
f 1638/3211/1097 1640/3212/1097 1642/3213/1097 1644/3214/1097 1646/3215/1097 1648/3216/1098 1685/3217/1099 1695/3218/1100
f 1770/3219/1101 1638/3154/1102 1695/3220/1103 1786/3221/1104
f 1679/3222/1105 1689/3223/1106 1681/3224/1107
f 1681/3224/1107 1689/3223/1106 1690/3225/1108 1680/3226/1109
f 1680/3226/1109 1690/3225/1108 1691/3227/1110 1678/3228/1111
f 1678/3228/1111 1691/3227/1110 1692/3229/1112 1682/3230/1113
f 1682/3230/1113 1692/3229/1112 1693/3231/1114 1683/3232/1115
f 1683/3232/1115 1693/3231/1114 1694/3233/1116 1684/3234/1117
f 1684/3234/1117 1694/3233/1116 1695/3218/1100 1685/3217/1099
f 1648/3216/1098 1650/3235/1118 1652/3236/1118 1654/3237/1118 1656/3238/1118 1658/3239/1119 1686/3240/1120 1685/3217/1099
f 1660/3241/1121 1662/3242/1121 1688/3243/1121 1687/3244/1121 1686/3240/1120 1658/3239/1119
f 1681/3245/1122 1680/3246/1123 1785/3247/1124 1787/3248/1125
f 1689/3249/1126 1679/3250/1127 1788/3251/1128 1772/3252/1129
f 1679/3253/1127 1681/3245/1122 1787/3248/1125 1788/3254/1128
f 1687/3255/1130 1688/3256/1130 1771/3257/1130 1784/3258/1130
f 1695/3220/1103 1694/3259/1131 1783/3260/1132 1786/3221/1104
f 1680/3246/1123 1678/3261/1133 1782/3262/1134 1785/3247/1124
f 1686/3263/1135 1687/3255/1135 1784/3258/1135 1781/3264/1135
f 1694/3265/1131 1693/3266/1136 1780/3267/1137 1783/3268/1132
f 1678/3261/1133 1682/3269/1138 1775/3270/1139 1782/3262/1134
f 1685/3271/1140 1686/3272/1141 1781/3273/1141 1779/3274/1142
f 1693/3266/1136 1692/3275/1143 1778/3276/1144 1780/3267/1137
f 1684/3277/1145 1685/3271/1140 1779/3274/1142 1777/3278/1146
f 1692/3275/1143 1691/3279/1147 1776/3280/1148 1778/3276/1144
f 1683/3281/1149 1684/3277/1145 1777/3278/1146 1774/3282/1150
f 1691/3279/1147 1690/3283/1151 1773/3284/1152 1776/3280/1148
f 1682/3269/1138 1683/3281/1149 1774/3282/1150 1775/3270/1139
f 1690/3283/1151 1689/3249/1126 1772/3252/1129 1773/3284/1152
f 1662/3285/1153 1663/3286/1153 1677/3287/1153
f 1662/3285/1153 1677/3287/1153 1790/3288/1153 1789/3289/1153
f 1662/3285/1154 1789/3289/1154 1771/3290/1154 1688/3291/1154
f 1770/3219/1101 1791/3292/1155 1638/3154/1102
f 1638/3154/1102 1791/3292/1155 1664/3293/1155 1639/3155/1155
f 1795/3294/1156 1700/3295/1156 1708/3296/1156 1813/3297/1156
f 1667/3298/1157 1666/3299/1158 1793/3300/1158 1794/3301/1159 1698/3302/1160
f 1702/3303/863 1698/3304/863 1707/3305/863 1710/3306/863
f 1703/3307/863 1701/3308/863 1709/3309/863 1711/3310/863
f 1698/3311/1161 1794/3312/1161 1807/3313/1161 1707/3314/1161
f 1675/3315/1162 1674/3316/1163 1700/3317/1164 1795/3318/1165 1796/3319/1162
f 1696/3320/863 1702/3303/863 1710/3306/863 1704/3321/863
f 1699/3322/863 1703/3307/863 1711/3310/863 1705/3323/863
f 1676/3324/1166 1675/3315/1162 1796/3319/1162 1797/3325/1166
f 1666/3326/1158 1665/3327/1167 1792/3328/1167 1793/3329/1158
f 1697/3330/863 1696/3320/863 1704/3321/863 1706/3331/863
f 1665/3327/1167 1664/3332/1168 1791/3333/1168 1792/3328/1167
f 1677/3334/1169 1676/3324/1166 1797/3325/1166 1790/3335/1169
f 1673/3336/1170 1672/3337/1171 1703/3338/1171 1699/3339/1170
f 1669/3340/1172 1668/3341/1173 1702/3342/1173 1696/3343/1172
f 1672/3337/1171 1671/3344/1174 1701/3345/1174 1703/3338/1171
f 1668/3341/1173 1667/3298/1157 1698/3302/1160 1702/3342/1173
f 1671/3344/1174 1670/3346/1154 1697/3347/1154 1701/3345/1174
f 1674/3348/1163 1673/3336/1170 1699/3339/1170 1700/3349/1164
f 1670/3346/1154 1669/3340/1172 1696/3343/1172 1697/3347/1154
f 1706/3350/1154 1704/3351/1172 1808/3352/1172 1809/3353/1154
f 1708/3354/1175 1705/3355/1170 1812/3356/1170 1813/3357/1175
f 1709/3358/1174 1706/3350/1154 1809/3353/1154 1810/3359/1174
f 1710/3360/1173 1707/3361/1176 1807/3362/1176 1806/3363/1173
f 1711/3364/1171 1709/3358/1174 1810/3359/1174 1811/3365/1171
f 1704/3351/1172 1710/3360/1173 1806/3363/1173 1808/3352/1172
f 1705/3355/1170 1711/3364/1171 1811/3365/1171 1812/3356/1170
f 1701/3308/863 1697/3330/863 1706/3331/863 1709/3309/863
f 1700/3366/863 1699/3322/863 1705/3323/863 1708/3367/863
f 1712/3368/1073 1714/3369/1075 1715/3370/1074 1713/3371/1073
f 1714/3372/1075 1716/3373/1077 1717/3374/1076 1715/3375/1074
f 1716/3373/1077 1718/3376/1079 1719/3377/1078 1717/3374/1076
f 1718/3376/1079 1720/3378/1081 1721/3379/1080 1719/3377/1078
f 1720/3378/1081 1722/3380/1083 1723/3381/1082 1721/3379/1080
f 1722/3380/1083 1724/3382/1085 1725/3383/1084 1723/3381/1082
f 1724/3382/1085 1726/3384/1087 1727/3385/1086 1725/3383/1084
f 1726/3384/1087 1728/3386/1089 1729/3387/1088 1727/3385/1086
f 1728/3386/1089 1730/3388/1091 1731/3389/1090 1729/3387/1088
f 1730/3390/1091 1732/3391/1093 1733/3392/1092 1731/3393/1090
f 1732/3391/1093 1734/3394/1095 1735/3395/1177 1733/3392/1092
f 1734/3394/1095 1736/3396/1178 1737/3397/1178 1735/3395/1177
f 1721/3398/869 1743/3399/869 1742/3400/869 1719/3401/869
f 1738/3402/869 1713/3403/869 1739/3404/869
f 1731/3405/869 1748/3406/869 1747/3407/869 1729/3408/869
f 1723/3409/869 1744/3410/869 1743/3399/869 1721/3398/869
f 1715/3411/869 1740/3412/869 1739/3404/869 1713/3403/869
f 1733/3413/869 1749/3414/869 1748/3406/869 1731/3405/869
f 1725/3415/869 1745/3416/869 1744/3410/869 1723/3409/869
f 1717/3417/869 1741/3418/869 1740/3412/869 1715/3411/869
f 1735/3419/869 1750/3420/869 1749/3414/869 1733/3413/869
f 1727/3421/869 1746/3422/869 1745/3416/869 1725/3415/869
f 1719/3401/869 1742/3400/869 1741/3418/869 1717/3417/869
f 1737/3423/869 1751/3424/869 1750/3420/869 1735/3419/869
f 1729/3408/869 1747/3407/869 1746/3422/869 1727/3421/869
f 1712/3425/1179 1769/3426/1180 1759/3427/1181 1722/3428/1182 1720/3429/1179 1718/3430/1179 1716/3431/1179 1714/3432/1179
f 1770/3219/1101 1786/3221/1104 1769/3433/1103 1712/3368/1102
f 1753/3434/1183 1755/3435/1184 1763/3436/1185
f 1755/3435/1184 1754/3437/1186 1764/3438/1187 1763/3436/1185
f 1754/3437/1186 1752/3439/1188 1765/3440/1189 1764/3438/1187
f 1752/3439/1188 1756/3441/1190 1766/3442/1191 1765/3440/1189
f 1756/3441/1190 1757/3443/1192 1767/3444/1193 1766/3442/1191
f 1757/3443/1192 1758/3445/1194 1768/3446/1195 1767/3444/1193
f 1758/3445/1194 1759/3427/1181 1769/3426/1180 1768/3446/1195
f 1722/3428/1182 1759/3427/1181 1760/3447/1196 1732/3448/1197 1730/3449/1198 1728/3450/1198 1726/3451/1198 1724/3452/1198
f 1734/3453/1199 1732/3448/1197 1760/3447/1196 1761/3454/1199 1762/3455/1199 1736/3456/1199
f 1755/3457/1122 1787/3248/1125 1785/3247/1124 1754/3458/1123
f 1763/3459/1126 1772/3252/1129 1788/3251/1128 1753/3460/1127
f 1753/3461/1127 1788/3254/1128 1787/3248/1125 1755/3457/1122
f 1761/3462/1130 1784/3258/1130 1771/3257/1130 1762/3463/1130
f 1769/3433/1103 1786/3221/1104 1783/3260/1132 1768/3464/1131
f 1754/3458/1123 1785/3247/1124 1782/3262/1134 1752/3465/1133
f 1760/3466/1135 1781/3264/1135 1784/3258/1135 1761/3462/1135
f 1768/3467/1131 1783/3268/1132 1780/3267/1137 1767/3468/1200
f 1752/3465/1133 1782/3262/1134 1775/3270/1139 1756/3469/1138
f 1759/3470/1140 1779/3274/1142 1781/3273/1141 1760/3471/1141
f 1767/3468/1200 1780/3267/1137 1778/3276/1144 1766/3472/1143
f 1758/3473/1145 1777/3278/1146 1779/3274/1142 1759/3470/1140
f 1766/3472/1143 1778/3276/1144 1776/3280/1148 1765/3474/1147
f 1757/3475/1149 1774/3282/1150 1777/3278/1146 1758/3473/1145
f 1765/3474/1147 1776/3280/1148 1773/3284/1152 1764/3476/1151
f 1756/3469/1138 1775/3270/1139 1774/3282/1150 1757/3475/1149
f 1764/3476/1151 1773/3284/1152 1772/3252/1129 1763/3459/1126
f 1736/3477/1201 1751/3478/1201 1737/3479/1201
f 1736/3477/1201 1789/3289/1153 1790/3288/1153 1751/3478/1201
f 1736/3477/1154 1762/3480/1154 1771/3290/1154 1789/3289/1154
f 1770/3219/1101 1712/3368/1102 1791/3292/1155
f 1712/3368/1102 1713/3371/1155 1738/3481/1155 1791/3292/1155
f 1795/3294/1156 1813/3297/1156 1818/3482/1156 1802/3483/1156
f 1741/3484/1157 1800/3485/1160 1794/3301/1159 1793/3300/1158 1740/3486/1158
f 1804/3487/869 1820/3488/869 1817/3489/869 1800/3490/869
f 1805/3491/869 1821/3492/869 1819/3493/869 1803/3494/869
f 1800/3495/1161 1817/3496/1161 1807/3313/1161 1794/3312/1161
f 1749/3497/1162 1796/3319/1162 1795/3318/1165 1802/3498/1164 1748/3499/1163
f 1798/3500/869 1814/3501/869 1820/3488/869 1804/3487/869
f 1801/3502/869 1815/3503/869 1821/3492/869 1805/3491/869
f 1750/3504/1166 1797/3325/1166 1796/3319/1162 1749/3497/1162
f 1740/3505/1158 1793/3329/1158 1792/3328/1167 1739/3506/1167
f 1799/3507/869 1816/3508/869 1814/3501/869 1798/3500/869
f 1739/3506/1167 1792/3328/1167 1791/3333/1168 1738/3509/1168
f 1751/3510/1169 1790/3335/1169 1797/3325/1166 1750/3504/1166
f 1747/3511/1170 1801/3512/1170 1805/3513/1171 1746/3514/1171
f 1743/3515/1172 1798/3516/1172 1804/3517/1173 1742/3518/1173
f 1746/3514/1171 1805/3513/1171 1803/3519/1174 1745/3520/1174
f 1742/3518/1173 1804/3517/1173 1800/3485/1160 1741/3484/1157
f 1745/3520/1174 1803/3519/1174 1799/3521/1154 1744/3522/1154
f 1748/3523/1163 1802/3524/1164 1801/3512/1170 1747/3511/1170
f 1744/3522/1154 1799/3521/1154 1798/3516/1172 1743/3515/1172
f 1816/3525/1154 1809/3353/1154 1808/3352/1172 1814/3526/1172
f 1818/3527/1175 1813/3357/1175 1812/3356/1170 1815/3528/1170
f 1819/3529/1174 1810/3359/1174 1809/3353/1154 1816/3525/1154
f 1820/3530/1173 1806/3363/1173 1807/3362/1176 1817/3531/1176
f 1821/3532/1171 1811/3365/1171 1810/3359/1174 1819/3529/1174
f 1814/3526/1172 1808/3352/1172 1806/3363/1173 1820/3530/1173
f 1815/3528/1170 1812/3356/1170 1811/3365/1171 1821/3532/1171
f 1803/3494/869 1819/3493/869 1816/3508/869 1799/3507/869
f 1802/3533/869 1818/3534/869 1815/3503/869 1801/3502/869
usemtl Leg.FR_MAT
f 1924/3720/1289 1926/3721/1289 1952/3722/1289 1951/3723/1289
f 1956/3724/1290 1922/3725/1290 1945/3726/1290 1961/3727/1290
f 1921/3728/1291 1922/3729/1291 1920/3730/1291 1919/3731/1291
f 1919/3732/1292 1920/3733/1292 1954/3734/1292 1953/3735/1292
f 1955/3736/1293 1921/3737/1293 1919/3738/1293 1953/3739/1293
f 1922/3740/1294 1956/3741/1294 1954/3742/1294 1920/3743/1294
f 1922/3729/1291 1921/3728/1291 1931/3744/1291 1945/3745/1291
f 1921/3746/1295 1955/3747/1295 1962/3748/1295 1931/3749/1295
f 1965/3750/1296 1947/3751/1296 1928/3752/1296 1969/3753/1296
f 1945/3745/1291 1931/3744/1291 1932/3754/1291 1947/3755/1291
f 1934/3756/1297 1935/3757/1297 1936/3758/1297 1939/3759/1297 1933/3760/1297
f 1927/3761/1293 1970/3762/1293 1974/3763/1293 1929/3764/1293
f 1947/3755/1291 1932/3754/1291 1927/3765/1291 1928/3766/1291
f 1932/3767/1298 1966/3768/1298 1970/3762/1298 1927/3761/1298
f 1969/3753/1294 1928/3752/1294 1930/3769/1294 1973/3770/1294
f 1928/3766/1291 1927/3765/1291 1929/3771/1291 1930/3772/1291
f 1923/3773/1293 1925/3774/1293 1932/3767/1293 1931/3775/1293
f 1934/3776/1293 1923/3773/1293 1931/3775/1293 1962/3777/1293
f 1925/3774/1293 1935/3778/1293 1966/3768/1293 1932/3767/1293
f 1935/3778/1293 1934/3776/1293 1962/3777/1293 1966/3768/1293
f 1938/3779/1291 1940/3780/1291 1943/3781/1291 1944/3782/1291
f 1923/3783/1299 1934/3784/1299 1933/3785/1299 1937/3786/1299
f 1935/3778/1300 1925/3774/1300 1938/3787/1300 1936/3788/1300
f 1925/3789/1291 1923/3790/1291 1937/3791/1291 1940/3780/1291 1938/3779/1291
f 1937/3792/1301 1933/3793/1301 1939/3794/1301 1940/3795/1301
f 1943/3796/1302 1941/3797/1302 1942/3798/1302 1944/3799/1302
f 1940/3800/1303 1939/3801/1303 1941/3802/1303 1943/3803/1303
f 1939/3759/1297 1936/3758/1297 1942/3804/1297 1941/3805/1297
f 1936/3806/1304 1938/3807/1304 1944/3808/1304 1942/3809/1304
f 1924/3810/1294 1946/3811/1294 1961/3812/1294 1945/3813/1294
f 1948/3814/1294 1926/3815/1294 1947/3751/1294 1965/3750/1294
f 1926/3815/1294 1924/3810/1294 1945/3813/1294 1947/3751/1294
f 1946/3811/1294 1948/3814/1294 1965/3750/1294 1961/3812/1294
f 1950/3816/1294 1951/3817/1294 1952/3818/1294 1949/3819/1294
f 1946/3811/1305 1924/3810/1305 1951/3817/1305 1950/3816/1305
f 1948/3820/1306 1946/3821/1306 1950/3822/1306 1949/3823/1306
f 1926/3824/1307 1948/3825/1307 1949/3826/1307 1952/3827/1307
f 1964/3828/1306 1997/3829/1306 1998/3830/1306 1968/3831/1306
f 1956/3724/1290 1961/3727/1290 1991/3832/1290 1960/3833/1290
f 1959/3834/1297 1957/3835/1297 1958/3836/1297 1960/3837/1297
f 1957/3838/1292 1953/3735/1292 1954/3734/1292 1958/3839/1292
f 1955/3736/1293 1953/3739/1293 1957/3840/1293 1959/3841/1293
f 1960/3842/1294 1958/3843/1294 1954/3742/1294 1956/3741/1294
f 1960/3837/1297 1991/3844/1297 1977/3845/1297 1959/3834/1297
f 1959/3846/1295 1977/3847/1295 1962/3748/1295 1955/3747/1295
f 1965/3750/1296 1969/3753/1296 1972/3848/1296 1993/3849/1296
f 1991/3844/1297 1993/3850/1297 1978/3851/1297 1977/3845/1297
f 1980/3852/1291 1979/3853/1291 1985/3854/1291 1982/3855/1291 1981/3856/1291
f 1971/3857/1293 1975/3858/1293 1974/3763/1293 1970/3762/1293
f 1993/3850/1297 1972/3859/1297 1971/3860/1297 1978/3851/1297
f 1978/3861/1298 1971/3857/1298 1970/3762/1298 1966/3768/1298
f 1969/3753/1294 1973/3770/1294 1976/3862/1294 1972/3848/1294
f 1972/3859/1297 1976/3863/1297 1975/3864/1297 1971/3860/1297
f 1963/3865/1293 1977/3866/1293 1978/3861/1293 1967/3867/1293
f 1980/3868/1293 1962/3777/1293 1977/3866/1293 1963/3865/1293
f 1967/3867/1293 1978/3861/1293 1966/3768/1293 1981/3869/1293
f 1981/3869/1293 1966/3768/1293 1962/3777/1293 1980/3868/1293
f 1984/3870/1297 1990/3871/1297 1989/3872/1297 1986/3873/1297
f 1963/3874/1299 1983/3875/1299 1979/3876/1299 1980/3877/1299
f 1981/3869/1300 1982/3878/1300 1984/3879/1300 1967/3867/1300
f 1967/3880/1297 1984/3870/1297 1986/3873/1297 1983/3881/1297 1963/3882/1297
f 1983/3883/1301 1986/3884/1301 1985/3885/1301 1979/3886/1301
f 1989/3887/1302 1990/3888/1302 1988/3889/1302 1987/3890/1302
f 1986/3891/1303 1989/3892/1303 1987/3893/1303 1985/3894/1303
f 1985/3854/1291 1987/3895/1291 1988/3896/1291 1982/3855/1291
f 1982/3897/1304 1988/3898/1304 1990/3899/1304 1984/3900/1304
f 1964/3901/1294 1991/3902/1294 1961/3812/1294 1992/3903/1294
f 1994/3904/1294 1965/3750/1294 1993/3849/1294 1968/3905/1294
f 1968/3905/1294 1993/3849/1294 1991/3902/1294 1964/3901/1294
f 1992/3903/1294 1961/3812/1294 1965/3750/1294 1994/3904/1294
f 1996/3906/1294 1995/3907/1294 1998/3908/1294 1997/3909/1294
f 1992/3903/1305 1996/3906/1305 1997/3909/1305 1964/3901/1305
f 1994/3910/1289 1995/3911/1289 1996/3912/1289 1992/3913/1289
f 1968/3914/1307 1998/3915/1307 1995/3916/1307 1994/3917/1307
usemtl Leg.FR.001_MAT
f 2047/3918/1308 1999/3919/1308 2000/3920/1309 2048/3921/1309
f 2048/3921/1309 2000/3920/1309 2001/3922/1310 2049/3923/1310
f 2049/3923/1310 2001/3922/1310 2002/3924/1311 2050/3925/1311
f 2050/3925/1311 2002/3924/1311 2003/3926/1312 2051/3927/1312
f 2051/3928/1312 2003/3929/1312 2004/3930/1313 2052/3931/1313
f 2052/3931/1313 2004/3930/1313 2005/3932/1314 2053/3933/1315
f 2053/3933/1315 2005/3932/1314 2006/3934/1316 2054/3935/1316
f 2054/3935/1316 2006/3934/1316 2007/3936/1317 2055/3937/1317
f 2055/3938/1317 2007/3939/1317 2008/3940/1318 2056/3941/1318
f 2056/3941/1318 2008/3940/1318 2009/3942/1319 2057/3943/1319
f 2057/3943/1319 2009/3942/1319 2010/3944/1320 2058/3945/1321
f 2058/3945/1321 2010/3944/1320 2011/3946/1322 2059/3947/1322
f 2059/3948/1322 2011/3949/1322 2012/3950/1323 2060/3951/1323
f 2060/3951/1323 2012/3950/1323 2013/3952/1324 2061/3953/1324
f 2014/3954/1325 2013/3955/1326 2029/3956/1326 2030/3957/1325
f 2061/3953/1324 2013/3952/1324 2014/3958/1327 2062/3959/1327
f 2062/3959/1327 2014/3958/1327 1999/3960/1308 2047/3961/1308
f 2153/3962/1327 2062/3959/1327 2047/3961/1308 2127/3963/1308
f 2027/3964/1328 2026/3965/1329 2042/3966/1329 2043/3967/1328
f 2002/3968/1330 2001/3969/1331 2017/3970/1331 2018/3971/1330
f 2007/3972/1332 2006/3973/1333 2022/3974/1333 2023/3975/1332
f 2000/3976/1334 1999/3977/1335 2016/3978/1335 2015/3979/1334
f 2012/3980/1336 2011/3981/1337 2027/3964/1337 2028/3982/1336
f 2005/3983/1338 2004/3984/1339 2020/3985/1339 2021/3986/1338
f 2010/3987/1340 2009/3988/1341 2025/3989/1341 2026/3965/1340
f 1999/3977/1335 2014/3954/1325 2030/3957/1325 2016/3978/1335
f 2003/3990/1342 2002/3968/1330 2018/3971/1330 2019/3991/1342
f 2008/3992/1343 2007/3972/1332 2023/3975/1332 2024/3993/1343
f 2013/3955/1326 2012/3980/1336 2028/3982/1336 2029/3956/1326
f 2001/3969/1331 2000/3976/1334 2015/3979/1334 2017/3970/1331
f 2006/3973/1333 2005/3983/1338 2021/3986/1338 2022/3974/1333
f 2011/3981/1337 2010/3987/1340 2026/3965/1340 2027/3964/1337
f 2004/3984/1339 2003/3990/1342 2019/3991/1342 2020/3985/1339
f 2009/3988/1341 2008/3992/1343 2024/3993/1343 2025/3989/1341
f 2031/3994/1291 2032/3995/1291 2046/3996/1291 2045/3997/1291 2044/3998/1291 2043/3967/1291 2042/3966/1291 2041/3999/1291 2040/4000/1291 2039/4001/1291 2038/4002/1291 2037/4003/1291 2036/4004/1291 2035/4005/1291 2034/4006/1291 2033/4007/1291
f 2020/3985/1344 2019/3991/1345 2035/4005/1345 2036/4004/1344
f 2028/3982/1346 2027/3964/1328 2043/3967/1328 2044/3998/1346
f 2021/4008/1347 2020/4009/1344 2036/4010/1344 2037/4011/1347
f 2029/4012/1348 2028/4013/1346 2044/4014/1346 2045/4015/1348
f 2022/3974/1349 2021/3986/1347 2037/4003/1347 2038/4002/1349
f 2030/3957/1350 2029/3956/1348 2045/3997/1348 2046/3996/1350
f 2023/3975/1351 2022/3974/1349 2038/4002/1349 2039/4001/1351
f 2015/3979/1352 2016/3978/1353 2032/3995/1353 2031/3994/1352
f 2016/3978/1353 2030/3957/1350 2046/3996/1350 2032/3995/1353
f 2024/3993/1354 2023/3975/1351 2039/4001/1351 2040/4000/1354
f 2017/4016/1355 2015/4017/1352 2031/4018/1352 2033/4019/1355
f 2025/4020/1356 2024/4021/1354 2040/4022/1354 2041/4023/1356
f 2018/3971/1357 2017/3970/1355 2033/4007/1355 2034/4006/1357
f 2026/3965/1329 2025/3989/1356 2041/3999/1356 2042/3966/1329
f 2019/3991/1345 2018/3971/1357 2034/4006/1357 2035/4005/1345
f 2151/4024/1324 2061/3953/1324 2062/3959/1327 2153/3962/1327
f 2149/4025/1323 2060/3951/1323 2061/3953/1324 2151/4024/1324
f 2147/4026/1322 2059/3948/1322 2060/3951/1323 2149/4025/1323
f 2145/4027/1358 2058/3945/1321 2059/3947/1322 2147/4028/1322
f 2056/4029/1359 2057/4030/1360 2126/4031/1361 2065/4032/1362
f 2139/4033/1363 2053/3933/1363 2063/4034/1363 2206/4035/1363
f 2053/4036/1364 2054/4037/1365 2063/4038/1366
f 2057/4030/1360 2058/4039/1367 2126/4031/1361
f 2054/4037/1365 2055/4040/1368 2064/4041/1368 2063/4038/1366
f 2137/4042/1313 2052/3931/1313 2053/3933/1315 2139/4033/1369
f 2135/4043/1312 2051/3928/1312 2052/3931/1313 2137/4042/1313
f 2133/4044/1311 2050/3925/1311 2051/3927/1312 2135/4045/1312
f 2131/4046/1310 2049/3923/1310 2050/3925/1311 2133/4044/1311
f 2129/4047/1309 2048/3921/1309 2049/3923/1310 2131/4046/1310
f 2127/4048/1308 2047/3918/1308 2048/3921/1309 2129/4047/1309
f 2055/4040/1368 2056/4029/1359 2065/4032/1362 2064/4041/1368
f 2058/4049/1370 2145/4050/1370 2228/4051/1370 2126/4052/1370
f 2063/4053/1371 2066/4054/1372 2067/4055/1373 2114/4056/1373
f 2114/4056/1373 2067/4055/1373 2068/4057/1374 2115/4058/1374
f 2115/4059/1374 2068/4060/1374 2069/4061/1375 2116/4062/1375
f 2116/4062/1375 2069/4061/1375 2070/4063/1376 2117/4064/1376
f 2117/4064/1376 2070/4063/1376 2071/4065/1377 2118/4066/1377
f 2118/4066/1377 2071/4065/1377 2072/4067/1378 2119/4068/1378
f 2119/4069/1378 2072/4070/1378 2073/4071/1379 2120/4072/1379
f 2120/4072/1379 2073/4071/1379 2074/4073/1380 2121/4074/1380
f 2121/4074/1380 2074/4073/1380 2075/4075/1381 2122/4076/1381
f 2122/4076/1381 2075/4075/1381 2076/4077/1382 2123/4078/1382
f 2123/4079/1382 2076/4080/1382 2077/4081/1383 2124/4082/1383
f 2124/4082/1383 2077/4081/1383 2078/4083/1384 2125/4084/1384
f 2125/4084/1384 2078/4083/1384 2079/4085/1385 2126/4052/1386
f 2126/4052/1386 2079/4085/1385 2080/4086/1387 2065/4087/1387
f 2081/4088/1388 2080/4089/1389 2096/4090/1389 2097/4091/1388
f 2065/4092/1387 2080/4093/1387 2081/4094/1390 2064/4095/1390
f 2064/4095/1390 2081/4094/1390 2066/4054/1372 2063/4053/1371
f 2094/4096/1391 2093/4097/1392 2109/4098/1392 2110/4099/1391
f 2069/4100/1393 2068/4101/1394 2084/4102/1394 2085/4103/1393
f 2074/4104/1395 2073/4105/1396 2089/4106/1396 2090/4107/1395
f 2067/4108/1397 2066/4109/1398 2083/4110/1398 2082/4111/1397
f 2079/4112/1399 2078/4113/1400 2094/4114/1400 2095/4115/1399
f 2072/4116/1401 2071/4117/1402 2087/4118/1402 2088/4119/1401
f 2077/4120/1403 2076/4121/1404 2092/4122/1404 2093/4123/1403
f 2066/4109/1398 2081/4088/1388 2097/4091/1388 2083/4110/1398
f 2070/4124/1405 2069/4100/1393 2085/4103/1393 2086/4125/1405
f 2075/4126/1406 2074/4104/1395 2090/4107/1395 2091/4127/1406
f 2080/4089/1389 2079/4112/1399 2095/4115/1399 2096/4090/1389
f 2068/4101/1394 2067/4108/1397 2082/4111/1397 2084/4102/1394
f 2073/4105/1396 2072/4116/1401 2088/4119/1401 2089/4106/1396
f 2078/4113/1400 2077/4120/1403 2093/4123/1403 2094/4114/1400
f 2071/4117/1402 2070/4124/1405 2086/4125/1405 2087/4118/1402
f 2076/4121/1404 2075/4126/1406 2091/4127/1406 2092/4122/1404
f 2098/4128/1291 2099/4129/1291 2113/4130/1291 2112/4131/1291 2111/4132/1291 2110/4133/1291 2109/4134/1291 2108/4135/1291 2107/4136/1291 2106/4137/1291 2105/4138/1291 2104/4139/1291 2103/4140/1291 2102/4141/1291 2101/4142/1291 2100/4143/1291
f 2087/4144/1407 2086/4145/1408 2102/4146/1408 2103/4147/1407
f 2095/4148/1409 2094/4096/1391 2110/4099/1391 2111/4149/1409
f 2088/4119/1410 2087/4118/1407 2103/4140/1407 2104/4139/1410
f 2096/4090/1411 2095/4115/1409 2111/4132/1409 2112/4131/1411
f 2089/4106/1412 2088/4119/1410 2104/4139/1410 2105/4138/1412
f 2097/4091/1413 2096/4090/1411 2112/4131/1411 2113/4130/1413
f 2090/4150/1414 2089/4151/1412 2105/4152/1412 2106/4153/1414
f 2082/4154/1415 2083/4155/1416 2099/4156/1416 2098/4157/1415
f 2083/4155/1416 2097/4158/1413 2113/4159/1413 2099/4156/1416
f 2091/4160/1417 2090/4150/1414 2106/4153/1414 2107/4161/1417
f 2084/4102/1418 2082/4111/1415 2098/4128/1415 2100/4143/1418
f 2092/4122/1419 2091/4127/1417 2107/4136/1417 2108/4135/1419
f 2085/4103/1420 2084/4102/1418 2100/4143/1418 2101/4142/1420
f 2093/4123/1392 2092/4122/1419 2108/4135/1419 2109/4134/1392
f 2086/4145/1408 2085/4162/1420 2101/4163/1420 2102/4146/1408
f 2226/4164/1384 2125/4084/1384 2126/4052/1386 2228/4051/1421
f 2224/4165/1383 2124/4082/1383 2125/4084/1384 2226/4164/1384
f 2120/4072/1379 2121/4074/1380 2277/4166/1380 2278/4167/1379
f 2216/4168/1377 2118/4066/1377 2119/4068/1378 2218/4169/1378
f 2214/4170/1376 2117/4064/1376 2118/4066/1377 2216/4168/1377
f 2212/4171/1375 2116/4062/1375 2117/4064/1376 2214/4170/1376
f 2210/4172/1374 2115/4059/1374 2116/4062/1375 2212/4171/1375
f 2208/4173/1373 2114/4056/1373 2115/4058/1374 2210/4174/1374
f 2206/4175/1422 2063/4053/1371 2114/4056/1373 2208/4173/1373
f 2119/4069/1378 2120/4072/1379 2278/4167/1379 2218/4176/1378
f 2224/4165/1383 2279/4177/1382 2123/4079/1382 2124/4082/1383
f 2122/4076/1381 2123/4078/1382 2279/4178/1382 2280/4179/1381
f 2121/4074/1380 2122/4076/1381 2280/4179/1381 2277/4166/1380
f 2187/4180/1308 2188/4181/1309 2130/4182/1309 2128/4183/1308
f 2188/4181/1309 2189/4184/1310 2132/4185/1310 2130/4182/1309
f 2189/4184/1310 2190/4186/1311 2134/4187/1311 2132/4185/1310
f 2190/4186/1311 2191/4188/1312 2136/4189/1312 2134/4187/1311
f 2191/4190/1312 2192/4191/1313 2138/4192/1313 2136/4193/1312
f 2192/4191/1313 2193/4194/1315 2140/4195/1314 2138/4192/1313
f 2193/4194/1315 2194/4196/1316 2141/4197/1316 2140/4195/1314
f 2194/4196/1316 2195/4198/1317 2142/4199/1317 2141/4197/1316
f 2195/4200/1317 2196/4201/1318 2143/4202/1318 2142/4203/1317
f 2196/4201/1318 2197/4204/1319 2144/4205/1319 2143/4202/1318
f 2197/4204/1319 2198/4206/1321 2146/4207/1320 2144/4205/1319
f 2198/4206/1321 2199/4208/1322 2148/4209/1322 2146/4207/1320
f 2199/4210/1322 2200/4211/1323 2150/4212/1323 2148/4213/1322
f 2200/4211/1323 2201/4214/1324 2152/4215/1324 2150/4212/1323
f 2154/4216/1423 2170/4217/1423 2169/4218/1424 2152/4219/1424
f 2201/4214/1324 2202/4220/1327 2154/4221/1327 2152/4215/1324
f 2202/4220/1327 2187/4222/1308 2128/4223/1308 2154/4221/1327
f 2153/3962/1327 2127/3963/1308 2187/4222/1308 2202/4220/1327
f 2167/4224/1425 2183/4225/1425 2182/4226/1426 2166/4227/1426
f 2134/4228/1427 2158/4229/1427 2157/4230/1428 2132/4231/1428
f 2142/4232/1429 2163/4233/1429 2162/4234/1430 2141/4235/1430
f 2130/4236/1431 2155/4237/1431 2156/4238/1432 2128/4239/1432
f 2150/4240/1433 2168/4241/1433 2167/4224/1434 2148/4242/1434
f 2140/4243/1435 2161/4244/1435 2160/4245/1436 2138/4246/1436
f 2146/4247/1437 2166/4227/1437 2165/4248/1438 2144/4249/1438
f 2128/4239/1432 2156/4238/1432 2170/4217/1423 2154/4216/1423
f 2136/4250/1439 2159/4251/1439 2158/4229/1427 2134/4228/1427
f 2143/4252/1440 2164/4253/1440 2163/4233/1429 2142/4232/1429
f 2152/4219/1424 2169/4218/1424 2168/4241/1433 2150/4240/1433
f 2132/4231/1428 2157/4230/1428 2155/4237/1431 2130/4236/1431
f 2141/4235/1430 2162/4234/1430 2161/4244/1435 2140/4243/1435
f 2148/4242/1434 2167/4224/1434 2166/4227/1437 2146/4247/1437
f 2138/4246/1436 2160/4245/1436 2159/4251/1439 2136/4250/1439
f 2144/4249/1438 2165/4248/1438 2164/4253/1440 2143/4252/1440
f 2171/4254/1297 2173/4255/1297 2174/4256/1297 2175/4257/1297 2176/4258/1297 2177/4259/1297 2178/4260/1297 2179/4261/1297 2180/4262/1297 2181/4263/1297 2182/4226/1297 2183/4225/1297 2184/4264/1297 2185/4265/1297 2186/4266/1297 2172/4267/1297
f 2160/4245/1441 2176/4258/1441 2175/4257/1442 2159/4251/1442
f 2168/4241/1443 2184/4264/1443 2183/4225/1425 2167/4224/1425
f 2161/4268/1444 2177/4269/1444 2176/4270/1441 2160/4271/1441
f 2169/4272/1445 2185/4273/1445 2184/4274/1443 2168/4275/1443
f 2162/4234/1446 2178/4260/1446 2177/4259/1444 2161/4244/1444
f 2170/4217/1447 2186/4266/1447 2185/4265/1445 2169/4218/1445
f 2163/4233/1448 2179/4261/1448 2178/4260/1446 2162/4234/1446
f 2155/4237/1449 2171/4254/1449 2172/4267/1450 2156/4238/1450
f 2156/4238/1450 2172/4267/1450 2186/4266/1447 2170/4217/1447
f 2164/4253/1451 2180/4262/1451 2179/4261/1448 2163/4233/1448
f 2157/4276/1452 2173/4277/1452 2171/4278/1449 2155/4279/1449
f 2165/4280/1453 2181/4281/1453 2180/4282/1451 2164/4283/1451
f 2158/4229/1454 2174/4256/1454 2173/4255/1452 2157/4230/1452
f 2166/4227/1426 2182/4226/1426 2181/4263/1453 2165/4248/1453
f 2159/4251/1442 2175/4257/1442 2174/4256/1454 2158/4229/1454
f 2151/4024/1324 2153/3962/1327 2202/4220/1327 2201/4214/1324
f 2149/4025/1323 2151/4024/1324 2201/4214/1324 2200/4211/1323
f 2147/4026/1322 2149/4025/1323 2200/4211/1323 2199/4210/1322
f 2145/4027/1358 2147/4028/1322 2199/4208/1322 2198/4206/1321
f 2196/4284/1455 2205/4285/1456 2276/4286/1457 2197/4287/1458
f 2139/4033/1363 2206/4035/1363 2203/4288/1363 2193/4194/1363
f 2193/4289/1459 2203/4290/1460 2194/4291/1461
f 2197/4287/1458 2276/4286/1457 2198/4292/1462
f 2194/4291/1461 2203/4290/1460 2204/4293/1463 2195/4294/1463
f 2137/4042/1313 2139/4033/1369 2193/4194/1315 2192/4191/1313
f 2135/4043/1312 2137/4042/1313 2192/4191/1313 2191/4190/1312
f 2133/4044/1311 2135/4045/1312 2191/4188/1312 2190/4186/1311
f 2131/4046/1310 2133/4044/1311 2190/4186/1311 2189/4184/1310
f 2129/4047/1309 2131/4046/1310 2189/4184/1310 2188/4181/1309
f 2127/4048/1308 2129/4047/1309 2188/4181/1309 2187/4180/1308
f 2195/4294/1463 2204/4293/1463 2205/4285/1456 2196/4284/1455
f 2198/4295/1370 2276/4296/1370 2228/4051/1370 2145/4050/1370
f 2203/4297/1371 2264/4298/1373 2209/4299/1373 2207/4300/1372
f 2264/4298/1373 2265/4301/1374 2211/4302/1374 2209/4299/1373
f 2265/4303/1374 2266/4304/1375 2213/4305/1375 2211/4306/1374
f 2266/4304/1375 2267/4307/1376 2215/4308/1376 2213/4305/1375
f 2267/4307/1376 2268/4309/1377 2217/4310/1377 2215/4308/1376
f 2268/4309/1377 2269/4311/1378 2219/4312/1378 2217/4310/1377
f 2269/4313/1378 2270/4314/1379 2220/4315/1379 2219/4316/1378
f 2270/4314/1379 2271/4317/1380 2221/4318/1380 2220/4315/1379
f 2271/4317/1380 2272/4319/1381 2222/4320/1381 2221/4318/1380
f 2272/4319/1381 2273/4321/1382 2223/4322/1382 2222/4320/1381
f 2273/4323/1382 2274/4324/1383 2225/4325/1383 2223/4326/1382
f 2274/4324/1383 2275/4327/1384 2227/4328/1384 2225/4325/1383
f 2275/4327/1384 2276/4296/1386 2229/4329/1385 2227/4328/1384
f 2276/4296/1386 2205/4330/1387 2230/4331/1387 2229/4329/1385
f 2231/4332/1464 2247/4333/1464 2246/4334/1465 2230/4335/1465
f 2205/4336/1387 2204/4337/1466 2231/4338/1466 2230/4339/1387
f 2204/4337/1466 2203/4297/1371 2207/4300/1372 2231/4338/1466
f 2244/4340/1467 2260/4341/1467 2259/4342/1468 2243/4343/1468
f 2213/4344/1469 2235/4345/1469 2234/4346/1470 2211/4347/1470
f 2221/4348/1471 2240/4349/1471 2239/4350/1472 2220/4351/1472
f 2209/4352/1473 2232/4353/1473 2233/4354/1474 2207/4355/1474
f 2229/4356/1475 2245/4357/1475 2244/4358/1476 2227/4359/1476
f 2219/4360/1477 2238/4361/1477 2237/4362/1478 2217/4363/1478
f 2225/4364/1479 2243/4365/1479 2242/4366/1480 2223/4367/1480
f 2207/4355/1474 2233/4354/1474 2247/4333/1464 2231/4332/1464
f 2215/4368/1481 2236/4369/1481 2235/4345/1469 2213/4344/1469
f 2222/4370/1482 2241/4371/1482 2240/4349/1471 2221/4348/1471
f 2230/4335/1465 2246/4334/1465 2245/4357/1475 2229/4356/1475
f 2211/4347/1470 2234/4346/1470 2232/4353/1473 2209/4352/1473
f 2220/4351/1472 2239/4350/1472 2238/4361/1477 2219/4360/1477
f 2227/4359/1476 2244/4358/1476 2243/4365/1479 2225/4364/1479
f 2217/4363/1478 2237/4362/1478 2236/4369/1481 2215/4368/1481
f 2223/4367/1480 2242/4366/1480 2241/4371/1482 2222/4370/1482
f 2248/4372/1297 2250/4373/1297 2251/4374/1297 2252/4375/1297 2253/4376/1297 2254/4377/1297 2255/4378/1297 2256/4379/1297 2257/4380/1297 2258/4381/1297 2259/4382/1297 2260/4383/1297 2261/4384/1297 2262/4385/1297 2263/4386/1297 2249/4387/1297
f 2237/4388/1483 2253/4389/1483 2252/4390/1484 2236/4391/1484
f 2245/4392/1485 2261/4393/1485 2260/4341/1467 2244/4340/1467
f 2238/4361/1486 2254/4377/1486 2253/4376/1483 2237/4362/1483
f 2246/4334/1487 2262/4385/1487 2261/4384/1485 2245/4357/1485
f 2239/4350/1488 2255/4378/1488 2254/4377/1486 2238/4361/1486
f 2247/4333/1489 2263/4386/1489 2262/4385/1487 2246/4334/1487
f 2240/4394/1490 2256/4395/1490 2255/4396/1488 2239/4397/1488
f 2232/4398/1491 2248/4399/1491 2249/4400/1492 2233/4401/1492
f 2233/4401/1492 2249/4400/1492 2263/4402/1489 2247/4403/1489
f 2241/4404/1493 2257/4405/1493 2256/4395/1490 2240/4394/1490
f 2234/4346/1494 2250/4373/1494 2248/4372/1491 2232/4353/1491
f 2242/4366/1495 2258/4381/1495 2257/4380/1493 2241/4371/1493
f 2235/4345/1496 2251/4374/1496 2250/4373/1494 2234/4346/1494
f 2243/4365/1468 2259/4382/1468 2258/4381/1495 2242/4366/1495
f 2236/4391/1484 2252/4390/1484 2251/4406/1496 2235/4407/1496
f 2226/4164/1384 2228/4051/1421 2276/4296/1386 2275/4327/1384
f 2224/4165/1383 2226/4164/1384 2275/4327/1384 2274/4324/1383
f 2270/4314/1379 2278/4167/1379 2277/4166/1380 2271/4317/1380
f 2216/4168/1377 2218/4169/1378 2269/4311/1378 2268/4309/1377
f 2214/4170/1376 2216/4168/1377 2268/4309/1377 2267/4307/1376
f 2212/4171/1375 2214/4170/1376 2267/4307/1376 2266/4304/1375
f 2210/4172/1374 2212/4171/1375 2266/4304/1375 2265/4303/1374
f 2208/4173/1373 2210/4174/1374 2265/4301/1374 2264/4298/1373
f 2206/4175/1422 2208/4173/1373 2264/4298/1373 2203/4297/1371
f 2269/4313/1378 2218/4176/1378 2278/4167/1379 2270/4314/1379
f 2224/4165/1383 2274/4324/1383 2273/4323/1382 2279/4177/1382
f 2272/4319/1381 2280/4179/1381 2279/4178/1382 2273/4321/1382
f 2271/4317/1380 2277/4166/1380 2280/4179/1381 2272/4319/1381
usemtl Leg.FR.002_MAT
f 2281/4408/1497 2282/4409/1497 2284/4410/1498 2283/4411/1499
f 2283/4412/1499 2284/4413/1498 2286/4414/1500 2285/4415/1501
f 2285/4415/1501 2286/4414/1500 2288/4416/1502 2287/4417/1503
f 2287/4417/1503 2288/4416/1502 2290/4418/1504 2289/4419/1505
f 2289/4419/1505 2290/4418/1504 2292/4420/1506 2291/4421/1507
f 2291/4421/1507 2292/4420/1506 2294/4422/1508 2293/4423/1509
f 2293/4423/1509 2294/4422/1508 2296/4424/1510 2295/4425/1511
f 2295/4425/1511 2296/4424/1510 2298/4426/1512 2297/4427/1513
f 2297/4427/1513 2298/4426/1512 2300/4428/1514 2299/4429/1515
f 2299/4430/1515 2300/4431/1514 2302/4432/1516 2301/4433/1517
f 2301/4433/1517 2302/4432/1516 2304/4434/1518 2303/4435/1519
f 2303/4435/1519 2304/4434/1518 2306/4436/1520 2305/4437/1520
f 2290/4438/1291 2288/4439/1291 2311/4440/1291 2312/4441/1291
f 2307/4442/1291 2308/4443/1291 2282/4444/1291
f 2300/4445/1291 2298/4446/1291 2316/4447/1291 2317/4448/1291
f 2292/4449/1291 2290/4438/1291 2312/4441/1291 2313/4450/1291
f 2284/4451/1291 2282/4444/1291 2308/4443/1291 2309/4452/1291
f 2302/4453/1291 2300/4445/1291 2317/4448/1291 2318/4454/1291
f 2294/4455/1291 2292/4449/1291 2313/4450/1291 2314/4456/1291
f 2286/4457/1291 2284/4451/1291 2309/4452/1291 2310/4458/1291
f 2304/4459/1291 2302/4453/1291 2318/4454/1291 2319/4460/1291
f 2296/4461/1291 2294/4455/1291 2314/4456/1291 2315/4462/1291
f 2288/4439/1291 2286/4457/1291 2310/4458/1291 2311/4440/1291
f 2306/4463/1291 2304/4459/1291 2319/4460/1291 2320/4464/1291
f 2298/4446/1291 2296/4461/1291 2315/4462/1291 2316/4447/1291
f 2281/4465/1521 2283/4466/1521 2285/4467/1521 2287/4468/1521 2289/4469/1521 2291/4470/1522 2328/4471/1523 2338/4472/1524
f 2413/4473/1525 2281/4408/1526 2338/4474/1527 2429/4475/1528
f 2322/4476/1529 2332/4477/1530 2324/4478/1531
f 2324/4478/1531 2332/4477/1530 2333/4479/1532 2323/4480/1533
f 2323/4480/1533 2333/4479/1532 2334/4481/1534 2321/4482/1535
f 2321/4482/1535 2334/4481/1534 2335/4483/1536 2325/4484/1537
f 2325/4484/1537 2335/4483/1536 2336/4485/1538 2326/4486/1539
f 2326/4486/1539 2336/4485/1538 2337/4487/1540 2327/4488/1541
f 2327/4488/1541 2337/4487/1540 2338/4472/1524 2328/4471/1523
f 2291/4470/1522 2293/4489/1542 2295/4490/1542 2297/4491/1542 2299/4492/1542 2301/4493/1543 2329/4494/1544 2328/4471/1523
f 2303/4495/1545 2305/4496/1545 2331/4497/1545 2330/4498/1545 2329/4494/1544 2301/4493/1543
f 2324/4499/1546 2323/4500/1547 2428/4501/1548 2430/4502/1549
f 2332/4503/1550 2322/4504/1551 2431/4505/1552 2415/4506/1553
f 2322/4507/1551 2324/4499/1546 2430/4502/1549 2431/4508/1552
f 2330/4509/1554 2331/4510/1554 2414/4511/1554 2427/4512/1554
f 2338/4474/1527 2337/4513/1555 2426/4514/1556 2429/4475/1528
f 2323/4500/1547 2321/4515/1557 2425/4516/1558 2428/4501/1548
f 2329/4517/1559 2330/4509/1559 2427/4512/1559 2424/4518/1559
f 2337/4519/1555 2336/4520/1560 2423/4521/1561 2426/4522/1556
f 2321/4515/1557 2325/4523/1562 2418/4524/1563 2425/4516/1558
f 2328/4525/1564 2329/4526/1565 2424/4527/1565 2422/4528/1566
f 2336/4520/1560 2335/4529/1567 2421/4530/1568 2423/4521/1561
f 2327/4531/1569 2328/4525/1564 2422/4528/1566 2420/4532/1570
f 2335/4529/1567 2334/4533/1571 2419/4534/1572 2421/4530/1568
f 2326/4535/1573 2327/4531/1569 2420/4532/1570 2417/4536/1574
f 2334/4533/1571 2333/4537/1575 2416/4538/1576 2419/4534/1572
f 2325/4523/1562 2326/4535/1573 2417/4536/1574 2418/4524/1563
f 2333/4537/1575 2332/4503/1550 2415/4506/1553 2416/4538/1576
f 2305/4539/1577 2306/4540/1577 2320/4541/1577
f 2305/4539/1577 2320/4541/1577 2433/4542/1578 2432/4543/1578
f 2305/4539/1579 2432/4543/1579 2414/4544/1579 2331/4545/1579
f 2413/4473/1525 2434/4546/1580 2281/4408/1526
f 2281/4408/1526 2434/4546/1580 2307/4547/1580 2282/4409/1580
f 2438/4548/1581 2343/4549/1581 2351/4550/1581 2456/4551/1581
f 2310/4552/1582 2309/4553/1583 2436/4554/1583 2437/4555/1584 2341/4556/1585
f 2345/4557/1291 2341/4558/1291 2350/4559/1291 2353/4560/1291
f 2346/4561/1291 2344/4562/1291 2352/4563/1291 2354/4564/1291
f 2341/4565/1586 2437/4566/1586 2450/4567/1586 2350/4568/1586
f 2318/4569/1587 2317/4570/1588 2343/4571/1589 2438/4572/1590 2439/4573/1587
f 2339/4574/1291 2345/4557/1291 2353/4560/1291 2347/4575/1291
f 2342/4576/1291 2346/4561/1291 2354/4564/1291 2348/4577/1291
f 2319/4578/1591 2318/4569/1587 2439/4573/1587 2440/4579/1591
f 2309/4580/1583 2308/4581/1592 2435/4582/1592 2436/4583/1583
f 2340/4584/1291 2339/4574/1291 2347/4575/1291 2349/4585/1291
f 2308/4581/1592 2307/4586/1593 2434/4587/1593 2435/4582/1592
f 2320/4588/1594 2319/4578/1591 2440/4579/1591 2433/4589/1594
f 2316/4590/1595 2315/4591/1596 2346/4592/1596 2342/4593/1595
f 2312/4594/1597 2311/4595/1598 2345/4596/1598 2339/4597/1597
f 2315/4591/1596 2314/4598/1599 2344/4599/1599 2346/4592/1596
f 2311/4595/1598 2310/4552/1582 2341/4556/1585 2345/4596/1598
f 2314/4598/1599 2313/4600/1579 2340/4601/1579 2344/4599/1599
f 2317/4602/1588 2316/4590/1595 2342/4593/1595 2343/4603/1589
f 2313/4600/1579 2312/4594/1597 2339/4597/1597 2340/4601/1579
f 2349/4604/1579 2347/4605/1597 2451/4606/1597 2452/4607/1579
f 2351/4608/1600 2348/4609/1595 2455/4610/1595 2456/4611/1600
f 2352/4612/1599 2349/4604/1579 2452/4607/1579 2453/4613/1599
f 2353/4614/1598 2350/4615/1601 2450/4616/1601 2449/4617/1598
f 2354/4618/1596 2352/4612/1599 2453/4613/1599 2454/4619/1596
f 2347/4605/1597 2353/4614/1598 2449/4617/1598 2451/4606/1597
f 2348/4609/1595 2354/4618/1596 2454/4619/1596 2455/4610/1595
f 2344/4562/1291 2340/4584/1291 2349/4585/1291 2352/4563/1291
f 2343/4620/1291 2342/4576/1291 2348/4577/1291 2351/4621/1291
f 2355/4622/1602 2357/4623/1499 2358/4624/1498 2356/4625/1602
f 2357/4626/1499 2359/4627/1501 2360/4628/1500 2358/4629/1498
f 2359/4627/1501 2361/4630/1503 2362/4631/1502 2360/4628/1500
f 2361/4630/1503 2363/4632/1505 2364/4633/1504 2362/4631/1502
f 2363/4632/1505 2365/4634/1507 2366/4635/1506 2364/4633/1504
f 2365/4634/1507 2367/4636/1509 2368/4637/1508 2366/4635/1506
f 2367/4636/1509 2369/4638/1511 2370/4639/1510 2368/4637/1508
f 2369/4638/1511 2371/4640/1513 2372/4641/1512 2370/4639/1510
f 2371/4640/1513 2373/4642/1515 2374/4643/1514 2372/4641/1512
f 2373/4644/1515 2375/4645/1517 2376/4646/1516 2374/4647/1514
f 2375/4645/1517 2377/4648/1519 2378/4649/1603 2376/4646/1516
f 2377/4648/1519 2379/4650/1520 2380/4651/1520 2378/4649/1603
f 2364/4652/1297 2386/4653/1297 2385/4654/1297 2362/4655/1297
f 2381/4656/1297 2356/4657/1297 2382/4658/1297
f 2374/4659/1297 2391/4660/1297 2390/4661/1297 2372/4662/1297
f 2366/4663/1297 2387/4664/1297 2386/4653/1297 2364/4652/1297
f 2358/4665/1297 2383/4666/1297 2382/4658/1297 2356/4657/1297
f 2376/4667/1297 2392/4668/1297 2391/4660/1297 2374/4659/1297
f 2368/4669/1297 2388/4670/1297 2387/4664/1297 2366/4663/1297
f 2360/4671/1297 2384/4672/1297 2383/4666/1297 2358/4665/1297
f 2378/4673/1297 2393/4674/1297 2392/4668/1297 2376/4667/1297
f 2370/4675/1297 2389/4676/1297 2388/4670/1297 2368/4669/1297
f 2362/4655/1297 2385/4654/1297 2384/4672/1297 2360/4671/1297
f 2380/4677/1297 2394/4678/1297 2393/4674/1297 2378/4673/1297
f 2372/4662/1297 2390/4661/1297 2389/4676/1297 2370/4675/1297
f 2355/4679/1604 2412/4680/1605 2402/4681/1606 2365/4682/1098 2363/4683/1604 2361/4684/1604 2359/4685/1604 2357/4686/1604
f 2413/4473/1525 2429/4475/1528 2412/4687/1527 2355/4622/1526
f 2396/4688/1607 2398/4689/1608 2406/4690/1609
f 2398/4689/1608 2397/4691/1610 2407/4692/1611 2406/4690/1609
f 2397/4691/1610 2395/4693/1612 2408/4694/1613 2407/4692/1611
f 2395/4693/1612 2399/4695/1614 2409/4696/1615 2408/4694/1613
f 2399/4695/1614 2400/4697/1616 2410/4698/1617 2409/4696/1615
f 2400/4697/1616 2401/4699/1618 2411/4700/1619 2410/4698/1617
f 2401/4699/1618 2402/4681/1606 2412/4680/1605 2411/4700/1619
f 2365/4682/1098 2402/4681/1606 2403/4701/1620 2375/4702/1621 2373/4703/1622 2371/4704/1622 2369/4705/1622 2367/4706/1622
f 2377/4707/1623 2375/4702/1621 2403/4701/1620 2404/4708/1623 2405/4709/1623 2379/4710/1623
f 2398/4711/1546 2430/4502/1549 2428/4501/1548 2397/4712/1547
f 2406/4713/1550 2415/4506/1553 2431/4505/1552 2396/4714/1551
f 2396/4715/1551 2431/4508/1552 2430/4502/1549 2398/4711/1546
f 2404/4716/1554 2427/4512/1554 2414/4511/1554 2405/4717/1554
f 2412/4687/1527 2429/4475/1528 2426/4514/1556 2411/4718/1555
f 2397/4712/1547 2428/4501/1548 2425/4516/1558 2395/4719/1557
f 2403/4720/1559 2424/4518/1559 2427/4512/1559 2404/4716/1559
f 2411/4721/1555 2426/4522/1556 2423/4521/1561 2410/4722/1624
f 2395/4719/1557 2425/4516/1558 2418/4524/1563 2399/4723/1562
f 2402/4724/1564 2422/4528/1566 2424/4527/1565 2403/4725/1565
f 2410/4722/1624 2423/4521/1561 2421/4530/1568 2409/4726/1567
f 2401/4727/1569 2420/4532/1570 2422/4528/1566 2402/4724/1564
f 2409/4726/1567 2421/4530/1568 2419/4534/1572 2408/4728/1571
f 2400/4729/1573 2417/4536/1574 2420/4532/1570 2401/4727/1569
f 2408/4728/1571 2419/4534/1572 2416/4538/1576 2407/4730/1575
f 2399/4723/1562 2418/4524/1563 2417/4536/1574 2400/4729/1573
f 2407/4730/1575 2416/4538/1576 2415/4506/1553 2406/4713/1550
f 2379/4731/1577 2394/4732/1577 2380/4733/1625
f 2379/4731/1577 2432/4543/1578 2433/4542/1578 2394/4732/1577
f 2379/4731/1579 2405/4734/1579 2414/4544/1579 2432/4543/1579
f 2413/4473/1525 2355/4622/1526 2434/4546/1580
f 2355/4622/1526 2356/4625/1580 2381/4735/1580 2434/4546/1580
f 2438/4548/1581 2456/4551/1581 2461/4736/1581 2445/4737/1581
f 2384/4738/1582 2443/4739/1585 2437/4555/1584 2436/4554/1583 2383/4740/1583
f 2447/4741/1297 2463/4742/1297 2460/4743/1297 2443/4744/1297
f 2448/4745/1297 2464/4746/1297 2462/4747/1297 2446/4748/1297
f 2443/4749/1586 2460/4750/1586 2450/4567/1586 2437/4566/1586
f 2392/4751/1587 2439/4573/1587 2438/4572/1590 2445/4752/1589 2391/4753/1588
f 2441/4754/1297 2457/4755/1297 2463/4742/1297 2447/4741/1297
f 2444/4756/1297 2458/4757/1297 2464/4746/1297 2448/4745/1297
f 2393/4758/1591 2440/4579/1591 2439/4573/1587 2392/4751/1587
f 2383/4759/1583 2436/4583/1583 2435/4582/1592 2382/4760/1592
f 2442/4761/1297 2459/4762/1297 2457/4755/1297 2441/4754/1297
f 2382/4760/1592 2435/4582/1592 2434/4587/1593 2381/4763/1593
f 2394/4764/1594 2433/4589/1594 2440/4579/1591 2393/4758/1591
f 2390/4765/1595 2444/4766/1595 2448/4767/1596 2389/4768/1596
f 2386/4769/1597 2441/4770/1597 2447/4771/1598 2385/4772/1598
f 2389/4768/1596 2448/4767/1596 2446/4773/1599 2388/4774/1599
f 2385/4772/1598 2447/4771/1598 2443/4739/1585 2384/4738/1582
f 2388/4774/1599 2446/4773/1599 2442/4775/1579 2387/4776/1579
f 2391/4777/1588 2445/4778/1589 2444/4766/1595 2390/4765/1595
f 2387/4776/1579 2442/4775/1579 2441/4770/1597 2386/4769/1597
f 2459/4779/1579 2452/4607/1579 2451/4606/1597 2457/4780/1597
f 2461/4781/1600 2456/4611/1600 2455/4610/1595 2458/4782/1595
f 2462/4783/1599 2453/4613/1599 2452/4607/1579 2459/4779/1579
f 2463/4784/1598 2449/4617/1598 2450/4616/1601 2460/4785/1601
f 2464/4786/1596 2454/4619/1596 2453/4613/1599 2462/4783/1599
f 2457/4780/1597 2451/4606/1597 2449/4617/1598 2463/4784/1598
f 2458/4782/1595 2455/4610/1595 2454/4619/1596 2464/4786/1596
f 2446/4748/1297 2462/4747/1297 2459/4762/1297 2442/4761/1297
f 2445/4787/1297 2461/4788/1297 2458/4757/1297 2444/4756/1297
usemtl Leg.FL_MAT
f 674/1288/465 676/1289/465 702/1290/465 701/1291/465
f 706/1292/466 672/1293/466 695/1294/466 711/1295/466
f 671/1296/467 672/1297/467 670/1298/467 669/1299/467
f 669/1300/468 670/1301/468 704/1302/468 703/1303/468
f 705/1304/469 671/1305/469 669/1306/469 703/1307/469
f 672/1308/470 706/1309/470 704/1310/470 670/1311/470
f 672/1297/467 671/1296/467 681/1312/467 695/1313/467
f 671/1314/471 705/1315/471 712/1316/471 681/1317/471
f 715/1318/472 697/1319/472 678/1320/472 719/1321/472
f 695/1313/467 681/1312/467 682/1322/467 697/1323/467
f 684/1324/473 685/1325/473 686/1326/473 689/1327/473 683/1328/473
f 677/1329/469 720/1330/469 724/1331/469 679/1332/469
f 697/1323/467 682/1322/467 677/1333/467 678/1334/467
f 682/1335/474 716/1336/474 720/1330/474 677/1329/474
f 719/1321/470 678/1320/470 680/1337/470 723/1338/470
f 678/1334/467 677/1333/467 679/1339/467 680/1340/467
f 673/1341/469 675/1342/469 682/1335/469 681/1343/469
f 684/1344/469 673/1341/469 681/1343/469 712/1345/469
f 675/1342/469 685/1346/469 716/1336/469 682/1335/469
f 685/1346/469 684/1344/469 712/1345/469 716/1336/469
f 688/1347/467 690/1348/467 693/1349/467 694/1350/467
f 673/1351/475 684/1352/475 683/1353/475 687/1354/475
f 685/1346/476 675/1342/476 688/1355/476 686/1356/476
f 675/1357/467 673/1358/467 687/1359/467 690/1348/467 688/1347/467
f 687/1360/477 683/1361/477 689/1362/477 690/1363/477
f 693/1364/478 691/1365/478 692/1366/478 694/1367/478
f 690/1368/479 689/1369/479 691/1370/479 693/1371/479
f 689/1327/473 686/1326/473 692/1372/473 691/1373/473
f 686/1374/480 688/1375/480 694/1376/480 692/1377/480
f 674/1378/470 696/1379/470 711/1380/470 695/1381/470
f 698/1382/470 676/1383/470 697/1319/470 715/1318/470
f 676/1383/470 674/1378/470 695/1381/470 697/1319/470
f 696/1379/470 698/1382/470 715/1318/470 711/1380/470
f 700/1384/470 701/1385/470 702/1386/470 699/1387/470
f 696/1379/481 674/1378/481 701/1385/481 700/1384/481
f 698/1388/482 696/1389/482 700/1390/482 699/1391/482
f 676/1392/483 698/1393/483 699/1394/483 702/1395/483
f 714/1396/482 747/1397/482 748/1398/482 718/1399/482
f 706/1292/466 711/1295/466 741/1400/466 710/1401/466
f 709/1402/473 707/1403/473 708/1404/473 710/1405/473
f 707/1406/468 703/1303/468 704/1302/468 708/1407/468
f 705/1304/469 703/1307/469 707/1408/469 709/1409/469
f 710/1410/470 708/1411/470 704/1310/470 706/1309/470
f 710/1405/473 741/1412/473 727/1413/473 709/1402/473
f 709/1414/471 727/1415/471 712/1316/471 705/1315/471
f 715/1318/472 719/1321/472 722/1416/472 743/1417/472
f 741/1412/473 743/1418/473 728/1419/473 727/1413/473
f 730/1420/467 729/1421/467 735/1422/467 732/1423/467 731/1424/467
f 721/1425/469 725/1426/469 724/1331/469 720/1330/469
f 743/1418/473 722/1427/473 721/1428/473 728/1419/473
f 728/1429/474 721/1425/474 720/1330/474 716/1336/474
f 719/1321/470 723/1338/470 726/1430/470 722/1416/470
f 722/1427/473 726/1431/473 725/1432/473 721/1428/473
f 713/1433/469 727/1434/469 728/1429/469 717/1435/469
f 730/1436/469 712/1345/469 727/1434/469 713/1433/469
f 717/1435/469 728/1429/469 716/1336/469 731/1437/469
f 731/1437/469 716/1336/469 712/1345/469 730/1436/469
f 734/1438/473 740/1439/473 739/1440/473 736/1441/473
f 713/1442/475 733/1443/475 729/1444/475 730/1445/475
f 731/1437/476 732/1446/476 734/1447/476 717/1435/476
f 717/1448/473 734/1438/473 736/1441/473 733/1449/473 713/1450/473
f 733/1451/477 736/1452/477 735/1453/477 729/1454/477
f 739/1455/478 740/1456/478 738/1457/478 737/1458/478
f 736/1459/479 739/1460/479 737/1461/479 735/1462/479
f 735/1422/467 737/1463/467 738/1464/467 732/1423/467
f 732/1465/480 738/1466/480 740/1467/480 734/1468/480
f 714/1469/470 741/1470/470 711/1380/470 742/1471/470
f 744/1472/470 715/1318/470 743/1417/470 718/1473/470
f 718/1473/470 743/1417/470 741/1470/470 714/1469/470
f 742/1471/470 711/1380/470 715/1318/470 744/1472/470
f 746/1474/470 745/1475/470 748/1476/470 747/1477/470
f 742/1471/481 746/1474/481 747/1477/481 714/1469/481
f 744/1478/465 745/1479/465 746/1480/465 742/1481/465
f 718/1482/483 748/1483/483 745/1484/483 744/1485/483
usemtl Leg.FL.001_MAT
f 797/1486/484 749/1487/484 750/1488/485 798/1489/485
f 798/1489/485 750/1488/485 751/1490/486 799/1491/486
f 799/1491/486 751/1490/486 752/1492/487 800/1493/487
f 800/1493/487 752/1492/487 753/1494/488 801/1495/488
f 801/1496/488 753/1497/488 754/1498/489 802/1499/489
f 802/1499/489 754/1498/489 755/1500/490 803/1501/491
f 803/1501/491 755/1500/490 756/1502/492 804/1503/492
f 804/1503/492 756/1502/492 757/1504/493 805/1505/493
f 805/1506/493 757/1507/493 758/1508/494 806/1509/494
f 806/1509/494 758/1508/494 759/1510/495 807/1511/495
f 807/1511/495 759/1510/495 760/1512/496 808/1513/497
f 808/1513/497 760/1512/496 761/1514/498 809/1515/498
f 809/1516/498 761/1517/498 762/1518/499 810/1519/499
f 810/1519/499 762/1518/499 763/1520/500 811/1521/500
f 764/1522/501 763/1523/502 779/1524/502 780/1525/501
f 811/1521/500 763/1520/500 764/1526/503 812/1527/503
f 812/1527/503 764/1526/503 749/1528/484 797/1529/484
f 903/1530/503 812/1527/503 797/1529/484 877/1531/484
f 777/1532/504 776/1533/505 792/1534/505 793/1535/504
f 752/1536/506 751/1537/507 767/1538/507 768/1539/506
f 757/1540/508 756/1541/509 772/1542/509 773/1543/508
f 750/1544/510 749/1545/511 766/1546/511 765/1547/510
f 762/1548/512 761/1549/513 777/1532/513 778/1550/512
f 755/1551/514 754/1552/515 770/1553/515 771/1554/514
f 760/1555/516 759/1556/517 775/1557/517 776/1533/516
f 749/1545/511 764/1522/501 780/1525/501 766/1546/511
f 753/1558/518 752/1536/506 768/1539/506 769/1559/518
f 758/1560/519 757/1540/508 773/1543/508 774/1561/519
f 763/1523/502 762/1548/512 778/1550/512 779/1524/502
f 751/1537/507 750/1544/510 765/1547/510 767/1538/507
f 756/1541/509 755/1551/514 771/1554/514 772/1542/509
f 761/1549/513 760/1555/516 776/1533/516 777/1532/513
f 754/1552/515 753/1558/518 769/1559/518 770/1553/515
f 759/1556/517 758/1560/519 774/1561/519 775/1557/517
f 781/1562/467 782/1563/467 796/1564/467 795/1565/467 794/1566/467 793/1535/467 792/1534/467 791/1567/467 790/1568/467 789/1569/467 788/1570/467 787/1571/467 786/1572/467 785/1573/467 784/1574/467 783/1575/467
f 770/1553/520 769/1559/521 785/1573/521 786/1572/520
f 778/1550/522 777/1532/504 793/1535/504 794/1566/522
f 771/1576/523 770/1577/520 786/1578/520 787/1579/523
f 779/1580/524 778/1581/522 794/1582/522 795/1583/524
f 772/1542/525 771/1554/523 787/1571/523 788/1570/525
f 780/1525/526 779/1524/524 795/1565/524 796/1564/526
f 773/1543/527 772/1542/525 788/1570/525 789/1569/527
f 765/1547/528 766/1546/529 782/1563/529 781/1562/528
f 766/1546/529 780/1525/526 796/1564/526 782/1563/529
f 774/1561/530 773/1543/527 789/1569/527 790/1568/530
f 767/1584/531 765/1585/528 781/1586/528 783/1587/531
f 775/1588/532 774/1589/530 790/1590/530 791/1591/532
f 768/1539/533 767/1538/531 783/1575/531 784/1574/533
f 776/1533/505 775/1557/532 791/1567/532 792/1534/505
f 769/1559/521 768/1539/533 784/1574/533 785/1573/521
f 901/1592/500 811/1521/500 812/1527/503 903/1530/503
f 899/1593/499 810/1519/499 811/1521/500 901/1592/500
f 897/1594/498 809/1516/498 810/1519/499 899/1593/499
f 895/1595/534 808/1513/497 809/1515/498 897/1596/498
f 806/1597/535 807/1598/536 876/1599/537 815/1600/538
f 889/1601/539 803/1501/539 813/1602/539 956/1603/539
f 803/1604/540 804/1605/541 813/1606/542
f 807/1598/536 808/1607/543 876/1599/537
f 804/1605/541 805/1608/544 814/1609/544 813/1606/542
f 887/1610/489 802/1499/489 803/1501/491 889/1601/545
f 885/1611/488 801/1496/488 802/1499/489 887/1610/489
f 883/1612/487 800/1493/487 801/1495/488 885/1613/488
f 881/1614/486 799/1491/486 800/1493/487 883/1612/487
f 879/1615/485 798/1489/485 799/1491/486 881/1614/486
f 877/1616/484 797/1486/484 798/1489/485 879/1615/485
f 805/1608/544 806/1597/535 815/1600/538 814/1609/544
f 808/1617/546 895/1618/546 978/1619/546 876/1620/546
f 813/1621/547 816/1622/548 817/1623/549 864/1624/549
f 864/1624/549 817/1623/549 818/1625/550 865/1626/550
f 865/1627/550 818/1628/550 819/1629/551 866/1630/551
f 866/1630/551 819/1629/551 820/1631/552 867/1632/552
f 867/1632/552 820/1631/552 821/1633/553 868/1634/553
f 868/1634/553 821/1633/553 822/1635/554 869/1636/554
f 869/1637/554 822/1638/554 823/1639/555 870/1640/555
f 870/1640/555 823/1639/555 824/1641/556 871/1642/556
f 871/1642/556 824/1641/556 825/1643/557 872/1644/557
f 872/1644/557 825/1643/557 826/1645/558 873/1646/558
f 873/1647/558 826/1648/558 827/1649/559 874/1650/559
f 874/1650/559 827/1649/559 828/1651/560 875/1652/560
f 875/1652/560 828/1651/560 829/1653/561 876/1620/562
f 876/1620/562 829/1653/561 830/1654/563 815/1655/563
f 831/1656/564 830/1657/565 846/1658/565 847/1659/564
f 815/1660/563 830/1661/563 831/1662/566 814/1663/566
f 814/1663/566 831/1662/566 816/1622/548 813/1621/547
f 844/1664/241 843/1665/567 859/1666/567 860/1667/241
f 819/1668/568 818/1669/569 834/1670/569 835/1671/568
f 824/1672/570 823/1673/571 839/1674/571 840/1675/570
f 817/1676/572 816/1677/573 833/1678/573 832/1679/572
f 829/1680/574 828/1681/575 844/1682/575 845/1683/574
f 822/1684/576 821/1685/577 837/1686/577 838/1687/576
f 827/1688/578 826/1689/579 842/1690/579 843/1691/578
f 816/1677/573 831/1656/564 847/1659/564 833/1678/573
f 820/1692/580 819/1668/568 835/1671/568 836/1693/580
f 825/1694/581 824/1672/570 840/1675/570 841/1695/581
f 830/1657/565 829/1680/574 845/1683/574 846/1658/565
f 818/1669/569 817/1676/572 832/1679/572 834/1670/569
f 823/1673/571 822/1684/576 838/1687/576 839/1674/571
f 828/1681/575 827/1688/578 843/1691/578 844/1682/575
f 821/1685/577 820/1692/580 836/1693/580 837/1686/577
f 826/1689/579 825/1694/581 841/1695/581 842/1690/579
f 848/1696/467 849/1697/467 863/1698/467 862/1699/467 861/1700/467 860/1701/467 859/1702/467 858/1703/467 857/1704/467 856/1705/467 855/1706/467 854/1707/467 853/1708/467 852/1709/467 851/1710/467 850/1711/467
f 837/1712/582 836/1713/583 852/1714/583 853/1715/582
f 845/1716/584 844/1664/241 860/1667/241 861/1717/584
f 838/1687/585 837/1686/582 853/1708/582 854/1707/585
f 846/1658/586 845/1683/584 861/1700/584 862/1699/586
f 839/1674/587 838/1687/585 854/1707/585 855/1706/587
f 847/1659/588 846/1658/586 862/1699/586 863/1698/588
f 840/1718/589 839/1719/587 855/1720/587 856/1721/589
f 832/1722/590 833/1723/591 849/1724/591 848/1725/590
f 833/1723/591 847/1726/588 863/1727/588 849/1724/591
f 841/1728/592 840/1718/589 856/1721/589 857/1729/592
f 834/1670/593 832/1679/590 848/1696/590 850/1711/593
f 842/1690/594 841/1695/592 857/1704/592 858/1703/594
f 835/1671/595 834/1670/593 850/1711/593 851/1710/595
f 843/1691/567 842/1690/594 858/1703/594 859/1702/567
f 836/1713/583 835/1730/595 851/1731/595 852/1714/583
f 976/1732/560 875/1652/560 876/1620/562 978/1619/596
f 974/1733/559 874/1650/559 875/1652/560 976/1732/560
f 870/1640/555 871/1642/556 1027/1734/556 1028/1735/555
f 966/1736/553 868/1634/553 869/1636/554 968/1737/554
f 964/1738/552 867/1632/552 868/1634/553 966/1736/553
f 962/1739/551 866/1630/551 867/1632/552 964/1738/552
f 960/1740/550 865/1627/550 866/1630/551 962/1739/551
f 958/1741/549 864/1624/549 865/1626/550 960/1742/550
f 956/1743/597 813/1621/547 864/1624/549 958/1741/549
f 869/1637/554 870/1640/555 1028/1735/555 968/1744/554
f 974/1733/559 1029/1745/558 873/1647/558 874/1650/559
f 872/1644/557 873/1646/558 1029/1746/558 1030/1747/557
f 871/1642/556 872/1644/557 1030/1747/557 1027/1734/556
f 937/1748/484 938/1749/485 880/1750/485 878/1751/484
f 938/1749/485 939/1752/486 882/1753/486 880/1750/485
f 939/1752/486 940/1754/487 884/1755/487 882/1753/486
f 940/1754/487 941/1756/488 886/1757/488 884/1755/487
f 941/1758/488 942/1759/489 888/1760/489 886/1761/488
f 942/1759/489 943/1762/491 890/1763/490 888/1760/489
f 943/1762/491 944/1764/492 891/1765/492 890/1763/490
f 944/1764/492 945/1766/493 892/1767/493 891/1765/492
f 945/1768/493 946/1769/494 893/1770/494 892/1771/493
f 946/1769/494 947/1772/495 894/1773/495 893/1770/494
f 947/1772/495 948/1774/497 896/1775/496 894/1773/495
f 948/1774/497 949/1776/498 898/1777/498 896/1775/496
f 949/1778/498 950/1779/499 900/1780/499 898/1781/498
f 950/1779/499 951/1782/500 902/1783/500 900/1780/499
f 904/1784/598 920/1785/598 919/1786/599 902/1787/599
f 951/1782/500 952/1788/503 904/1789/503 902/1783/500
f 952/1788/503 937/1790/484 878/1791/484 904/1789/503
f 903/1530/503 877/1531/484 937/1790/484 952/1788/503
f 917/1792/600 933/1793/600 932/1794/601 916/1795/601
f 884/1796/602 908/1797/602 907/1798/603 882/1799/603
f 892/1800/604 913/1801/604 912/1802/605 891/1803/605
f 880/1804/606 905/1805/606 906/1806/607 878/1807/607
f 900/1808/608 918/1809/608 917/1792/609 898/1810/609
f 890/1811/610 911/1812/610 910/1813/611 888/1814/611
f 896/1815/612 916/1795/612 915/1816/613 894/1817/613
f 878/1807/607 906/1806/607 920/1785/598 904/1784/598
f 886/1818/614 909/1819/614 908/1797/602 884/1796/602
f 893/1820/615 914/1821/615 913/1801/604 892/1800/604
f 902/1787/599 919/1786/599 918/1809/608 900/1808/608
f 882/1799/603 907/1798/603 905/1805/606 880/1804/606
f 891/1803/605 912/1802/605 911/1812/610 890/1811/610
f 898/1810/609 917/1792/609 916/1795/612 896/1815/612
f 888/1814/611 910/1813/611 909/1819/614 886/1818/614
f 894/1817/613 915/1816/613 914/1821/615 893/1820/615
f 921/1822/473 923/1823/473 924/1824/473 925/1825/473 926/1826/473 927/1827/473 928/1828/473 929/1829/473 930/1830/473 931/1831/473 932/1794/473 933/1793/473 934/1832/473 935/1833/473 936/1834/473 922/1835/473
f 910/1813/616 926/1826/617 925/1825/618 909/1819/618
f 918/1809/619 934/1832/619 933/1793/600 917/1792/600
f 911/1836/620 927/1837/620 926/1838/617 910/1839/616
f 919/1840/621 935/1841/621 934/1842/619 918/1843/619
f 912/1802/622 928/1828/622 927/1827/620 911/1812/620
f 920/1785/623 936/1834/623 935/1833/621 919/1786/621
f 913/1801/624 929/1829/624 928/1828/622 912/1802/622
f 905/1805/625 921/1822/625 922/1835/626 906/1806/626
f 906/1806/626 922/1835/626 936/1834/623 920/1785/623
f 914/1821/627 930/1830/627 929/1829/624 913/1801/624
f 907/1844/628 923/1845/628 921/1846/625 905/1847/625
f 915/1848/629 931/1849/629 930/1850/627 914/1851/627
f 908/1797/630 924/1824/630 923/1823/628 907/1798/628
f 916/1795/601 932/1794/601 931/1831/629 915/1816/629
f 909/1819/618 925/1825/618 924/1824/630 908/1797/630
f 901/1592/500 903/1530/503 952/1788/503 951/1782/500
f 899/1593/499 901/1592/500 951/1782/500 950/1779/499
f 897/1594/498 899/1593/499 950/1779/499 949/1778/498
f 895/1595/534 897/1596/498 949/1776/498 948/1774/497
f 946/1852/631 955/1853/632 1026/1854/633 947/1855/634
f 889/1601/539 956/1603/539 953/1856/539 943/1762/539
f 943/1857/635 953/1858/636 944/1859/637
f 947/1855/634 1026/1854/633 948/1860/638
f 944/1859/637 953/1858/636 954/1861/639 945/1862/639
f 887/1610/489 889/1601/545 943/1762/491 942/1759/489
f 885/1611/488 887/1610/489 942/1759/489 941/1758/488
f 883/1612/487 885/1613/488 941/1756/488 940/1754/487
f 881/1614/486 883/1612/487 940/1754/487 939/1752/486
f 879/1615/485 881/1614/486 939/1752/486 938/1749/485
f 877/1616/484 879/1615/485 938/1749/485 937/1748/484
f 945/1862/639 954/1861/639 955/1853/632 946/1852/631
f 948/1863/546 1026/1864/546 978/1619/546 895/1618/546
f 953/1865/547 1014/1866/549 959/1867/549 957/1868/548
f 1014/1866/549 1015/1869/550 961/1870/550 959/1867/549
f 1015/1871/550 1016/1872/551 963/1873/551 961/1874/550
f 1016/1872/551 1017/1875/552 965/1876/552 963/1873/551
f 1017/1875/552 1018/1877/553 967/1878/553 965/1876/552
f 1018/1877/553 1019/1879/554 969/1880/554 967/1878/553
f 1019/1881/554 1020/1882/555 970/1883/555 969/1884/554
f 1020/1882/555 1021/1885/556 971/1886/556 970/1883/555
f 1021/1885/556 1022/1887/557 972/1888/557 971/1886/556
f 1022/1887/557 1023/1889/558 973/1890/558 972/1888/557
f 1023/1891/558 1024/1892/559 975/1893/559 973/1894/558
f 1024/1892/559 1025/1895/560 977/1896/560 975/1893/559
f 1025/1895/560 1026/1864/562 979/1897/561 977/1896/560
f 1026/1864/562 955/1898/563 980/1899/563 979/1897/561
f 981/1900/640 997/1901/640 996/1902/641 980/1903/641
f 955/1904/563 954/1905/566 981/1906/566 980/1907/563
f 954/1905/566 953/1865/547 957/1868/548 981/1906/566
f 994/1908/642 1010/1909/642 1009/1910/643 993/1911/643
f 963/1912/644 985/1913/644 984/1914/645 961/1915/645
f 971/1916/646 990/1917/646 989/1918/647 970/1919/647
f 959/1920/648 982/1921/648 983/1922/649 957/1923/649
f 979/1924/650 995/1925/650 994/1926/651 977/1927/651
f 969/1928/652 988/1929/652 987/1930/653 967/1931/653
f 975/1932/654 993/1933/654 992/1934/655 973/1935/655
f 957/1923/649 983/1922/649 997/1901/640 981/1900/640
f 965/1936/656 986/1937/656 985/1913/644 963/1912/644
f 972/1938/657 991/1939/657 990/1917/646 971/1916/646
f 980/1903/641 996/1902/641 995/1925/650 979/1924/650
f 961/1915/645 984/1914/645 982/1921/648 959/1920/648
f 970/1919/647 989/1918/647 988/1929/652 969/1928/652
f 977/1927/651 994/1926/651 993/1933/654 975/1932/654
f 967/1931/653 987/1930/653 986/1937/656 965/1936/656
f 973/1935/655 992/1934/655 991/1939/657 972/1938/657
f 998/1940/473 1000/1941/473 1001/1942/473 1002/1943/473 1003/1944/473 1004/1945/473 1005/1946/473 1006/1947/473 1007/1948/473 1008/1949/473 1009/1950/473 1010/1951/473 1011/1952/473 1012/1953/473 1013/1954/473 999/1955/473
f 987/1956/658 1003/1957/658 1002/1958/183 986/1959/183
f 995/1960/659 1011/1961/659 1010/1909/642 994/1908/642
f 988/1929/660 1004/1945/660 1003/1944/658 987/1930/658
f 996/1902/661 1012/1953/661 1011/1952/659 995/1925/659
f 989/1918/662 1005/1946/662 1004/1945/660 988/1929/660
f 997/1901/663 1013/1954/663 1012/1953/661 996/1902/661
f 990/1962/664 1006/1963/664 1005/1964/662 989/1965/662
f 982/1966/665 998/1967/665 999/1968/666 983/1969/666
f 983/1969/666 999/1968/666 1013/1970/663 997/1971/663
f 991/1972/667 1007/1973/667 1006/1963/664 990/1962/664
f 984/1914/668 1000/1941/668 998/1940/665 982/1921/665
f 992/1934/669 1008/1949/669 1007/1948/667 991/1939/667
f 985/1913/670 1001/1942/670 1000/1941/668 984/1914/668
f 993/1933/643 1009/1950/643 1008/1949/669 992/1934/669
f 986/1959/183 1002/1958/183 1001/1974/670 985/1975/670
f 976/1732/560 978/1619/596 1026/1864/562 1025/1895/560
f 974/1733/559 976/1732/560 1025/1895/560 1024/1892/559
f 1020/1882/555 1028/1735/555 1027/1734/556 1021/1885/556
f 966/1736/553 968/1737/554 1019/1879/554 1018/1877/553
f 964/1738/552 966/1736/553 1018/1877/553 1017/1875/552
f 962/1739/551 964/1738/552 1017/1875/552 1016/1872/551
f 960/1740/550 962/1739/551 1016/1872/551 1015/1871/550
f 958/1741/549 960/1742/550 1015/1869/550 1014/1866/549
f 956/1743/597 958/1741/549 1014/1866/549 953/1865/547
f 1019/1881/554 968/1744/554 1028/1735/555 1020/1882/555
f 974/1733/559 1024/1892/559 1023/1891/558 1029/1745/558
f 1022/1887/557 1030/1747/557 1029/1746/558 1023/1889/558
f 1021/1885/556 1027/1734/556 1030/1747/557 1022/1887/557
usemtl Leg.FL.002_MAT
f 1031/1976/671 1032/1977/671 1034/1978/672 1033/1979/673
f 1033/1980/673 1034/1981/672 1036/1982/674 1035/1983/675
f 1035/1983/675 1036/1982/674 1038/1984/676 1037/1985/677
f 1037/1985/677 1038/1984/676 1040/1986/678 1039/1987/679
f 1039/1987/679 1040/1986/678 1042/1988/680 1041/1989/681
f 1041/1989/681 1042/1988/680 1044/1990/682 1043/1991/683
f 1043/1991/683 1044/1990/682 1046/1992/684 1045/1993/685
f 1045/1993/685 1046/1992/684 1048/1994/686 1047/1995/687
f 1047/1995/687 1048/1994/686 1050/1996/688 1049/1997/689
f 1049/1998/689 1050/1999/688 1052/2000/690 1051/2001/691
f 1051/2001/691 1052/2000/690 1054/2002/692 1053/2003/693
f 1053/2003/693 1054/2002/692 1056/2004/694 1055/2005/694
f 1040/2006/467 1038/2007/467 1061/2008/467 1062/2009/467
f 1057/2010/467 1058/2011/467 1032/2012/467
f 1050/2013/467 1048/2014/467 1066/2015/467 1067/2016/467
f 1042/2017/467 1040/2006/467 1062/2009/467 1063/2018/467
f 1034/2019/467 1032/2012/467 1058/2011/467 1059/2020/467
f 1052/2021/467 1050/2013/467 1067/2016/467 1068/2022/467
f 1044/2023/467 1042/2017/467 1063/2018/467 1064/2024/467
f 1036/2025/467 1034/2019/467 1059/2020/467 1060/2026/467
f 1054/2027/467 1052/2021/467 1068/2022/467 1069/2028/467
f 1046/2029/467 1044/2023/467 1064/2024/467 1065/2030/467
f 1038/2007/467 1036/2025/467 1060/2026/467 1061/2008/467
f 1056/2031/467 1054/2027/467 1069/2028/467 1070/2032/467
f 1048/2014/467 1046/2029/467 1065/2030/467 1066/2015/467
f 1031/2033/695 1033/2034/695 1035/2035/695 1037/2036/695 1039/2037/695 1041/2038/696 1078/2039/697 1088/2040/698
f 1163/2041/699 1031/1976/700 1088/2042/701 1179/2043/702
f 1072/2044/703 1082/2045/704 1074/2046/705
f 1074/2046/705 1082/2045/704 1083/2047/706 1073/2048/707
f 1073/2048/707 1083/2047/706 1084/2049/708 1071/2050/709
f 1071/2050/709 1084/2049/708 1085/2051/710 1075/2052/711
f 1075/2052/711 1085/2051/710 1086/2053/712 1076/2054/713
f 1076/2054/713 1086/2053/712 1087/2055/714 1077/2056/715
f 1077/2056/715 1087/2055/714 1088/2040/698 1078/2039/697
f 1041/2038/696 1043/2057/716 1045/2058/716 1047/2059/716 1049/2060/716 1051/2061/717 1079/2062/718 1078/2039/697
f 1053/2063/719 1055/2064/719 1081/2065/719 1080/2066/719 1079/2062/718 1051/2061/717
f 1074/2067/720 1073/2068/721 1178/2069/722 1180/2070/723
f 1082/2071/724 1072/2072/725 1181/2073/726 1165/2074/727
f 1072/2075/725 1074/2067/720 1180/2070/723 1181/2076/726
f 1080/2077/728 1081/2078/728 1164/2079/728 1177/2080/728
f 1088/2042/701 1087/2081/729 1176/2082/730 1179/2043/702
f 1073/2068/721 1071/2083/731 1175/2084/732 1178/2069/722
f 1079/2085/733 1080/2077/733 1177/2080/733 1174/2086/733
f 1087/2087/729 1086/2088/734 1173/2089/735 1176/2090/730
f 1071/2083/731 1075/2091/736 1168/2092/737 1175/2084/732
f 1078/2093/738 1079/2094/739 1174/2095/739 1172/2096/740
f 1086/2088/734 1085/2097/741 1171/2098/742 1173/2089/735
f 1077/2099/743 1078/2093/738 1172/2096/740 1170/2100/744
f 1085/2097/741 1084/2101/745 1169/2102/746 1171/2098/742
f 1076/2103/747 1077/2099/743 1170/2100/744 1167/2104/748
f 1084/2101/745 1083/2105/749 1166/2106/750 1169/2102/746
f 1075/2091/736 1076/2103/747 1167/2104/748 1168/2092/737
f 1083/2105/749 1082/2071/724 1165/2074/727 1166/2106/750
f 1055/2107/751 1056/2108/752 1070/2109/751
f 1055/2107/751 1070/2109/751 1183/2110/751 1182/2111/751
f 1055/2107/753 1182/2111/753 1164/2112/753 1081/2113/753
f 1163/2041/699 1184/2114/754 1031/1976/700
f 1031/1976/700 1184/2114/754 1057/2115/754 1032/1977/754
f 1188/2116/755 1093/2117/755 1101/2118/755 1206/2119/755
f 1060/2120/756 1059/2121/757 1186/2122/757 1187/2123/758 1091/2124/759
f 1095/2125/467 1091/2126/467 1100/2127/467 1103/2128/467
f 1096/2129/467 1094/2130/467 1102/2131/467 1104/2132/467
f 1091/2133/760 1187/2134/760 1200/2135/760 1100/2136/760
f 1068/2137/761 1067/2138/762 1093/2139/763 1188/2140/764 1189/2141/761
f 1089/2142/467 1095/2125/467 1103/2128/467 1097/2143/467
f 1092/2144/467 1096/2129/467 1104/2132/467 1098/2145/467
f 1069/2146/765 1068/2137/761 1189/2141/761 1190/2147/765
f 1059/2148/757 1058/2149/766 1185/2150/766 1186/2151/757
f 1090/2152/467 1089/2142/467 1097/2143/467 1099/2153/467
f 1058/2149/766 1057/2154/767 1184/2155/767 1185/2150/766
f 1070/2156/768 1069/2146/765 1190/2147/765 1183/2157/768
f 1066/2158/769 1065/2159/770 1096/2160/770 1092/2161/769
f 1062/2162/771 1061/2163/772 1095/2164/772 1089/2165/771
f 1065/2159/770 1064/2166/773 1094/2167/773 1096/2160/770
f 1061/2163/772 1060/2120/756 1091/2124/759 1095/2164/772
f 1064/2166/773 1063/2168/753 1090/2169/753 1094/2167/773
f 1067/2170/762 1066/2158/769 1092/2161/769 1093/2171/763
f 1063/2168/753 1062/2162/771 1089/2165/771 1090/2169/753
f 1099/2172/753 1097/2173/774 1201/2174/774 1202/2175/753
f 1101/2176/775 1098/2177/769 1205/2178/769 1206/2179/775
f 1102/2180/773 1099/2172/753 1202/2175/753 1203/2181/773
f 1103/2182/772 1100/2183/776 1200/2184/776 1199/2185/772
f 1104/2186/770 1102/2180/773 1203/2181/773 1204/2187/770
f 1097/2173/774 1103/2182/772 1199/2185/772 1201/2174/774
f 1098/2177/769 1104/2186/770 1204/2187/770 1205/2178/769
f 1094/2130/467 1090/2152/467 1099/2153/467 1102/2131/467
f 1093/2188/467 1092/2144/467 1098/2145/467 1101/2189/467
f 1105/2190/671 1107/2191/673 1108/2192/672 1106/2193/671
f 1107/2194/673 1109/2195/675 1110/2196/674 1108/2197/672
f 1109/2195/675 1111/2198/677 1112/2199/676 1110/2196/674
f 1111/2198/677 1113/2200/679 1114/2201/777 1112/2199/676
f 1113/2200/679 1115/2202/681 1116/2203/680 1114/2201/777
f 1115/2202/681 1117/2204/683 1118/2205/778 1116/2203/680
f 1117/2204/683 1119/2206/685 1120/2207/684 1118/2205/778
f 1119/2206/685 1121/2208/687 1122/2209/686 1120/2207/684
f 1121/2208/687 1123/2210/689 1124/2211/688 1122/2209/686
f 1123/2212/689 1125/2213/691 1126/2214/690 1124/2215/688
f 1125/2213/691 1127/2216/693 1128/2217/692 1126/2214/690
f 1127/2216/693 1129/2218/694 1130/2219/694 1128/2217/692
f 1114/2220/473 1136/2221/473 1135/2222/473 1112/2223/473
f 1131/2224/473 1106/2225/473 1132/2226/473
f 1124/2227/473 1141/2228/473 1140/2229/473 1122/2230/473
f 1116/2231/473 1137/2232/473 1136/2221/473 1114/2220/473
f 1108/2233/473 1133/2234/473 1132/2226/473 1106/2225/473
f 1126/2235/473 1142/2236/473 1141/2228/473 1124/2227/473
f 1118/2237/473 1138/2238/473 1137/2232/473 1116/2231/473
f 1110/2239/473 1134/2240/473 1133/2234/473 1108/2233/473
f 1128/2241/473 1143/2242/473 1142/2236/473 1126/2235/473
f 1120/2243/473 1139/2244/473 1138/2238/473 1118/2237/473
f 1112/2223/473 1135/2222/473 1134/2240/473 1110/2239/473
f 1130/2245/473 1144/2246/473 1143/2242/473 1128/2241/473
f 1122/2230/473 1140/2229/473 1139/2244/473 1120/2243/473
f 1105/2247/779 1162/2248/780 1152/2249/781 1115/2250/782 1113/2251/779 1111/2252/779 1109/2253/779 1107/2254/779
f 1163/2041/699 1179/2043/702 1162/2255/701 1105/2190/700
f 1146/2256/783 1148/2257/784 1156/2258/785
f 1148/2257/784 1147/2259/786 1157/2260/787 1156/2258/785
f 1147/2259/786 1145/2261/788 1158/2262/789 1157/2260/787
f 1145/2261/788 1149/2263/790 1159/2264/791 1158/2262/789
f 1149/2263/790 1150/2265/792 1160/2266/793 1159/2264/791
f 1150/2265/792 1151/2267/794 1161/2268/795 1160/2266/793
f 1151/2267/794 1152/2249/781 1162/2248/780 1161/2268/795
f 1115/2250/782 1152/2249/781 1153/2269/796 1125/2270/797 1123/2271/798 1121/2272/798 1119/2273/798 1117/2274/798
f 1127/2275/799 1125/2270/797 1153/2269/796 1154/2276/799 1155/2277/799 1129/2278/799
f 1148/2279/720 1180/2070/723 1178/2069/722 1147/2280/721
f 1156/2281/724 1165/2074/727 1181/2073/726 1146/2282/725
f 1146/2283/725 1181/2076/726 1180/2070/723 1148/2279/720
f 1154/2284/728 1177/2080/728 1164/2079/728 1155/2285/728
f 1162/2255/701 1179/2043/702 1176/2082/730 1161/2286/729
f 1147/2280/721 1178/2069/722 1175/2084/732 1145/2287/731
f 1153/2288/733 1174/2086/733 1177/2080/733 1154/2284/733
f 1161/2289/729 1176/2090/730 1173/2089/735 1160/2290/734
f 1145/2287/731 1175/2084/732 1168/2092/737 1149/2291/736
f 1152/2292/738 1172/2096/740 1174/2095/739 1153/2293/739
f 1160/2290/734 1173/2089/735 1171/2098/742 1159/2294/741
f 1151/2295/743 1170/2100/744 1172/2096/740 1152/2292/738
f 1159/2294/741 1171/2098/742 1169/2102/746 1158/2296/745
f 1150/2297/747 1167/2104/748 1170/2100/744 1151/2295/743
f 1158/2296/745 1169/2102/746 1166/2106/750 1157/2298/749
f 1149/2291/736 1168/2092/737 1167/2104/748 1150/2297/747
f 1157/2298/749 1166/2106/750 1165/2074/727 1156/2281/724
f 1129/2299/751 1144/2300/751 1130/2301/752
f 1129/2299/751 1182/2111/751 1183/2110/751 1144/2300/751
f 1129/2299/753 1155/2302/753 1164/2112/753 1182/2111/753
f 1163/2041/699 1105/2190/700 1184/2114/754
f 1105/2190/700 1106/2193/754 1131/2303/754 1184/2114/754
f 1188/2116/755 1206/2119/755 1211/2304/755 1195/2305/755
f 1134/2306/756 1193/2307/759 1187/2123/758 1186/2122/757 1133/2308/757
f 1197/2309/473 1213/2310/473 1210/2311/473 1193/2312/473
f 1198/2313/473 1214/2314/473 1212/2315/473 1196/2316/473
f 1193/2317/760 1210/2318/760 1200/2135/760 1187/2134/760
f 1142/2319/761 1189/2141/761 1188/2140/764 1195/2320/763 1141/2321/762
f 1191/2322/473 1207/2323/473 1213/2310/473 1197/2309/473
f 1194/2324/473 1208/2325/473 1214/2314/473 1198/2313/473
f 1143/2326/765 1190/2147/765 1189/2141/761 1142/2319/761
f 1133/2327/757 1186/2151/757 1185/2150/766 1132/2328/766
f 1192/2329/473 1209/2330/473 1207/2323/473 1191/2322/473
f 1132/2328/766 1185/2150/766 1184/2155/767 1131/2331/767
f 1144/2332/768 1183/2157/768 1190/2147/765 1143/2326/765
f 1140/2333/769 1194/2334/769 1198/2335/770 1139/2336/770
f 1136/2337/771 1191/2338/771 1197/2339/772 1135/2340/772
f 1139/2336/770 1198/2335/770 1196/2341/773 1138/2342/773
f 1135/2340/772 1197/2339/772 1193/2307/759 1134/2306/756
f 1138/2342/773 1196/2341/773 1192/2343/753 1137/2344/753
f 1141/2345/762 1195/2346/763 1194/2334/769 1140/2333/769
f 1137/2344/753 1192/2343/753 1191/2338/771 1136/2337/771
f 1209/2347/753 1202/2175/753 1201/2174/774 1207/2348/771
f 1211/2349/775 1206/2179/775 1205/2178/769 1208/2350/769
f 1212/2351/773 1203/2181/773 1202/2175/753 1209/2347/753
f 1213/2352/772 1199/2185/772 1200/2184/776 1210/2353/776
f 1214/2354/770 1204/2187/770 1203/2181/773 1212/2351/773
f 1207/2348/771 1201/2174/774 1199/2185/772 1213/2352/772
f 1208/2350/769 1205/2178/769 1204/2187/770 1214/2354/770
f 1196/2316/473 1212/2315/473 1209/2330/473 1192/2329/473
f 1195/2355/473 1211/2356/473 1208/2325/473 1194/2324/473
usemtl Leg.BR_MAT
f 67/110/62 69/111/62 95/112/62 94/113/62
f 99/114/63 65/115/63 88/116/63 104/117/63
f 64/118/64 65/119/64 63/120/64 62/121/64
f 62/122/65 63/123/65 97/124/65 96/125/65
f 98/126/66 64/127/66 62/128/66 96/129/66
f 65/130/67 99/131/67 97/132/67 63/133/67
f 65/119/64 64/118/64 74/134/64 88/135/64
f 64/136/68 98/137/68 105/138/68 74/139/68
f 108/140/69 90/141/69 71/142/69 112/143/69
f 88/135/64 74/134/64 75/144/64 90/145/64
f 77/146/70 78/147/70 79/148/70 82/149/70 76/150/70
f 70/151/66 113/152/66 117/153/66 72/154/66
f 90/145/64 75/144/64 70/155/64 71/156/64
f 75/157/71 109/158/71 113/152/71 70/151/71
f 112/143/67 71/142/67 73/159/67 116/160/67
f 71/156/64 70/155/64 72/161/64 73/162/64
f 66/163/66 68/164/66 75/157/66 74/165/66
f 77/166/66 66/163/66 74/165/66 105/167/66
f 68/164/66 78/168/66 109/158/66 75/157/66
f 78/168/66 77/166/66 105/167/66 109/158/66
f 81/169/64 83/170/64 86/171/64 87/172/64
f 66/173/72 77/174/72 76/175/72 80/176/72
f 78/168/73 68/164/73 81/177/73 79/178/73
f 68/179/64 66/180/64 80/181/64 83/170/64 81/169/64
f 80/182/74 76/183/74 82/184/74 83/185/74
f 86/186/75 84/187/75 85/188/75 87/189/75
f 83/190/76 82/191/76 84/192/76 86/193/76
f 82/149/70 79/148/70 85/194/70 84/195/70
f 79/196/77 81/197/77 87/198/77 85/199/77
f 67/200/67 89/201/67 104/202/67 88/203/67
f 91/204/67 69/205/67 90/141/67 108/140/67
f 69/205/67 67/200/67 88/203/67 90/141/67
f 89/201/67 91/204/67 108/140/67 104/202/67
f 93/206/67 94/207/67 95/208/67 92/209/67
f 89/201/78 67/200/78 94/207/78 93/206/78
f 91/210/79 89/211/79 93/212/79 92/213/79
f 69/214/80 91/215/80 92/216/80 95/217/80
f 107/218/79 140/219/79 141/220/79 111/221/79
f 99/114/63 104/117/63 134/222/63 103/223/63
f 102/224/70 100/225/70 101/226/70 103/227/70
f 100/228/65 96/125/65 97/124/65 101/229/65
f 98/126/66 96/129/66 100/230/66 102/231/66
f 103/232/67 101/233/67 97/132/67 99/131/67
f 103/227/70 134/234/70 120/235/70 102/224/70
f 102/236/68 120/237/68 105/138/68 98/137/68
f 108/140/69 112/143/69 115/238/69 136/239/69
f 134/234/70 136/240/70 121/241/70 120/235/70
f 123/242/64 122/243/64 128/244/64 125/245/64 124/246/64
f 114/247/66 118/248/66 117/153/66 113/152/66
f 136/240/70 115/249/70 114/250/70 121/241/70
f 121/251/71 114/247/71 113/152/71 109/158/71
f 112/143/67 116/160/67 119/252/67 115/238/67
f 115/249/70 119/253/70 118/254/70 114/250/70
f 106/255/66 120/256/66 121/251/66 110/257/66
f 123/258/66 105/167/66 120/256/66 106/255/66
f 110/257/66 121/251/66 109/158/66 124/259/66
f 124/259/66 109/158/66 105/167/66 123/258/66
f 127/260/70 133/261/70 132/262/70 129/263/70
f 106/264/72 126/265/72 122/266/72 123/267/72
f 124/259/73 125/268/73 127/269/73 110/257/73
f 110/270/70 127/260/70 129/263/70 126/271/70 106/272/70
f 126/273/74 129/274/74 128/275/74 122/276/74
f 132/277/81 133/278/81 131/279/81 130/280/81
f 129/281/76 132/282/76 130/283/76 128/284/76
f 128/244/64 130/285/64 131/286/64 125/245/64
f 125/287/77 131/288/77 133/289/77 127/290/77
f 107/291/67 134/292/67 104/202/67 135/293/67
f 137/294/67 108/140/67 136/239/67 111/295/67
f 111/295/67 136/239/67 134/292/67 107/291/67
f 135/293/67 104/202/67 108/140/67 137/294/67
f 139/296/67 138/297/67 141/298/67 140/299/67
f 135/293/78 139/296/78 140/299/78 107/291/78
f 137/300/62 138/301/62 139/302/62 135/303/62
f 111/304/82 141/305/82 138/306/82 137/307/82
usemtl Leg.BR.001_MAT
f 190/308/83 142/309/83 143/310/84 191/311/84
f 191/311/84 143/310/84 144/312/85 192/313/85
f 192/313/85 144/312/85 145/314/86 193/315/86
f 193/315/86 145/314/86 146/316/87 194/317/87
f 194/318/87 146/319/87 147/320/88 195/321/88
f 195/321/88 147/320/88 148/322/89 196/323/90
f 196/323/90 148/322/89 149/324/91 197/325/91
f 197/325/91 149/324/91 150/326/92 198/327/92
f 198/328/92 150/329/92 151/330/93 199/331/93
f 199/331/93 151/330/93 152/332/94 200/333/94
f 200/333/94 152/332/94 153/334/95 201/335/96
f 201/335/96 153/334/95 154/336/97 202/337/97
f 202/338/97 154/339/97 155/340/98 203/341/98
f 203/341/98 155/340/98 156/342/99 204/343/99
f 157/344/100 156/345/101 172/346/101 173/347/100
f 204/343/99 156/342/99 157/348/102 205/349/102
f 205/349/102 157/348/102 142/350/83 190/351/83
f 296/352/102 205/349/102 190/351/83 270/353/83
f 170/354/103 169/355/104 185/356/104 186/357/103
f 145/358/105 144/359/106 160/360/106 161/361/105
f 150/362/107 149/363/108 165/364/108 166/365/107
f 143/366/109 142/367/110 159/368/110 158/369/109
f 155/370/111 154/371/112 170/354/112 171/372/111
f 148/373/113 147/374/114 163/375/114 164/376/113
f 153/377/115 152/378/116 168/379/116 169/355/115
f 142/367/110 157/344/100 173/347/100 159/368/110
f 146/380/117 145/358/105 161/361/105 162/381/117
f 151/382/118 150/362/107 166/365/107 167/383/118
f 156/345/101 155/370/111 171/372/111 172/346/101
f 144/359/106 143/366/109 158/369/109 160/360/106
f 149/363/108 148/373/113 164/376/113 165/364/108
f 154/371/112 153/377/115 169/355/115 170/354/112
f 147/374/114 146/380/117 162/381/117 163/375/114
f 152/378/116 151/382/118 167/383/118 168/379/116
f 174/384/64 175/385/64 189/386/64 188/387/64 187/388/64 186/357/64 185/356/64 184/389/64 183/390/64 182/391/64 181/392/64 180/393/64 179/394/64 178/395/64 177/396/64 176/397/64
f 163/375/119 162/381/120 178/395/120 179/394/119
f 171/372/121 170/354/103 186/357/103 187/388/121
f 164/398/122 163/399/119 179/400/119 180/401/122
f 172/402/123 171/403/121 187/404/121 188/405/123
f 165/364/124 164/376/122 180/393/122 181/392/124
f 173/347/125 172/346/123 188/387/123 189/386/125
f 166/365/126 165/364/124 181/392/124 182/391/126
f 158/369/127 159/368/128 175/385/128 174/384/127
f 159/368/128 173/347/125 189/386/125 175/385/128
f 167/383/129 166/365/126 182/391/126 183/390/129
f 160/406/130 158/407/127 174/408/127 176/409/130
f 168/410/131 167/411/129 183/412/129 184/413/131
f 161/361/132 160/360/130 176/397/130 177/396/132
f 169/355/104 168/379/131 184/389/131 185/356/104
f 162/381/120 161/361/132 177/396/132 178/395/120
f 294/414/99 204/343/99 205/349/102 296/352/102
f 292/415/98 203/341/98 204/343/99 294/414/99
f 290/416/97 202/338/97 203/341/98 292/415/98
f 288/417/133 201/335/96 202/337/97 290/418/97
f 199/419/134 200/420/135 269/421/136 208/422/137
f 282/423/138 196/323/138 206/424/138 349/425/138
f 196/426/139 197/427/140 206/428/141
f 200/420/135 201/429/142 269/421/136
f 197/427/140 198/430/143 207/431/143 206/428/141
f 280/432/88 195/321/88 196/323/90 282/423/144
f 278/433/87 194/318/87 195/321/88 280/432/88
f 276/434/86 193/315/86 194/317/87 278/435/87
f 274/436/85 192/313/85 193/315/86 276/434/86
f 272/437/84 191/311/84 192/313/85 274/436/85
f 270/438/83 190/308/83 191/311/84 272/437/84
f 198/430/143 199/419/134 208/422/137 207/431/143
f 201/439/145 288/440/145 371/441/145 269/442/145
f 206/443/146 209/444/147 210/445/148 257/446/148
f 257/446/148 210/445/148 211/447/149 258/448/149
f 258/449/149 211/450/149 212/451/150 259/452/150
f 259/452/150 212/451/150 213/453/151 260/454/151
f 260/454/151 213/453/151 214/455/152 261/456/152
f 261/456/152 214/455/152 215/457/153 262/458/153
f 262/459/153 215/460/153 216/461/154 263/462/154
f 263/462/154 216/461/154 217/463/155 264/464/155
f 264/464/155 217/463/155 218/465/156 265/466/156
f 265/466/156 218/465/156 219/467/157 266/468/157
f 266/469/157 219/470/157 220/471/158 267/472/158
f 267/472/158 220/471/158 221/473/159 268/474/159
f 268/474/159 221/473/159 222/475/160 269/442/161
f 269/442/161 222/475/160 223/476/162 208/477/162
f 224/478/163 223/479/164 239/480/164 240/481/163
f 208/482/162 223/483/162 224/484/165 207/485/165
f 207/485/165 224/484/165 209/444/147 206/443/146
f 237/486/166 236/487/167 252/488/167 253/489/166
f 212/490/168 211/491/169 227/492/169 228/493/168
f 217/494/170 216/495/171 232/496/171 233/497/170
f 210/498/172 209/499/173 226/500/173 225/501/172
f 222/502/174 221/503/175 237/504/175 238/505/174
f 215/506/176 214/507/177 230/508/177 231/509/176
f 220/510/178 219/511/179 235/512/179 236/513/178
f 209/499/173 224/478/163 240/481/163 226/500/173
f 213/514/180 212/490/168 228/493/168 229/515/180
f 218/516/181 217/494/170 233/497/170 234/517/181
f 223/479/164 222/502/174 238/505/174 239/480/164
f 211/491/169 210/498/172 225/501/172 227/492/169
f 216/495/171 215/506/176 231/509/176 232/496/171
f 221/503/175 220/510/178 236/513/178 237/504/175
f 214/507/177 213/514/180 229/515/180 230/508/177
f 219/511/179 218/516/181 234/517/181 235/512/179
f 241/518/64 242/519/64 256/520/64 255/521/64 254/522/64 253/523/64 252/524/64 251/525/64 250/526/64 249/527/64 248/528/64 247/529/64 246/530/64 245/531/64 244/532/64 243/533/64
f 230/534/182 229/535/183 245/536/183 246/537/182
f 238/538/184 237/486/166 253/489/166 254/539/184
f 231/509/185 230/508/182 246/530/182 247/529/185
f 239/480/186 238/505/184 254/522/184 255/521/186
f 232/496/187 231/509/185 247/529/185 248/528/187
f 240/481/188 239/480/186 255/521/186 256/520/188
f 233/540/189 232/541/187 248/542/187 249/543/189
f 225/544/190 226/545/191 242/546/191 241/547/190
f 226/545/191 240/548/188 256/549/188 242/546/191
f 234/550/192 233/540/189 249/543/189 250/551/192
f 227/492/193 225/501/190 241/518/190 243/533/193
f 235/512/194 234/517/192 250/526/192 251/525/194
f 228/493/195 227/492/193 243/533/193 244/532/195
f 236/513/167 235/512/194 251/525/194 252/524/167
f 229/535/183 228/552/195 244/553/195 245/536/183
f 369/554/159 268/474/159 269/442/161 371/441/196
f 367/555/158 267/472/158 268/474/159 369/554/159
f 263/462/154 264/464/155 420/556/155 421/557/154
f 359/558/152 261/456/152 262/458/153 361/559/153
f 357/560/151 260/454/151 261/456/152 359/558/152
f 355/561/150 259/452/150 260/454/151 357/560/151
f 353/562/149 258/449/149 259/452/150 355/561/150
f 351/563/148 257/446/148 258/448/149 353/564/149
f 349/565/197 206/443/146 257/446/148 351/563/148
f 262/459/153 263/462/154 421/557/154 361/566/153
f 367/555/158 422/567/157 266/469/157 267/472/158
f 265/466/156 266/468/157 422/568/157 423/569/156
f 264/464/155 265/466/156 423/569/156 420/556/155
f 330/570/83 331/571/84 273/572/84 271/573/83
f 331/571/84 332/574/85 275/575/85 273/572/84
f 332/574/85 333/576/86 277/577/86 275/575/85
f 333/576/86 334/578/87 279/579/87 277/577/86
f 334/580/87 335/581/88 281/582/88 279/583/87
f 335/581/88 336/584/90 283/585/89 281/582/88
f 336/584/90 337/586/91 284/587/91 283/585/89
f 337/586/91 338/588/92 285/589/92 284/587/91
f 338/590/92 339/591/93 286/592/93 285/593/92
f 339/591/93 340/594/94 287/595/94 286/592/93
f 340/594/94 341/596/96 289/597/95 287/595/94
f 341/596/96 342/598/97 291/599/97 289/597/95
f 342/600/97 343/601/98 293/602/98 291/603/97
f 343/601/98 344/604/99 295/605/99 293/602/98
f 297/606/198 313/607/198 312/608/199 295/609/199
f 344/604/99 345/610/102 297/611/102 295/605/99
f 345/610/102 330/612/83 271/613/83 297/611/102
f 296/352/102 270/353/83 330/612/83 345/610/102
f 310/614/200 326/615/200 325/616/201 309/617/201
f 277/618/202 301/619/202 300/620/203 275/621/203
f 285/622/204 306/623/204 305/624/205 284/625/205
f 273/626/206 298/627/206 299/628/207 271/629/207
f 293/630/208 311/631/208 310/614/209 291/632/209
f 283/633/210 304/634/210 303/635/211 281/636/211
f 289/637/212 309/617/212 308/638/213 287/639/213
f 271/629/207 299/628/207 313/607/198 297/606/198
f 279/640/214 302/641/214 301/619/202 277/618/202
f 286/642/215 307/643/215 306/623/204 285/622/204
f 295/609/199 312/608/199 311/631/208 293/630/208
f 275/621/203 300/620/203 298/627/206 273/626/206
f 284/625/205 305/624/205 304/634/210 283/633/210
f 291/632/209 310/614/209 309/617/212 289/637/212
f 281/636/211 303/635/211 302/641/214 279/640/214
f 287/639/213 308/638/213 307/643/215 286/642/215
f 314/644/70 316/645/70 317/646/70 318/647/70 319/648/70 320/649/70 321/650/70 322/651/70 323/652/70 324/653/70 325/616/70 326/615/70 327/654/70 328/655/70 329/656/70 315/657/70
f 303/635/216 319/648/216 318/647/217 302/641/217
f 311/631/218 327/654/218 326/615/200 310/614/200
f 304/658/219 320/659/219 319/660/216 303/661/216
f 312/662/220 328/663/220 327/664/218 311/665/218
f 305/624/221 321/650/221 320/649/219 304/634/219
f 313/607/222 329/656/222 328/655/220 312/608/220
f 306/623/223 322/651/223 321/650/221 305/624/221
f 298/627/224 314/644/224 315/657/225 299/628/225
f 299/628/225 315/657/225 329/656/222 313/607/222
f 307/643/226 323/652/226 322/651/223 306/623/223
f 300/666/227 316/667/227 314/668/224 298/669/224
f 308/670/228 324/671/228 323/672/226 307/673/226
f 301/619/229 317/646/229 316/645/227 300/620/227
f 309/617/201 325/616/201 324/653/228 308/638/228
f 302/641/217 318/647/217 317/646/229 301/619/229
f 294/414/99 296/352/102 345/610/102 344/604/99
f 292/415/98 294/414/99 344/604/99 343/601/98
f 290/416/97 292/415/98 343/601/98 342/600/97
f 288/417/133 290/418/97 342/598/97 341/596/96
f 339/674/230 348/675/231 419/676/232 340/677/233
f 282/423/138 349/425/138 346/678/138 336/584/138
f 336/679/234 346/680/235 337/681/236
f 340/677/233 419/676/232 341/682/237
f 337/681/236 346/680/235 347/683/238 338/684/238
f 280/432/88 282/423/144 336/584/90 335/581/88
f 278/433/87 280/432/88 335/581/88 334/580/87
f 276/434/86 278/435/87 334/578/87 333/576/86
f 274/436/85 276/434/86 333/576/86 332/574/85
f 272/437/84 274/436/85 332/574/85 331/571/84
f 270/438/83 272/437/84 331/571/84 330/570/83
f 338/684/238 347/683/238 348/675/231 339/674/230
f 341/685/145 419/686/145 371/441/145 288/440/145
f 346/687/146 407/688/148 352/689/148 350/690/147
f 407/688/148 408/691/149 354/692/149 352/689/148
f 408/693/149 409/694/150 356/695/150 354/696/149
f 409/694/150 410/697/151 358/698/151 356/695/150
f 410/697/151 411/699/152 360/700/152 358/698/151
f 411/699/152 412/701/153 362/702/153 360/700/152
f 412/703/153 413/704/154 363/705/154 362/706/153
f 413/704/154 414/707/155 364/708/155 363/705/154
f 414/707/155 415/709/156 365/710/156 364/708/155
f 415/709/156 416/711/157 366/712/157 365/710/156
f 416/713/157 417/714/158 368/715/158 366/716/157
f 417/714/158 418/717/159 370/718/159 368/715/158
f 418/717/159 419/686/161 372/719/160 370/718/159
f 419/686/161 348/720/162 373/721/162 372/719/160
f 374/722/239 390/723/239 389/724/240 373/725/240
f 348/726/162 347/727/165 374/728/165 373/729/162
f 347/727/165 346/687/146 350/690/147 374/728/165
f 387/730/241 403/731/241 402/732/242 386/733/242
f 356/734/243 378/735/243 377/736/244 354/737/244
f 364/738/245 383/739/245 382/740/246 363/741/246
f 352/742/247 375/743/247 376/744/248 350/745/248
f 372/746/249 388/747/249 387/748/250 370/749/250
f 362/750/251 381/751/251 380/752/252 360/753/252
f 368/754/253 386/755/253 385/756/254 366/757/254
f 350/745/248 376/744/248 390/723/239 374/722/239
f 358/758/255 379/759/255 378/735/243 356/734/243
f 365/760/256 384/761/256 383/739/245 364/738/245
f 373/725/240 389/724/240 388/747/249 372/746/249
f 354/737/244 377/736/244 375/743/247 352/742/247
f 363/741/246 382/740/246 381/751/251 362/750/251
f 370/749/250 387/748/250 386/755/253 368/754/253
f 360/753/252 380/752/252 379/759/255 358/758/255
f 366/757/254 385/756/254 384/761/256 365/760/256
f 391/762/70 393/763/70 394/764/70 395/765/70 396/766/70 397/767/70 398/768/70 399/769/70 400/770/70 401/771/70 402/772/70 403/773/70 404/774/70 405/775/70 406/776/70 392/777/70
f 380/778/257 396/779/257 395/780/258 379/781/258
f 388/782/259 404/783/259 403/731/241 387/730/241
f 381/751/260 397/767/260 396/766/257 380/752/257
f 389/724/261 405/775/261 404/774/259 388/747/259
f 382/740/262 398/768/262 397/767/260 381/751/260
f 390/723/263 406/776/263 405/775/261 389/724/261
f 383/784/264 399/785/264 398/786/262 382/787/262
f 375/788/265 391/789/265 392/790/266 376/791/266
f 376/791/266 392/790/266 406/792/263 390/793/263
f 384/794/267 400/795/267 399/785/264 383/784/264
f 377/736/268 393/763/268 391/762/265 375/743/265
f 385/756/269 401/771/269 400/770/267 384/761/267
f 378/735/270 394/764/270 393/763/268 377/736/268
f 386/755/242 402/772/242 401/771/269 385/756/269
f 379/781/258 395/780/258 394/796/270 378/797/270
f 369/554/159 371/441/196 419/686/161 418/717/159
f 367/555/158 369/554/159 418/717/159 417/714/158
f 413/704/154 421/557/154 420/556/155 414/707/155
f 359/558/152 361/559/153 412/701/153 411/699/152
f 357/560/151 359/558/152 411/699/152 410/697/151
f 355/561/150 357/560/151 410/697/151 409/694/150
f 353/562/149 355/561/150 409/694/150 408/693/149
f 351/563/148 353/564/149 408/691/149 407/688/148
f 349/565/197 351/563/148 407/688/148 346/687/146
f 412/703/153 361/566/153 421/557/154 413/704/154
f 367/555/158 417/714/158 416/713/157 422/567/157
f 415/709/156 423/569/156 422/568/157 416/711/157
f 414/707/155 420/556/155 423/569/156 415/709/156
usemtl Leg.BR.002_MAT
f 424/798/271 425/799/271 427/800/272 426/801/273
f 426/802/273 427/803/272 429/804/274 428/805/275
f 428/805/275 429/804/274 431/806/276 430/807/277
f 430/807/277 431/806/276 433/808/278 432/809/279
f 432/809/279 433/808/278 435/810/280 434/811/281
f 434/811/281 435/810/280 437/812/282 436/813/283
f 436/813/283 437/812/282 439/814/284 438/815/285
f 438/815/285 439/814/284 441/816/286 440/817/287
f 440/817/287 441/816/286 443/818/288 442/819/289
f 442/820/289 443/821/288 445/822/290 444/823/291
f 444/823/291 445/822/290 447/824/292 446/825/293
f 446/825/293 447/824/292 449/826/294 448/827/294
f 433/828/64 431/829/64 454/830/64 455/831/64
f 450/832/64 451/833/64 425/834/64
f 443/835/64 441/836/64 459/837/64 460/838/64
f 435/839/64 433/828/64 455/831/64 456/840/64
f 427/841/64 425/834/64 451/833/64 452/842/64
f 445/843/64 443/835/64 460/838/64 461/844/64
f 437/845/64 435/839/64 456/840/64 457/846/64
f 429/847/64 427/841/64 452/842/64 453/848/64
f 447/849/64 445/843/64 461/844/64 462/850/64
f 439/851/64 437/845/64 457/846/64 458/852/64
f 431/829/64 429/847/64 453/848/64 454/830/64
f 449/853/64 447/849/64 462/850/64 463/854/64
f 441/836/64 439/851/64 458/852/64 459/837/64
f 424/855/295 426/856/295 428/857/295 430/858/295 432/859/295 434/860/296 471/861/297 481/862/298
f 556/863/299 424/798/300 481/864/301 572/865/302
f 465/866/303 475/867/304 467/868/305
f 467/868/305 475/867/304 476/869/306 466/870/307
f 466/870/307 476/869/306 477/871/308 464/872/309
f 464/872/309 477/871/308 478/873/310 468/874/311
f 468/874/311 478/873/310 479/875/312 469/876/313
f 469/876/313 479/875/312 480/877/314 470/878/315
f 470/878/315 480/877/314 481/862/298 471/861/297
f 434/860/296 436/879/316 438/880/316 440/881/316 442/882/316 444/883/317 472/884/318 471/861/297
f 446/885/319 448/886/319 474/887/319 473/888/319 472/884/318 444/883/317
f 467/889/320 466/890/321 571/891/322 573/892/323
f 475/893/324 465/894/325 574/895/326 558/896/327
f 465/897/325 467/889/320 573/892/323 574/898/326
f 473/899/328 474/900/328 557/901/328 570/902/328
f 481/864/301 480/903/329 569/904/330 572/865/302
f 466/890/321 464/905/331 568/906/332 571/891/322
f 472/907/333 473/899/333 570/902/333 567/908/333
f 480/909/329 479/910/334 566/911/335 569/912/330
f 464/905/331 468/913/336 561/914/337 568/906/332
f 471/915/338 472/916/339 567/917/340 565/918/341
f 479/910/334 478/919/342 564/920/343 566/911/335
f 470/921/344 471/915/338 565/918/341 563/922/345
f 478/919/342 477/923/346 562/924/347 564/920/343
f 469/925/348 470/921/344 563/922/345 560/926/349
f 477/923/346 476/927/350 559/928/351 562/924/347
f 468/913/336 469/925/348 560/926/349 561/914/337
f 476/927/350 475/893/324 558/896/327 559/928/351
f 448/929/352 449/930/352 463/931/352
f 448/929/352 463/931/352 576/932/353 575/933/353
f 448/929/354 575/933/354 557/934/354 474/935/354
f 556/863/299 577/936/355 424/798/300
f 424/798/300 577/936/355 450/937/355 425/799/355
f 581/938/356 486/939/356 494/940/356 599/941/356
f 453/942/357 452/943/358 579/944/358 580/945/359 484/946/360
f 488/947/64 484/948/64 493/949/64 496/950/64
f 489/951/64 487/952/64 495/953/64 497/954/64
f 484/955/361 580/956/361 593/957/361 493/958/361
f 461/959/362 460/960/363 486/961/364 581/962/365 582/963/362
f 482/964/64 488/947/64 496/950/64 490/965/64
f 485/966/64 489/951/64 497/954/64 491/967/64
f 462/968/366 461/959/362 582/963/362 583/969/366
f 452/970/358 451/971/367 578/972/367 579/973/358
f 483/974/64 482/964/64 490/965/64 492/975/64
f 451/971/367 450/976/368 577/977/368 578/972/367
f 463/978/369 462/968/366 583/969/366 576/979/369
f 459/980/370 458/981/371 489/982/371 485/983/370
f 455/984/372 454/985/373 488/986/373 482/987/372
f 458/981/371 457/988/374 487/989/374 489/982/371
f 454/985/373 453/942/357 484/946/360 488/986/373
f 457/988/374 456/990/354 483/991/354 487/989/374
f 460/992/363 459/980/370 485/983/370 486/993/364
f 456/990/354 455/984/372 482/987/372 483/991/354
f 492/994/354 490/995/372 594/996/375 595/997/354
f 494/998/376 491/999/370 598/1000/370 599/1001/376
f 495/1002/374 492/994/354 595/997/354 596/1003/374
f 496/1004/373 493/1005/377 593/1006/377 592/1007/373
f 497/1008/371 495/1002/374 596/1003/374 597/1009/371
f 490/995/372 496/1004/373 592/1007/373 594/996/375
f 491/999/370 497/1008/371 597/1009/371 598/1000/370
f 487/952/64 483/974/64 492/975/64 495/953/64
f 486/1010/64 485/966/64 491/967/64 494/1011/64
f 498/1012/271 500/1013/273 501/1014/272 499/1015/271
f 500/1016/273 502/1017/275 503/1018/274 501/1019/272
f 502/1017/275 504/1020/277 505/1021/276 503/1018/274
f 504/1020/277 506/1022/279 507/1023/378 505/1021/276
f 506/1022/279 508/1024/281 509/1025/280 507/1023/378
f 508/1024/281 510/1026/283 511/1027/282 509/1025/280
f 510/1026/283 512/1028/285 513/1029/284 511/1027/282
f 512/1028/285 514/1030/287 515/1031/286 513/1029/284
f 514/1030/287 516/1032/289 517/1033/288 515/1031/286
f 516/1034/289 518/1035/291 519/1036/290 517/1037/288
f 518/1035/291 520/1038/293 521/1039/292 519/1036/290
f 520/1038/293 522/1040/294 523/1041/294 521/1039/292
f 507/1042/70 529/1043/70 528/1044/70 505/1045/70
f 524/1046/70 499/1047/70 525/1048/70
f 517/1049/70 534/1050/70 533/1051/70 515/1052/70
f 509/1053/70 530/1054/70 529/1043/70 507/1042/70
f 501/1055/70 526/1056/70 525/1048/70 499/1047/70
f 519/1057/70 535/1058/70 534/1050/70 517/1049/70
f 511/1059/70 531/1060/70 530/1054/70 509/1053/70
f 503/1061/70 527/1062/70 526/1056/70 501/1055/70
f 521/1063/70 536/1064/70 535/1058/70 519/1057/70
f 513/1065/70 532/1066/70 531/1060/70 511/1059/70
f 505/1045/70 528/1044/70 527/1062/70 503/1061/70
f 523/1067/70 537/1068/70 536/1064/70 521/1063/70
f 515/1052/70 533/1051/70 532/1066/70 513/1065/70
f 498/1069/379 555/1070/380 545/1071/381 508/1072/382 506/1073/379 504/1074/379 502/1075/379 500/1076/379
f 556/863/299 572/865/302 555/1077/301 498/1012/300
f 539/1078/383 541/1079/384 549/1080/385
f 541/1079/384 540/1081/386 550/1082/387 549/1080/385
f 540/1081/386 538/1083/388 551/1084/389 550/1082/387
f 538/1083/388 542/1085/390 552/1086/391 551/1084/389
f 542/1085/390 543/1087/392 553/1088/393 552/1086/391
f 543/1087/392 544/1089/394 554/1090/395 553/1088/393
f 544/1089/394 545/1071/381 555/1070/380 554/1090/395
f 508/1072/382 545/1071/381 546/1091/396 518/1092/397 516/1093/398 514/1094/398 512/1095/398 510/1096/398
f 520/1097/399 518/1092/397 546/1091/396 547/1098/399 548/1099/399 522/1100/399
f 541/1101/400 573/892/323 571/891/322 540/1102/321
f 549/1103/324 558/896/327 574/895/326 539/1104/325
f 539/1105/325 574/898/326 573/892/323 541/1101/400
f 547/1106/328 570/902/328 557/901/328 548/1107/328
f 555/1077/301 572/865/302 569/904/330 554/1108/329
f 540/1102/321 571/891/322 568/906/332 538/1109/331
f 546/1110/333 567/908/333 570/902/333 547/1106/333
f 554/1111/329 569/912/330 566/911/335 553/1112/334
f 538/1109/331 568/906/332 561/914/337 542/1113/336
f 545/1114/338 565/918/341 567/917/340 546/1115/340
f 553/1112/334 566/911/335 564/920/343 552/1116/401
f 544/1117/344 563/922/345 565/918/341 545/1114/338
f 552/1116/401 564/920/343 562/924/347 551/1118/346
f 543/1119/348 560/926/349 563/922/345 544/1117/344
f 551/1118/346 562/924/347 559/928/351 550/1120/350
f 542/1113/336 561/914/337 560/926/349 543/1119/348
f 550/1120/350 559/928/351 558/896/327 549/1103/324
f 522/1121/402 537/1122/353 523/1123/402
f 522/1121/402 575/933/353 576/932/353 537/1122/353
f 522/1121/354 548/1124/354 557/934/354 575/933/354
f 556/863/299 498/1012/300 577/936/355
f 498/1012/300 499/1015/355 524/1125/355 577/936/355
f 581/938/356 599/941/356 604/1126/356 588/1127/356
f 527/1128/357 586/1129/360 580/945/359 579/944/358 526/1130/358
f 590/1131/70 606/1132/70 603/1133/70 586/1134/70
f 591/1135/70 607/1136/70 605/1137/70 589/1138/70
f 586/1139/361 603/1140/361 593/957/361 580/956/361
f 535/1141/362 582/963/362 581/962/365 588/1142/364 534/1143/363
f 584/1144/70 600/1145/70 606/1132/70 590/1131/70
f 587/1146/70 601/1147/70 607/1136/70 591/1135/70
f 536/1148/366 583/969/366 582/963/362 535/1141/362
f 526/1149/358 579/973/358 578/972/367 525/1150/367
f 585/1151/70 602/1152/70 600/1145/70 584/1144/70
f 525/1150/367 578/972/367 577/977/368 524/1153/403
f 537/1154/369 576/979/369 583/969/366 536/1148/366
f 533/1155/370 587/1156/370 591/1157/371 532/1158/371
f 529/1159/372 584/1160/372 590/1161/373 528/1162/373
f 532/1158/371 591/1157/371 589/1163/374 531/1164/374
f 528/1162/373 590/1161/373 586/1129/360 527/1128/357
f 531/1164/374 589/1163/374 585/1165/354 530/1166/354
f 534/1167/363 588/1168/364 587/1156/370 533/1155/370
f 530/1166/354 585/1165/354 584/1160/372 529/1159/372
f 602/1169/354 595/997/354 594/996/375 600/1170/375
f 604/1171/376 599/1001/376 598/1000/370 601/1172/370
f 605/1173/374 596/1003/374 595/997/354 602/1169/354
f 606/1174/373 592/1007/373 593/1006/377 603/1175/377
f 607/1176/371 597/1009/371 596/1003/374 605/1173/374
f 600/1170/375 594/996/375 592/1007/373 606/1174/373
f 601/1172/370 598/1000/370 597/1009/371 607/1176/371
f 589/1138/70 605/1137/70 602/1152/70 585/1151/70
f 588/1177/70 604/1178/70 601/1147/70 587/1146/70
